instagram_username,profile_url,display_name,follower_count,follower_count_display,account_type,public_status,aoyama_signal,discovery_channel,source_account,aoyama_evidence,evidence_url,confidence,last_checked_at,adult_service_eligibility,dm_status,owner,notes
i_love_aogaku,https://www.instagram.com/i_love_aogaku/,青山学院学院連携本部,650,650,other,public,profile_explicit,hub_followers,agu.international_commons,表示名に青山学院学院連携本部と明記。プロフィールに学院連携本部職員が発信すると明記,https://www.instagram.com/i_love_aogaku/,A,2026-08-12,unknown,not_checked,,公開フォロワー一覧から遷移して画面確認。個別問い合わせには対応しない旨の記載あり
aogaku_kr,https://www.instagram.com/aogaku_kr/,青山学院大学韓国文化愛好会（韓国人学生会）,150,150,circle_official,public,profile_explicit,hub_followers,agu.international_commons,表示名とプロフィールに青山学院大学韓国文化愛好会および韓国人学生会の公式アカウントと明記,https://www.instagram.com/aogaku_kr/,A,2026-08-12,unknown,not_checked,,公開フォロワー一覧から遷移して画面確認
aogaku.csa,https://www.instagram.com/aogaku.csa/,青学中国留学生交流愛好会（学友会）,87,87,circle_official,public,profile_explicit,hub_followers,agu.international_commons,表示名とプロフィールに青山学院大学公認愛好団体・中国留学生交流愛好会と明記,https://www.instagram.com/aogaku.csa/,A,2026-08-12,unknown,not_checked,,公開フォロワー一覧から遷移して画面確認
savor.youth,https://www.instagram.com/savor.youth/,Savor Youth | AGU Authorized Intercultural Exchange Group,571,571,other,public,profile_explicit,hub_followers,agu.international_commons,表示名にAGU Authorized Intercultural Exchange Groupを明記。自己紹介にAGUを拠点とする国際学生コミュニティと明記,https://www.instagram.com/savor.youth/,A,2026-08-17,unknown,not_checked,,2026-08-17にInstagram公開プロフィールを再確認。個人学生ではなく団体アカウント
agu.sgm.gakusei,https://www.instagram.com/agu.sgm.gakusei/,青山学院大学相模原キャンパス学生生活課,942,942,other,public,profile_explicit,hub_followers,agu.international_commons,表示名に青山学院大学相模原キャンパス学生生活課を明記。課外活動や行事情報を発信,https://www.instagram.com/agu.sgm.gakusei/,A,2026-08-12,unknown,not_checked,,公開フォロワー一覧から遷移して画面確認。大学関連部署アカウント
agu_kobiken_2026,https://www.instagram.com/agu_kobiken_2026/,青山学院大学 古美術研究会,258,258,circle_official,public,profile_explicit,hub_followers,agu.international_commons,表示名とプロフィールに青山学院大学公認の古美術研究会と明記,https://www.instagram.com/agu_kobiken_2026/,A,2026-08-12,unknown,not_checked,,公開フォロワー一覧から遷移して画面確認。青学生のみと記載あり
hikari_agu,https://www.instagram.com/hikari_agu/,hikari_agu（表示名なし）,74,74,individual,public,ambiguous_context,hub_followers,agu.international_commons,公開フォロワー一覧でaguを含むユーザーネームを確認したがプロフィールに青学明記なし,https://www.instagram.com/hikari_agu/,C,2026-08-12,unknown,not_checked,,青学っぽさはユーザーネームのみ。個人アカウントで確度CのためDM対象外
2026_ess_126daily,https://www.instagram.com/2026_ess_126daily/,青山学院大学E.S.S. 126daily,496,496,circle_official,public,profile_explicit,circle_event,agu_ess,表示名に青山学院大学E.S.S.と明記しESS本体からの公開タグ付けを確認,https://www.instagram.com/2026_ess_126daily/,A,2026-08-12,unknown,not_checked,,ESS本体の公開投稿からプロフィールを画面確認
aoyama.photo.club.library,https://www.instagram.com/aoyama.photo.club.library/,青山学院大学 写研ライブラリー,138,138,circle_official,public,profile_explicit,circle_event,aoyama.photo.club,表示名と自己紹介に青山学院大学写真研究部の公式サブアカウントと明記,https://www.instagram.com/aoyama.photo.club.library/,A,2026-08-12,unknown,not_checked,,写真研究部メインプロフィールのリンクから公開プロフィールを画面確認
agu_ess_pss,https://www.instagram.com/agu_ess_pss/,青山学院大学ESS プロセク,160,160,circle_official,public,profile_explicit,hub_followers,aogaku_caps,表示名に青山学院大学ESSプロセクと明記しESS本体アカウントへのリンクを確認,https://www.instagram.com/agu_ess_pss/,A,2026-08-12,unknown,not_checked,,青学キャップスの公開フォロワー検索からプロフィールを画面確認
agu_nature,https://www.instagram.com/agu_nature/,青山学院大学 自然研究会,293,293,circle_official,public,profile_explicit,hub_followers,aogaku_caps,表示名に青山学院大学自然研究会と明記し自己紹介に大学公認部活動と記載,https://www.instagram.com/agu_nature/,A,2026-08-12,unknown,not_checked,,青学キャップスの公開フォロワー検索からプロフィールを画面確認
agu_peace_,https://www.instagram.com/agu_peace_/,青山学院大学バドミントンサークル Peace,907,907,circle_official,public,profile_explicit,keyword_search,,表示名とプロフィールに青山学院大学バドミントンサークルと明記,https://www.instagram.com/agu_peace_/,A,2026-08-17,unknown,not_checked,,公開プロフィールを画面確認。2026年度アカウント
agu_aile_badminton,https://www.instagram.com/agu_aile_badminton/,aile(エール/青学バドミントンサークル),139,139,circle_official,public,profile_explicit,keyword_search,,表示名と自己紹介に青学バドミントンサークルと明記。自己紹介では公認を目指している段階と説明,https://www.instagram.com/agu_aile_badminton/,A,2026-08-12,unknown,not_checked,,公開プロフィールを画面確認
clapet_aoyama,https://www.instagram.com/clapet_aoyama/,CLAPET 🎬 青学映画愛好会2025,347,347,circle_official,public,profile_explicit,keyword_search,,プロフィールに「青山学院大学公認 映画サークル CLAPET」と明記,https://www.instagram.com/clapet_aoyama/,A,2026-08-12,unknown,not_checked,,公開プロフィールを画面確認
aogaku_piccha,https://www.instagram.com/aogaku_piccha/,青学 ミニ写真サークル,54,54,circle_official,public,profile_explicit,keyword_search,,公開プロフィールの表示名に「青学 ミニ写真サークル」、プロフィールに「相模原キャンパスで活動中」と明記,https://www.instagram.com/aogaku_piccha/,A,2026-08-16,unknown,not_checked,,公開プロフィールを画面確認
__.m4l,https://www.instagram.com/__.m4l/,真衣,502,502,individual,public,profile_explicit,hub_followers,aoyama.hack,プロフィールに20と青山学院の表記があり青山ハックの公開フォロワーとして確認,https://www.instagram.com/__.m4l/,B,2026-08-12,unknown,not_checked,,大学名の表記は短く在学状況の詳細は未確認
yamagen_aoyama,https://www.instagram.com/yamagen_aoyama/,青山学院大学 山元ゼミ,76,76,circle_official,public,profile_explicit,keyword_search,,青山学院大学法学部の憲法ゼミとプロフィールに明記,https://www.instagram.com/yamagen_aoyama/,A,2026-08-12,unknown,not_checked,,公開プロフィールを画面確認
eric_seminar,https://www.instagram.com/eric_seminar/,青山学院大学エリックゼミ,1903,1903,circle_official,public,profile_explicit,keyword_search,,青山学院大学地球社会共生学部の松永エリックゼミとプロフィールに明記,https://www.instagram.com/eric_seminar/,A,2026-08-12,unknown,not_checked,,公開プロフィールを画面確認
kiyamaseminar,https://www.instagram.com/kiyamaseminar/,青山学院大学 木山ゼミ,236,236,circle_official,public,profile_explicit,keyword_search,,青山学院大学法学部税法ゼミとプロフィールに明記,https://www.instagram.com/kiyamaseminar/,A,2026-08-12,unknown,not_checked,,公開プロフィールを画面確認
aguwindbaton,https://www.instagram.com/aguwindbaton/,青山学院大学吹奏楽バトントワリング部,1878,1878,circle_official,public,profile_explicit,keyword_search,,青山学院大学吹奏楽バトントワリング部公式アカウントとプロフィールに明記,https://www.instagram.com/aguwindbaton/,A,2026-08-12,unknown,not_checked,,公開プロフィールを画面確認
agu_palan_insta,https://www.instagram.com/agu_palan_insta/,💙PALAN 青学K-POPダンス💙,1625,1625,circle_official,public,profile_explicit,keyword_search,,青山学院大学公認K-POPカバーダンスサークルとプロフィールに明記,https://www.instagram.com/agu_palan_insta/,A,2026-08-12,unknown,not_checked,,公開プロフィールを画面確認
agu.ballroom,https://www.instagram.com/agu.ballroom/,【公式】青山学院大学競技ダンス部2026,1034,1034,circle_official,public,profile_explicit,keyword_search,,青山学院大学体育会競技ダンス部公式アカウントとプロフィールに明記,https://www.instagram.com/agu.ballroom/,A,2026-08-12,unknown,not_checked,,公開プロフィールを画面確認
shukatsu_aogaku,https://www.instagram.com/shukatsu_aogaku/,青学就活ラボ 青山学院大学,1109,1109,student_media,public,profile_explicit,keyword_search,,表示名に青学就活ラボと青山学院大学を明記,https://www.instagram.com/shukatsu_aogaku/,A,2026-08-12,unknown,not_checked,,公開プロフィールを手動確認
agu_shuukatsu,https://www.instagram.com/agu_shuukatsu/,青学就活情報局,1331,1331,student_media,public,profile_explicit,keyword_search,,表示名とプロフィールに青学就活情報局を明記,https://www.instagram.com/agu_shuukatsu/,A,2026-08-12,unknown,not_checked,,公開プロフィールを手動確認
pr_agu_ocs_aoyama,https://www.instagram.com/pr_agu_ocs_aoyama/,青山学院大学オープンキャンパス学生スタッフ（OCS）,666,666,student_media,public,profile_explicit,keyword_search,,表示名と自己紹介に青山学院大学オープンキャンパス学生スタッフと明記,https://www.instagram.com/pr_agu_ocs_aoyama/,A,2026-08-12,unknown,not_checked,,青山キャンパス担当の公開学生スタッフ団体
zhuan.z.y,https://www.instagram.com/zhuan.z.y/,zhuan.z.y,7,7,individual,public,ambiguous_context,hub_followers,aogaku_tv,青学TVの公開フォロワーであることのみ確認し大学名の明記なし,https://www.instagram.com/zhuan.z.y/,C,2026-08-12,unknown,not_checked,,初回DM対象外 要本人プロフィール再確認
hibikiism,https://www.instagram.com/hibikiism/,Hibiki Tozawa,859,859,individual,public,profile_explicit,hub_followers,aogaku_tv,自己紹介にagu sipecとAASの所属表記があり青学TVの公開フォロワーとして確認,https://www.instagram.com/hibikiism/,B,2026-08-12,unknown,not_checked,,青学関連表記はあるが在学状況の詳細は未確認
ko_nske510,https://www.instagram.com/ko_nske510/,ko_nske510,2,2,individual,public,ambiguous_context,hub_followers,aogaku_tv,青学TVの公開フォロワーであることのみ確認し大学名の明記なし,https://www.instagram.com/ko_nske510/,C,2026-08-12,unknown,not_checked,,初回DM対象外 要本人プロフィール再確認
alx_0ya,https://www.instagram.com/alx_0ya/,alx_0ya,9,9,individual,public,ambiguous_context,hub_followers,aogaku_tv,青学TVの公開フォロワーであることのみ確認し大学名の明記なし,https://www.instagram.com/alx_0ya/,C,2026-08-12,unknown,not_checked,,初回DM対象外 要本人プロフィール再確認
ku.ro7959,https://www.instagram.com/ku.ro7959/,くろ,195,195,individual,public,ambiguous_context,hub_followers,aogaku_tv,青学TVの公開フォロワーであることのみ確認し大学名の明記なし,https://www.instagram.com/ku.ro7959/,C,2026-08-12,unknown,not_checked,,初回DM対象外 要本人プロフィール再確認
_s2_ask,https://www.instagram.com/_s2_ask/,_s2_ask,39,39,individual,public,ambiguous_context,hub_followers,agu_info,青学情報局の公開フォロワーであることのみ確認し大学名の明記なし,https://www.instagram.com/_s2_ask/,C,2026-08-11,unknown,not_checked,,初回DM対象外 要本人プロフィール再確認
ouji_s2,https://www.instagram.com/ouji_s2/,Ma_a,435,435,individual,public,ambiguous_context,hub_followers,agu_info,青学情報局の公開フォロワーであることのみ確認し大学名の明記なし,https://www.instagram.com/ouji_s2/,C,2026-08-11,unknown,not_checked,,初回DM対象外 要本人プロフィール再確認
kirari_25xx,https://www.instagram.com/kirari_25xx/,きらり,100,100,individual,public,ambiguous_context,hub_followers,agu_info,青学情報局の公開フォロワーであることのみ確認し大学名の明記なし,https://www.instagram.com/kirari_25xx/,C,2026-08-11,unknown,not_checked,,初回DM対象外 要本人プロフィール再確認
zm____1993,https://www.instagram.com/zm____1993/,ｲｽﾞみ,694,694,individual,public,ambiguous_context,hub_followers,agu_info,青学情報局の公開フォロワーであることのみ確認し大学名の明記なし,https://www.instagram.com/zm____1993/,C,2026-08-11,unknown,not_checked,,初回DM対象外 要本人プロフィール再確認
___.ly28,https://www.instagram.com/___.ly28/,璃音,304,304,individual,public,ambiguous_context,hub_followers,agu_info,青学情報局の公開フォロワーであることのみ確認し大学名の明記なし,https://www.instagram.com/___.ly28/,C,2026-08-11,unknown,not_checked,,初回DM対象外 要本人プロフィール再確認
miku.__.0312,https://www.instagram.com/miku.__.0312/,み く,71,71,individual,public,ambiguous_context,hub_followers,agu_info,青学情報局の公開フォロワーであることのみ確認し大学名の明記なし,https://www.instagram.com/miku.__.0312/,C,2026-08-11,unknown,not_checked,,初回DM対象外 要本人プロフィール再確認
kota7,https://www.instagram.com/kota7/,小林 巧汰 On Deck,772,772,individual,public,ambiguous_context,hub_followers,agu_info,青学情報局の公開フォロワーであることのみ確認し大学名の明記なし,https://www.instagram.com/kota7/,C,2026-08-11,unknown,not_checked,,初回DM対象外 要本人プロフィール再確認
hazuki_tty18,https://www.instagram.com/hazuki_tty18/,hazuki,262,262,individual,public,ambiguous_context,hub_followers,agu_info,青学情報局の公開フォロワーであることのみ確認し大学名の明記なし,https://www.instagram.com/hazuki_tty18/,C,2026-08-11,unknown,not_checked,,初回DM対象外 要本人プロフィール再確認
xnyqm_,https://www.instagram.com/xnyqm_/,ぽぇ,805,805,individual,public,ambiguous_context,hub_followers,agu_info,青学情報局の公開フォロワーであることのみ確認し大学名の明記なし,https://www.instagram.com/xnyqm_/,C,2026-08-11,unknown,not_checked,,初回DM対象外 要本人プロフィール再確認
lightning2019freshman,https://www.instagram.com/lightning2019freshman/,青山学院アメフト部新入生勧誘アカウント,199,199,circle_official,public,profile_explicit,keyword_search,,プロフィールに2019年青山学院大学アメリカンフットボール部の新入生勧誘アカウントと明記,https://www.instagram.com/lightning2019freshman/,A,2026-08-11,unknown,not_checked,,公開プロフィールを手動確認
akariii612,https://www.instagram.com/akariii612/,あかり,1554,1554,individual,public,ambiguous_context,hub_followers,aogaku__for_fresh,青学特化メディアの公開フォロワーであることのみ確認し大学名の明記なし,https://www.instagram.com/akariii612/,C,2026-08-11,unknown,not_checked,,初回DM対象外 要本人プロフィール再確認
tagen7,https://www.instagram.com/tagen7/,たげん,292,292,individual,public,ambiguous_context,hub_followers,aogaku__for_fresh,青学特化メディアの公開フォロワーであることのみ確認し大学名の明記なし,https://www.instagram.com/tagen7/,C,2026-08-11,unknown,not_checked,,初回DM対象外 要本人プロフィール再確認
issei_ekiden,https://www.instagram.com/issei_ekiden/,佐藤 一世,23000,2.3万,individual,public,ambiguous_context,hub_followers,aogaku__for_fresh,青学特化メディアの公開フォロワーであることのみ確認し大学名の明記なし,https://www.instagram.com/issei_ekiden/,C,2026-08-11,unknown,not_checked,,初回DM対象外 要本人プロフィール再確認
________154cm.xx,https://www.instagram.com/________154cm.xx/,________154cm.xx,466,466,individual,public,ambiguous_context,hub_followers,aogaku__for_fresh,青学特化メディアの公開フォロワーであることのみ確認し大学名の明記なし,https://www.instagram.com/________154cm.xx/,C,2026-08-11,unknown,not_checked,,初回DM対象外 要本人プロフィール再確認
tonton03181,https://www.instagram.com/tonton03181/,まー！！！！！！！！,2460,2460,individual,public,ambiguous_context,hub_followers,aogaku__for_fresh,青学特化メディアの公開フォロワーであることのみ確認し大学名の明記なし,https://www.instagram.com/tonton03181/,C,2026-08-11,unknown,not_checked,,初回DM対象外 要本人プロフィール再確認
s__n0422,https://www.instagram.com/s__n0422/,s__n0422,0,0,individual,public,ambiguous_context,hub_followers,fra_ao_,青学関連アカウントの公開フォロワーであることのみ確認し大学名の明記なし,https://www.instagram.com/s__n0422/,C,2026-08-11,unknown,not_checked,,初回DM対象外 要本人プロフィール再確認
in_y05.h,https://www.instagram.com/in_y05.h/,yuzuki,2281,2281,individual,public,ambiguous_context,hashtag,,Public post appeared in the #青学生と繋がりたい search results but the profile does not explicitly mention Aoyama Gakuin,https://www.instagram.com/p/DLe4N1HzxX1/,C,2026-08-11,unknown,not_checked,,Aoyama student status unconfirmed; keep as low-confidence candidate and exclude from initial DM queue
annpeach__,https://www.instagram.com/annpeach__/,ANN / アン,70000,7万,individual,public,profile_explicit,circle_event,fra_ao_,Public profile explicitly states 青山学院大学 and the account appears in 青学生関連の公開投稿,https://www.instagram.com/annpeach__/,A,2026-08-11,unknown,not_checked,,Public profile; age is not collected and service eligibility is unconfirmed so exclude from initial DM queue
osaya1130,https://www.instagram.com/osaya1130/,おさや,9767,9767,individual,public,profile_explicit,circle_event,fra_ao_,Public profile display name and bio include 04'青学 and the account appears in 青学生関連の公開投稿,https://www.instagram.com/osaya1130/,A,2026-08-11,unknown,not_checked,,Public profile; service eligibility is unconfirmed so exclude from initial DM queue
ayaka_344,https://www.instagram.com/ayaka_344/,あやか,9684,9684,individual,public,profile_explicit,circle_event,fra_ao_,Public bio explicitly states aoyama gakuin univ. and the account appears in 青学生関連の公開投稿,https://www.instagram.com/ayaka_344/,A,2026-08-11,unknown,not_checked,,Public profile; age is not collected and service eligibility is unconfirmed so exclude from initial DM queue
kawa_ao_,https://www.instagram.com/kawa_ao_/,かわあお,9831,9831,individual,public,ambiguous_context,circle_event,annpeach__,Public account repeatedly appears with 青学生関連 creators and the 青学生向け発信者 fra_ao_ but the profile itself does not state Aoyama Gakuin,https://www.instagram.com/kawa_ao_/,B,2026-08-11,unknown,not_checked,,Aoyama connection is relationship based and not explicit in the profile; exclude from initial DM queue
ehrlnm,https://www.instagram.com/ehrlnm/,erin,4094,4094,individual,public,ambiguous_context,circle_event,fra_ao_,Public account was tagged in a 青学生向け fra_ao_ post but the profile does not explicitly mention Aoyama Gakuin,https://www.instagram.com/fra_ao_/reel/Db21PklTIZs/,C,2026-08-11,unknown,not_checked,,Aoyama student status unconfirmed; keep as low-confidence candidate and exclude from initial DM queue
arir_nn,https://www.instagram.com/arir_nn/,ありさ,13,13,individual,public,ambiguous_context,circle_event,fra_ao_,Public account was tagged in a 青学生向け fra_ao_ post and links back to fra_ao_ but the profile has no explicit Aoyama signal,https://www.instagram.com/fra_ao_/reel/Db21PklTIZs/,C,2026-08-11,unknown,not_checked,,Aoyama student status unconfirmed; keep as low-confidence candidate and exclude from initial DM queue
mlllichan,https://www.instagram.com/mlllichan/,mizuki,103,103,individual,public,mention_or_tag,circle_event,fra_ao_,Public profile explicitly states 青山学院大学 and links to the 青学生向け fra_ao_ account,https://www.instagram.com/mlllichan/,B,2026-08-11,unknown,not_checked,,Public profile with no posts? account has public posts; service eligibility is unconfirmed so exclude from initial DM queue
rr_mt5111,https://www.instagram.com/rr_mt5111/,らら,54,54,individual,public,profile_explicit,circle_event,fra_ao_,Public profile explicitly states aoyama gakuin univ. and the account appears in 青学生関連の公開投稿,https://www.instagram.com/rr_mt5111/,A,2026-08-11,unknown,not_checked,,Public profile has no posts; service eligibility is unconfirmed so exclude from initial DM queue
sachandayo00,https://www.instagram.com/sachandayo00/,さちゃ,90,90,individual,public,profile_explicit,circle_event,fra_ao_,Public profile explicitly states aoyama gakuin univ. and public posts include 青学 and a university circle context,https://www.instagram.com/sachandayo00/,A,2026-08-11,unknown,not_checked,,Public profile; age is not collected and service eligibility is unconfirmed so exclude from initial DM queue
sorami_tanakask8,https://www.instagram.com/sorami_tanakask8/,Sorami Tanaka / 田中宙美,3632,3632,individual,public,profile_explicit,circle_event,fra_ao_,Public profile explicitly states 青山学院 and the account appears in 青学生関連の公開投稿,https://www.instagram.com/sorami_tanakask8/,A,2026-08-11,unknown,not_checked,,Profile states not to reply to personal DMs; do not DM
yura_.dairy,https://www.instagram.com/yura_.dairy/,ゆら,21,21,individual,public,profile_explicit,circle_event,fra_ao_,Public profile explicitly states Aoyama Gakuin Uni. and the account appeared among 青学生関連の公開 account recommendations,https://www.instagram.com/yura_.dairy/,A,2026-08-11,unknown,not_checked,,Public profile; age is not collected and service eligibility is unconfirmed so exclude from initial DM queue
azusa.ohta,https://www.instagram.com/azusa.ohta/,太田 明日咲,664,664,individual,public,profile_explicit,circle_event,fra_ao_,Public profile explicitly states 春から青山学院大学 and the account appeared among 青学生関連の公開 account recommendations,https://www.instagram.com/azusa.ohta/,A,2026-08-11,unknown,not_checked,,Public profile; age is not collected and service eligibility is unconfirmed so exclude from initial DM queue
ryunosuke._m,https://www.instagram.com/ryunosuke._m/,前川竜之将,2608,2608,individual,public,hashtag_post,hashtag,ekiden.agu,Official ekiden.agu post lists 前川竜之将 as a 青学大 athlete and the public profile display name matches exactly,https://www.instagram.com/p/DPGsPS9khmY/,B,2026-08-11,unknown,not_checked,,Public profile with no posts; current student and age are not confirmed so exclude from initial DM queue
yuma.hazemoto,https://www.instagram.com/yuma.hazemoto/,櫨元優馬,1844,1844,individual,public,profile_explicit,hashtag,ekiden.agu,Public profile identifies 青山学院大学 ekiden and the display name matches the official ekiden.agu athlete post,https://www.instagram.com/p/DPGsPS9khmY/,A,2026-08-11,unknown,not_checked,,Public athlete profile; age and current student status are not independently confirmed
liangshuruolin,https://www.instagram.com/liangshuruolin/,若林良樹,3,3,individual,public,hashtag_post,hashtag,ekiden.agu,Public profile display name exactly matches the athlete name listed in an official ekiden.agu post but identity is not otherwise confirmed,https://www.instagram.com/p/DPGsPS9khmY/,B,2026-08-11,unknown,not_checked,,Low follower count and no posts; treat as uncertain and exclude from initial DM queue
ryansu_wk,https://www.instagram.com/ryansu_wk/,若林 良樹,10000,1万,individual,public,profile_explicit,hashtag,ekiden.agu,Public profile identifies AGU駅伝 and the display name matches the official ekiden.agu athlete post,https://www.instagram.com/p/DPGsPS9khmY/,A,2026-08-11,unknown,not_checked,,Public current-looking athlete profile; age and current student status are not independently confirmed
tomok_i5800,https://www.instagram.com/tomok_i5800/,田中智稀,2613,2613,individual,public,profile_explicit,hashtag,ekiden.agu,Public profile identifies 青山学院 and the display name matches the official ekiden.agu athlete post,https://www.instagram.com/p/DPGsPS9khmY/,A,2026-08-11,unknown,not_checked,,Public athlete profile; age and current student status are not independently confirmed
yushin_215,https://www.instagram.com/yushin_215/,本宮 優心,2575,2575,individual,public,profile_explicit,hashtag,ekiden.agu,Public profile identifies 世羅 to 青山学院 and the display name matches the official ekiden.agu athlete post,https://www.instagram.com/p/DPGsPS9khmY/,A,2026-08-11,unknown,not_checked,,Public athlete profile; age and current student status are not independently confirmed
schna.luke,https://www.instagram.com/schna.luke/,石川 浩輝,14000,1.4万,individual,public,profile_explicit,hashtag,ekiden.agu,Public profile identifies 青山学院大学 and the display name matches the official ekiden.agu athlete post,https://www.instagram.com/p/DPGsPS9khmY/,A,2026-08-11,unknown,not_checked,,Public athlete profile; profile also shows a birth date and faculty but age eligibility is not inferred
qingmuling756,https://www.instagram.com/qingmuling756/,青木澪,0,0,individual,public,hashtag_post,hashtag,agu_sailingteam,Public profile display name exactly matches an agu_sailingteam member introduction but the profile has no posts and no other affiliation signal,https://www.instagram.com/p/DVQWs3iEv3Z/,B,2026-08-11,unknown,not_checked,,Uncertain identity with zero followers and no posts; exclude from initial DM queue
_ka6xu.nw,https://www.instagram.com/_ka6xu.nw/,かずま,921,921,individual,public,profile_explicit,hub_followers,aogaku_caps,Public profile identifies 青山学院法 and ASTRA所属,https://www.instagram.com/_ka6xu.nw/,A,2026-08-11,unknown,not_checked,,Public student-looking profile; age eligibility is unknown
ekiden.agu,https://www.instagram.com/ekiden.agu/,青山学院大学陸上競技部 長距離ブロック,122000,12.2万,circle_official,public,profile_explicit,hashtag,,Profile explicitly identifies the Aoyama Gakuin University Track and Field long-distance block,https://www.instagram.com/ekiden.agu/,A,2026-08-11,unknown,not_checked,,Official university athletics account
k.asahi_risingsun,https://www.instagram.com/k.asahi_risingsun/,Asahi Kuroda 黒田朝日,114000,11.4万,individual,public,hashtag_post,hashtag,ekiden.agu,Public athlete profile was surfaced from a #青学駅伝 post that references the Aoyama team; profile now lists GMO Internet Group so treat as alumnus or former student,https://www.instagram.com/p/DTHvlr7EVYu/,C,2026-08-11,unknown,not_checked,,Aoyama relation is plausible but current-student status is not supported; exclude from initial DM queue
agu_ctgv_virtual,https://www.instagram.com/agu_ctgv_virtual/,青山学院大学CTGVバーチャル支部,22,22,student_media,public,profile_explicit,hashtag,,Public profile explicitly says 青山学院大学CTGVバーチャル支部 and links to the official CTGV account,https://www.instagram.com/agu_ctgv_virtual/,A,2026-08-11,unknown,not_checked,,Official related student-organization account
ichiro_19610213,https://www.instagram.com/ichiro_19610213/,Ichiro,14,14,individual,public,hub_follower,hub_followers,aogaku__for_fresh,Public profile was surfaced in the follower search of the Aoyama new-student media account; no Aoyama statement in profile,https://www.instagram.com/aogaku__for_fresh/,C,2026-08-11,unknown,not_checked,,Ambiguous candidate; exclude from initial DM queue
member_sub111,https://www.instagram.com/member_sub111/,インカレサークルmemberサブ垢,600,600,circle_official,public,hub_follower,hub_followers,aogaku__for_fresh,Public intercollegiate circle account surfaced in the follower search of the Aoyama new-student media account; profile names multiple universities but not Aoyama specifically,https://www.instagram.com/aogaku__for_fresh/,C,2026-08-11,unknown,not_checked,,Multi-university account; Aoyama relation unconfirmed; exclude from initial DM queue
npocham79,https://www.instagram.com/npocham79/,Npocham,52,52,individual,public,hub_follower,hub_followers,aogaku__for_fresh,Public profile surfaced in the follower search of the Aoyama new-student media account; no Aoyama statement in profile,https://www.instagram.com/aogaku__for_fresh/,C,2026-08-11,unknown,not_checked,,Ambiguous candidate; exclude from initial DM queue
valor_crew_fit,https://www.instagram.com/valor_crew_fit/,VALOR CREW 大学生のためのフィットネス,208,208,other,public,hub_follower,hub_followers,aogaku__for_fresh,Public university-fitness event account surfaced in the follower search of the Aoyama new-student media account; profile does not name Aoyama,https://www.instagram.com/aogaku__for_fresh/,C,2026-08-11,unknown,not_checked,,Potential student community but Aoyama relation unconfirmed; exclude from initial DM queue
aogaku.1923,https://www.instagram.com/aogaku.1923/,26歳 元青学起業家,88,88,individual,public,profile_explicit,keyword_search,,Public profile explicitly says 元青学起業家 (former Aoyama student),https://www.instagram.com/aogaku.1923/,A,2026-08-11,unknown,not_checked,,Alumnus/entrepreneur; not a current-student candidate
pumpum._,https://www.instagram.com/pumpum._/,Haruka Shiga,816,816,individual,public,ambiguous_context,keyword_search,,Appeared in Instagram account search for 春から青学 but the public profile itself has no Aoyama or AGU statement,https://www.instagram.com/pumpum._/,C,2026-08-11,unknown,not_checked,,Ambiguous candidate; exclude from initial DM queue
chiruchan__,https://www.instagram.com/chiruchan__/,chiruchan__,341,341,individual,public,hub_follower,hub_followers,aoyamagakuinuniversity,青山学院大学公式アカウントの公開フォロワー検索で表示された公開プロフィール。プロフィールに青学表記なし,https://www.instagram.com/aoyamagakuinuniversity/,C,2026-08-11,unknown,not_checked,,公式フォロワー表示だけでは青学生と確認できないため初回DM対象外
s_eesa_w,https://www.instagram.com/s_eesa_w/,Aya,398,398,individual,public,hub_follower,hub_followers,aoyamagakuinuniversity,青山学院大学公式アカウントの公開フォロワー検索で表示された公開プロフィール。プロフィールに青学表記なし,https://www.instagram.com/aoyamagakuinuniversity/,C,2026-08-11,unknown,not_checked,,公式フォロワー表示だけでは青学生と確認できないため初回DM対象外
s.koudai0123,https://www.instagram.com/s.koudai0123/,齋藤 岬大,38,38,individual,public,hub_follower,hub_followers,aoyamagakuinuniversity,青山学院大学公式アカウントの公開フォロワー検索で表示された公開プロフィール。表示名は確認できるがプロフィールに青学表記なし,https://www.instagram.com/aoyamagakuinuniversity/,C,2026-08-11,unknown,not_checked,,公式フォロワー表示だけでは青学生と確認できないため初回DM対象外
ab1_yb,https://www.instagram.com/ab1_yb/,yoshi,197,197,individual,public,mention_or_tag,hub_followers,agubbc_official,青山学院大学硬式野球部公式のタグ付け一覧に掲載された公開プロフィール。プロフィールは東都リーグ・ドラフト表記のみで青学所属は明記なし,https://www.instagram.com/ab1_yb/p/DbH_70KkkVZ/,C,2026-08-11,unknown,not_checked,,青学との関係は公式タグ付けからの推測。初回DM対象外
maho_kanda_,https://www.instagram.com/maho_kanda_/,真歩,1157,1157,individual,public,mention_or_tag,hub_followers,aogaku_tv,青山学院大学公式アカウントと青学TVのタグ付け投稿に本人アカウントとして掲載。プロフィールには所属明記なし,https://www.instagram.com/maho_kanda_/p/C8MlyNDSXuq/,B,2026-08-11,unknown,not_checked,,公開投稿で青学関連は確認できるが在籍状況はプロフィールで未確認
frutaand_marin,https://www.instagram.com/frutaand_marin/,工藤麻凜,401,401,individual,public,mention_or_tag,hub_followers,aogaku_tv,青山学院大学公式アカウントと青学TVのタグ付け投稿に本人アカウントとして掲載。プロフィールには所属明記なし,https://www.instagram.com/frutaand_marin/p/C52hTbLr5ak/,B,2026-08-11,unknown,not_checked,,公開投稿で青学関連は確認できるが在籍状況はプロフィールで未確認
kanoyouki,https://www.instagram.com/kanoyouki/,狩野祐輝,810,810,individual,public,mention_or_tag,hub_followers,aogaku_tv,青学TVタグ付け一覧に本人名の公開投稿として掲載。プロフィールには青学所属の明記なし,https://www.instagram.com/kanoyouki/p/Cm6C_UFLFZx/,C,2026-08-11,unknown,not_checked,,青学TVとのタグ付けのみで学生・卒業生の別は不明。初回DM対象外
masato.hagi,https://www.instagram.com/masato.hagi/,Masato Hagiwara,9535,9535,other,public,profile_explicit,circle_event,aogaku_fitness,公開プロフィールに「青山学院大学陸上部トレーナー」と明記。青学フィットネスセンターの公式タグ付け投稿でも確認,https://www.instagram.com/aogaku_fitness/p/CDIfjyspU4p/,A,2026-08-11,unknown,not_checked,,青学関係者だが学生ではなくトレーナー。学生候補とは別管理
yuuu_too,https://www.instagram.com/yuuu_too/,納見 悠仁 / Yuto Nohmi,12000,1.2万,individual,public,profile_explicit,circle_event,aoyamasports,公開プロフィールに横須賀学院中学・明成高校・青山学院大学・島根スサノオマジックを明記。青山スポーツの公式タグ付け投稿でも確認,https://www.instagram.com/yuuu_too/p/B4tfxavFqJ8/,A,2026-08-11,unknown,not_checked,,青学卒業生で現役プロ選手。現役学生ではない
kei_suke_0,https://www.instagram.com/kei_suke_0/,林 奎介,11000,1.1万,individual,public,ambiguous_context,circle_event,aoyamasports,青山スポーツのタグ付け一覧に掲載された公開プロフィール。プロフィールに青学表記はなく関係は未確認,https://www.instagram.com/naoto_takeisi_fan/p/Bsfl1nzgs2Y/,C,2026-08-11,unknown,not_checked,,青学関連のタグ付けだけで本人の所属は確認できないため初回DM対象外
ovaljapan,https://www.instagram.com/ovaljapan/,OVAL JAPAN,2335,2335,event,public,hashtag_post,hashtag,ovaljapan,公開投稿で#青学を含む複数大学向けの秋新歓を案内。青学専属ではなく複数大学対象のため関連は弱い,https://www.instagram.com/p/DPTrHuHkyUP/,C,2026-08-11,unknown,not_checked,,青学学生である根拠はなく複数大学向け。初回DM対象外
rena.1o22,https://www.instagram.com/rena.1o22/,れな,3901,3901,individual,public,hashtag_post,hashtag,,公開投稿が#青山学院大学検索に表示され、大学入学投稿と2005年生まれのプロフィールを確認。ただし青学在籍はプロフィールに明記なし,https://www.instagram.com/p/C5imm0qpsMy/,C,2026-08-11,unknown,not_checked,,青学との関係は投稿の検索表示と入学内容からの推測。初回DM対象外
hashimoto.tomoki,https://www.instagram.com/hashimoto.tomoki/,橋本 友樹,37,37,individual,public,mention_or_tag,circle_event,aoyamasports,青山スポーツの公式野球投稿に青学大選手として掲載された橋本友樹と公開プロフィールの表示名が一致,https://www.instagram.com/aoyamasports/p/DYq0ysfmlQP/,B,2026-08-11,unknown,not_checked,,公開だが投稿0件のため本人同定は未確認。初回DM対象外
t.yuto0520,https://www.instagram.com/t.yuto0520/,谷口勇人,5624,5624,individual,public,profile_explicit,circle_event,agubbc_official,公開プロフィールに大阪桐蔭 / 青山学院大学を明記。青山スポーツ公式野球投稿にも青学大選手として掲載,https://www.instagram.com/aoyamasports/p/DYq0ysfmlQP/,A,2026-08-11,unknown,not_checked,,プロフィールと公式スポーツ投稿で青学関連を確認
taipechan_8250,https://www.instagram.com/taipechan_8250/,鈴木 泰成,2259,2259,individual,public,profile_explicit,circle_event,agubbc_official,公開プロフィールに2004 | Aoyama Gakuin Univ.と@agubbc_officialを明記。青山スポーツ公式野球投稿にも青学大エースとして掲載,https://www.instagram.com/aoyamasports/p/DYq0ysfmlQP/,A,2026-08-11,unknown,not_checked,,プロフィールと公式スポーツ投稿で青学関連を確認
kouki_hirose12,https://www.instagram.com/kouki_hirose12/,広瀬洸生/ Kouki Hirose,2221,2221,individual,public,mention_or_tag,circle_event,aoyamasports,青山スポーツの公式投稿で青学大から日本学生代表に選出された広瀬洸生として掲載され、公開プロフィールの表示名が一致,https://www.instagram.com/aoyamasports/p/DYrbIdKmsRC/,B,2026-08-11,unknown,not_checked,,青学表記はプロフィールにないため公式投稿との表示名一致によるB判定
f.naruto_37,https://www.instagram.com/f.naruto_37/,深見響敏,1754,1754,individual,public,profile_explicit,circle_event,aoyamasports,公開プロフィールにAoyama Gakuin Univ.と#11を明記。青山スポーツの男子バスケットボール新人戦記事にも同名選手として掲載,https://www.instagram.com/aoyamasports/p/DZO2kLqGiA3/,A,2026-08-11,unknown,not_checked,,プロフィールと公式スポーツ投稿の両方で青学関連を確認
nagisawomo,https://www.instagram.com/nagisawomo/,井上 凪紗　イノウエ　ナギサ,0,0,individual,public,mention_or_tag,circle_event,aoyamasports,青山スポーツの公式陸上投稿に掲載された選手名と公開プロフィールの表示名が一致,https://www.instagram.com/aoyamasports/p/DZBqAiunXuc/,B,2026-08-11,unknown,not_checked,,公開だが投稿0件・フォロワー0人のため本人同定は未確認。初回DM対象外
aoyama_miss1_2026,https://www.instagram.com/aoyama_miss1_2026/,ミス青山No.1 岩永莉子,5233,5233,other,public,ambiguous_context,keyword_search,,公開プロフィールにミス青山No.1と本人名を明記。公式ミス青山2026候補者アカウントとして確認,https://www.instagram.com/aoyama_miss1_2026/,B,2026-08-11,unknown,not_checked,,公開プロフィール。大学名の直接明記はないため候補者由来のB判定。
aoyama_miss4_2026,https://www.instagram.com/aoyama_miss4_2026/,ミス青山No.4 原田莉々華,2110,2110,other,public,ambiguous_context,keyword_search,,公開プロフィールにミス青山No.4と教育学科4年を明記。公式ミス青山2026候補者アカウントとして確認,https://www.instagram.com/aoyama_miss4_2026/,B,2026-08-11,unknown,not_checked,,公開プロフィール。大学名の直接明記はないため候補者由来のB判定。
aoyama_miss5_2026,https://www.instagram.com/aoyama_miss5_2026/,ミス青山No.5 浜野奏,3399,3399,other,public,ambiguous_context,keyword_search,,公開プロフィールにミス青山No.5と経営学部経営学科2年を明記。公式ミス青山2026候補者アカウントとして確認,https://www.instagram.com/aoyama_miss5_2026/,B,2026-08-11,unknown,not_checked,,公開プロフィール。大学名の直接明記はないため候補者由来のB判定。
leo_1732,https://www.instagram.com/leo_1732/,REO,879,879,individual,public,ambiguous_context,hub_followers,aoyama.hack,青山ハックの公開フォロワー検索でユーザーネーム07検索に表示された公開プロフィール。ただし青学所属の明記はなし,https://www.instagram.com/leo_1732/,C,2026-08-11,unknown,not_checked,,青学っぽさは青学ハブの公開フォロワーであることのみ。初回DM対象外。
gannba_reika,https://www.instagram.com/gannba_reika/,麗香,2175,2175,individual,public,profile_explicit,hub_followers,aoyama.hack,プロフィールに大学生と青学をハックしている旨を明記。青山ハックのタグ付け公開投稿でも紹介されている,https://www.instagram.com/gannba_reika/,A,2026-08-11,unknown,not_checked,,公開プロフィール。プロフィールに19歳表記があるが年齢推定はせず接触可否は不明のまま。
zumi_h.310,https://www.instagram.com/zumi_h.310/,北角寛人,785,785,individual,public,profile_explicit,hashtag,aoyamasports,プロフィールにAGUと背番号を明記。青山スポーツの男子バスケットボール新人戦記事に青学大選手として掲載,https://www.instagram.com/aoyamasports/p/DZO2kLqGiA3/,A,2026-08-11,unknown,not_checked,,公開プロフィール。競技部所属は公開記事に基づく。
hiroki_5.22_,https://www.instagram.com/hiroki_5.22_/,片岡裕基,828,828,individual,public,profile_explicit,hashtag,aoyamasports,プロフィールにAGUと明記。青山スポーツの男子バスケットボール新人戦記事に青学大選手として掲載,https://www.instagram.com/aoyamasports/p/DZO2kLqGiA3/,A,2026-08-11,unknown,not_checked,,公開プロフィール。競技部所属は公開記事に基づく。
toshi___0620,https://www.instagram.com/toshi___0620/,加賀屋利温,1030,1030,individual,public,mention_or_tag,circle_event,aoyamasports,青山スポーツの男子バスケットボール新人戦記事に青学大選手として掲載された名前と表示名が一致,https://www.instagram.com/aoyamasports/p/DZO2kLqGiA3/,B,2026-08-11,unknown,not_checked,,公開プロフィールだが青学表記はなく本人同定は表示名と公式記事の一致に基づく。
rako_119,https://www.instagram.com/rako_119/,矢崎桜子,1133,1133,other,public,hashtag_post,hashtag,agr_rugby,青山学院大学ラグビー部の公式投稿で矢崎桜子選手として紹介されている公開プロフィール、現プロフィールは競技活動を記載,https://www.instagram.com/p/Cednbo8Ph2_/,B,2026-08-11,unknown,not_checked,,公開プロフィール。現所属や在学状況は未確認。
mi._.uuuuuu,https://www.instagram.com/mi._.uuuuuu/,杉本心結,1715,1715,other,public,profile_explicit,hashtag,4years_media,プロフィールに青山学院・教育と明記。青山学院大学女子4×100mリレー選手として公開記事に掲載,https://www.instagram.com/mi._.uuuuuu/,A,2026-08-11,unknown,not_checked,,公開プロフィール。競技・在学状況の最新性は未確認。
ninomiya_fl,https://www.instagram.com/ninomiya_fl/,二宮綾音 Ayane Ninomiya,2586,2586,other,public,hashtag_post,hashtag,4years_media,青山学院大学女子4×400mリレーの公開記事に選手名が掲載され、公開プロフィールの経歴にも青学を示す記載がある,https://www.instagram.com/p/DJg8ROUP8jw/,B,2026-08-11,unknown,not_checked,,公開プロフィール。現在は藝大院在籍と記載されるため青学は卒業・過去所属の可能性。
jinhaijiang,https://www.instagram.com/jinhaijiang/,江金海,0,0,other,public,hashtag_post,hashtag,masumiyutaka,青山学院大学ラグビー部集合写真の公開投稿で江金海として掲載された公開プロフィール,https://www.instagram.com/p/DZ3fHOwhu3s/,B,2026-08-11,unknown,not_checked,,公開プロフィールだがフォロワー0人で活動実態が確認できないため初回DM対象外推奨。
tsujimurako,https://www.instagram.com/tsujimurako/,辻村 康,335,335,other,public,hashtag_post,hashtag,masumiyutaka,青山学院大学ラグビー部集合写真の公開投稿で辻村康として掲載。表示名は一致するが本人同定は未確認,https://www.instagram.com/p/DZ3fHOwhu3s/,B,2026-08-11,unknown,not_checked,,公開プロフィール。本人同定が未確認のため初回DM対象外推奨。
harukiti_13.agu,https://www.instagram.com/harukiti_13.agu/,新見 春陽,2595,2595,other,public,profile_explicit,hub_followers,aoyamasports,プロフィールにAoyama Gakuin Univ. eduおよび'26 aguと明記。青山スポーツの公開フォロワー検索から確認,https://www.instagram.com/harukiti_13.agu/,A,2026-08-11,unknown,not_checked,,公開プロフィール。プロフィールに18表記があるが年齢推定はせず接触可否は不明のまま。
_ky0.o,https://www.instagram.com/_ky0.o/,쿄카 / KYOKA,345000,34.5万,individual,public,profile_explicit,hashtag,mami0s,プロフィールにaoyama gakuin univ.と明記。青山学院大学入学式の公開投稿でも本人としてタグ付けされている,https://www.instagram.com/p/DH-zBa6SlJB/,A,2026-08-16,unknown,not_checked,,公開インフルエンサー。プロフィール上の在学・卒業時期は未確認。
kohane_irink,https://www.instagram.com/kohane_irink/,こはね,746,746,individual,public,profile_explicit,hashtag,,プロフィールに青山学院と生年月日を明記。青学・女子大生ハッシュタグの公開投稿発信者,https://www.instagram.com/kohane_irink/,A,2026-08-11,unknown,not_checked,,公開プロフィール。年齢・サービス接触可否は推測せず不明のまま。
yuka_tana0908,https://www.instagram.com/yuka_tana0908/,田中優花 / Yuka Tanaka,12000,1.2万,individual,public,profile_explicit,hashtag,bigakuseizukan,プロフィールにMiss Aoyama 2025準GPおよびミス青山公式プロフィールへのリンクを明記,https://www.instagram.com/yuka_tana0908/,A,2026-08-11,unknown,not_checked,,公開プロフィール。青山学院大学との在学状況はミス青山出場根拠に基づく。
mmk__0428,https://www.instagram.com/mmk__0428/,momoko,918,918,individual,public,ambiguous_context,hub_followers,aoyamasports,青山スポーツの公開フォロワー検索で表示された公開個人アカウントだがプロフィールに青学明記はない,https://www.instagram.com/mmk__0428/,C,2026-08-11,unknown,not_checked,,青学との関係は未確認のため青学っぽい候補として残し初回DM対象外
hiroki_run1633,https://www.instagram.com/hiroki_run1633/,中山大樹,1351,1351,individual,public,profile_explicit,hub_followers,aoyamasports,プロフィールに青山学院総合文化政策学部卒の記載あり,https://www.instagram.com/hiroki_run1633/,A,2026-08-11,unknown,not_checked,,公開プロフィールで青学卒業を確認。卒業生で現役学生ではない
ruikuijingshang,https://www.instagram.com/ruikuijingshang/,井上瑞葵,2,2,individual,public,hashtag_post,hashtag,kgrr_official,関東学生陸上の公開投稿に同名の青山学院大学選手が掲載され検索結果で同名アカウントを確認,https://www.instagram.com/p/DP05bLAkx-1/,C,2026-08-11,unknown,not_checked,,公開プロフィールは投稿0件で本人同定が未確認。青学っぽい候補として残し初回DM対象外
mahhahirayama_gogo,https://www.instagram.com/mahhahirayama_gogo/,平山大志,552,552,individual,public,hashtag_post,hashtag,,本人の公開投稿に青学陸上部時代の後輩と明記,https://www.instagram.com/p/DS0ypXdEocq/,B,2026-08-11,unknown,not_checked,,公開プロフィールと本人投稿を確認。卒業生の可能性があるため現役学生とは区別
aoi9004,https://www.instagram.com/aoi9004/,佐藤 葵唯,6416,6416,individual,public,profile_explicit,hashtag,aoyamasports,プロフィールにAoyama 04と教育及び陸上競技種目を明記し公式投稿でも青学陸上部選手として確認,https://www.instagram.com/aoi9004/,A,2026-08-11,unknown,not_checked,,公開プロフィールと青学陸上関連投稿を確認。年齢は収集しない
k.miiiho___114,https://www.instagram.com/k.miiiho___114/,倉橋美穂,6646,6646,individual,public,profile_explicit,hashtag,aoyamasports,プロフィールに青学からトヨタ自動車と在籍履歴を明記,https://www.instagram.com/k.miiiho___114/,A,2026-08-11,unknown,not_checked,,公開プロフィールで青学在籍履歴を確認。卒業生で現役学生ではない
agu_soaringteam,https://www.instagram.com/agu_soaringteam/,青山学院大学体育会航空部 2026新歓,257,257,event,public,profile_explicit,hub_followers,aoyamasports,表示名と自己紹介に青山学院大学体育会航空部の2026新歓アカウントと明記,https://www.instagram.com/agu_soaringteam/,A,2026-08-11,unknown,not_checked,,通常アカウントsoaring_team_aoyamaへの導線もプロフィールで確認
___52mrk___,https://www.instagram.com/___52mrk___/,安井 麻里花,7126,7126,individual,public,hashtag_post,hashtag,aoyamasports,青山スポーツの青山学院大学陸上競技部公式投稿で選手名と青学大所属を確認,https://www.instagram.com/aoyamasports/p/DKo3PgQzDD8/,B,2026-08-11,unknown,not_checked,,公開プロフィールと体育会公式投稿を確認。年齢は収集しない
shibuomofoods,https://www.instagram.com/shibuomofoods/,シブオモ 渋谷表参道原宿 ご飯グルメ＆カフェ,746,746,other,public,mention_or_tag,circle_event,agu_info,青学情報局が青学周辺のグルメ紹介先として案内する公開アカウント,https://www.instagram.com/agu_info/,C,2026-08-11,unknown,not_checked,,青学周辺との接点は確認できるが青学生向けサービスかは不明。初回DM対象外
chacafedo_,https://www.instagram.com/chacafedo_/,茶珈堂,8470,8470,other,public,mention_or_tag,circle_event,agu_info,青学情報局の青学キャンパス周辺店舗紹介投稿でタグ付けされた公開店舗アカウント,https://www.instagram.com/agu_info/p/Dae_mhCIIuv/,C,2026-08-11,unknown,not_checked,,青学との直接所属は未確認。初回DM対象外
9981_ryo,https://www.instagram.com/9981_ryo/,りょう(りょー) Ryo,124000,12.4万人,individual,public,hashtag_post,hashtag,,公開投稿に青学卒業の記載があり青学ハッシュタグを使用,https://www.instagram.com/p/DWTi9KkE71O/,B,2026-08-16,unknown,not_checked,,公開プロフィールと本人投稿を手動再確認。卒業生で現役学生ではないことを記録し、年齢は収集しない。初回DM対象外
4uvmiprs,https://www.instagram.com/4uvmiprs/,Rio,2503,2503,individual,public,mention_or_tag,circle_event,agu_milfolha,青山学院大学公認フットサルサークルmilfolhaの公開投稿でタグ付け。プロフィールは公開。,https://www.instagram.com/agu_milfolha/p/Da-Tu_hgalE/,B,2026-08-16,unknown,not_checked,,公開プロフィールを手動再確認。青学サークルとの関係は公開タグから確認。大学在籍・年齢・18歳以上サービス適格性は未確認
yumedoko_craft,https://www.instagram.com/yumedoko_craft/,ゆめどこ子ども工作ボランティア愛好会,599,599,student_media,public,mention_or_tag,hub_followers,aogaku_tencha,公開プロフィールは相模原の子ども向け工作団体と記載。関連する青山学院大学公認の学生向け新歓アカウントゆめどこ_memberと連携,https://www.instagram.com/yumedoko_craft/,B,2026-08-11,unknown,not_checked,,青学tenchaの公開フォロワー検索で確認。関連アカウント経由
agu_sakumon,https://www.instagram.com/agu_sakumon/,Lagrangelo 青学作問愛好会,191,191,circle_official,public,profile_explicit,hub_followers,aogaku_tencha,表示名と自己紹介に青学の大学公認作問サークルを明記,https://www.instagram.com/agu_sakumon/,A,2026-08-11,unknown,not_checked,,青学tenchaの公開フォロワー検索で確認
polaris_aoyama,https://www.instagram.com/polaris_aoyama/,青山学院大学Polaris 学習ボランティア愛好会,332,332,circle_official,public,profile_explicit,hub_followers,aogaku_tencha,表示名と自己紹介に青山学院大学の学習ボランティアサークルを明記,https://www.instagram.com/polaris_aoyama/,A,2026-08-11,unknown,not_checked,,青学tenchaの公開フォロワー検索で確認
agu_ctgv,https://www.instagram.com/agu_ctgv/,青山学院大学キャンパスツアーガイドボランティア,304,304,student_media,public,profile_explicit,hub_followers,aogaku_tencha,表示名と自己紹介に青山学院大学の公式キャンパスツアーガイドを明記,https://www.instagram.com/agu_ctgv/,A,2026-08-11,unknown,not_checked,,青学tenchaの公開フォロワー検索で確認
ideal.agu,https://www.instagram.com/ideal.agu/,青山学院大学 Ideal 国際ボランティア愛好会,176,176,circle_official,public,profile_explicit,hub_followers,aogaku_tencha,表示名と自己紹介に青山学院大学公認の国際ボランティアサークルを明記,https://www.instagram.com/ideal.agu/,A,2026-08-11,unknown,not_checked,,青学tenchaの公開フォロワー検索で確認
yumedoko_member,https://www.instagram.com/yumedoko_member/,ゆめどこ新歓アカウント,67,67,circle_official,public,profile_explicit,hub_followers,aogaku_tencha,自己紹介に青山学院大学公認サークルと#青学を明記,https://www.instagram.com/yumedoko_member/,A,2026-08-11,unknown,not_checked,,青学tenchaの公開フォロワー検索で確認
agu_ctgv_shinkan,https://www.instagram.com/agu_ctgv_shinkan/,青山学院大学キャンパスツアーガイドボランティア,324,324,student_media,public,profile_explicit,hub_followers,aogaku_tencha,表示名と自己紹介に青山学院大学公認団体と青学生用を明記,https://www.instagram.com/agu_ctgv_shinkan/,A,2026-08-11,unknown,not_checked,,青学tenchaの公開フォロワー検索で確認
aesa_agu1121,https://www.instagram.com/aesa_agu1121/,青山学院大学経済学部学生会 AESA,471,471,student_media,public,profile_explicit,hub_followers,aogaku_tencha,表示名と自己紹介に青山学院大学経済学部公認学生団体を明記,https://www.instagram.com/aesa_agu1121/,A,2026-08-11,unknown,not_checked,,青学tenchaの公開フォロワー検索で確認
otokojotai_agu,https://www.instagram.com/otokojotai_agu/,学生映画 オトコジョタイ,291,291,event,public,profile_explicit,hub_followers,aogaku_tencha,自己紹介に青学生による短編映画と明記,https://www.instagram.com/otokojotai_agu/,A,2026-08-11,unknown,not_checked,,青学tenchaの公開フォロワー検索で確認
agu_splatoon,https://www.instagram.com/agu_splatoon/,青学スプラ愛好会 AS,254,254,circle_official,public,profile_explicit,hub_followers,aogaku_tencha,表示名と自己紹介に青学公認スプラサークルと#春から青学を明記,https://www.instagram.com/agu_splatoon/,A,2026-08-11,unknown,not_checked,,青学tenchaの公開フォロワー検索で確認
agu_alpha,https://www.instagram.com/agu_alpha/,青学ALPHA Bet ポーカー愛好会,234,234,circle_official,public,profile_explicit,hub_followers,aogaku_tencha,表示名と自己紹介に青山学院大学公認ポーカーサークルを明記,https://www.instagram.com/agu_alpha/,A,2026-08-11,unknown,not_checked,,青学tenchaの公開フォロワー検索で確認
agu.onsenclub,https://www.instagram.com/agu.onsenclub/,青山学院大学 温泉サークル,228,228,circle_official,public,profile_explicit,hub_followers,aogaku_tencha,表示名と自己紹介に青山学院大学の温泉サークルと#青学を明記,https://www.instagram.com/agu.onsenclub/,A,2026-08-11,unknown,not_checked,,青学tenchaの公開フォロワー検索で確認
aogaku_aos,https://www.instagram.com/aogaku_aos/,海外渡航研究会AOS,26,26,circle_official,public,profile_explicit,hub_followers,aoyamagakuinuniversity,表示名と自己紹介に青山学院大学の海外渡航研究会を明記,https://www.instagram.com/aogaku_aos/,A,2026-08-11,unknown,not_checked,,青山学院大学公式の公開フォロワー検索で確認
abs22_fes,https://www.instagram.com/abs22_fes/,ABS青山祭チーム,9,9,event,public,profile_explicit,hub_followers,aoyamagakuinuniversity,自己紹介に青山ビジネススクールの学生有志による青山祭出店を明記,https://www.instagram.com/abs22_fes/,A,2026-08-11,unknown,not_checked,,青山学院大学公式の公開フォロワー検索で確認
newschecker333,https://www.instagram.com/newschecker333/,青山学院大学 英字新聞編集委員会,589,589,student_media,public,profile_explicit,hub_followers,aoyamagakuinuniversity,表示名と自己紹介に青山学院大学英字新聞編集委員会と#春から青学を明記,https://www.instagram.com/newschecker333/,A,2026-08-11,unknown,not_checked,,青山学院大学公式の公開フォロワー検索で確認
eg_aogaku,https://www.instagram.com/eg_aogaku/,eg_aogaku,3,3,other,public,ambiguous_context,hub_followers,aoyamagakuinuniversity,ユーザーネームにaogakuを含み公式アカウントの公開フォロワーだがプロフィール上の青学関係根拠は確認できない,https://www.instagram.com/eg_aogaku/,C,2026-08-11,unknown,not_checked,,青山学院大学公式の公開フォロワー検索で確認。初回DM対象外
sachin_aogaku,https://www.instagram.com/sachin_aogaku/,さーちゃん,97,97,other,public,profile_explicit,hub_followers,aoyamagakuinuniversity,自己紹介に青山学院大学とGMOを明記する個人アカウント,https://www.instagram.com/sachin_aogaku/,B,2026-08-11,unknown,not_checked,,青山学院大学公式の公開フォロワー検索で確認
pr_agu_ocs_sagamihara,https://www.instagram.com/pr_agu_ocs_sagamihara/,青山学院大学オープンキャンパス学生スタッフ OCS,757,757,student_media,public,profile_explicit,hub_followers,aoyamagakuinuniversity,表示名と自己紹介に青山学院大学の現役青学生による学生スタッフを明記,https://www.instagram.com/pr_agu_ocs_sagamihara/,A,2026-08-11,unknown,not_checked,,青山学院大学公式の公開フォロワー検索で確認
renelle__n,https://www.instagram.com/renelle__n/,かれん バリスタになりたい青学生,1021,1021,other,public,profile_explicit,hub_followers,aoyamagakuinuniversity,表示名に青学生と学生運営の活動を明記,https://www.instagram.com/renelle__n/,A,2026-08-11,unknown,not_checked,,青山学院大学公式の公開フォロワー検索で確認
shirouma_hutte.agu,https://www.instagram.com/shirouma_hutte.agu/,青山学院大学 白馬ヒュッテ運営委員会,448,448,circle_official,public,profile_explicit,hub_followers,agu_swim_team,表示名と自己紹介に青山学院大学直属委員会を明記,https://www.instagram.com/shirouma_hutte.agu/,A,2026-08-11,unknown,not_checked,,青学水泳部の公開フォロワー検索で確認
infinity.agu,https://www.instagram.com/infinity.agu/,青山学院大学 2023年度新設学生団体,118,118,student_media,public,profile_explicit,hub_followers,agu_swim_team,表示名と自己紹介に青山学院大学の新設学生団体を明記,https://www.instagram.com/infinity.agu/,A,2026-08-11,unknown,not_checked,,青学水泳部の公開フォロワー検索で確認
agu_karatedo,https://www.instagram.com/agu_karatedo/,青山学院大学体育会空手道部【公式】,701,701,circle_official,public,profile_explicit,hub_followers,agu_swim_team,表示名と自己紹介に青山学院大学の空手道部公式を明記,https://www.instagram.com/agu_karatedo/,A,2026-08-11,unknown,not_checked,,青学水泳部の公開フォロワー検索で確認
aogakukoikatsubu,https://www.instagram.com/aogakukoikatsubu/,青学恋活部 青恋部,68,68,other,public,profile_explicit,hub_followers,agu_swim_team,自己紹介にコミュニティメンバーは青山学院関係者のみと明記,https://www.instagram.com/aogakukoikatsubu/,B,2026-08-11,unknown,not_checked,,青学水泳部の公開フォロワー検索で確認。学生所属は一律に確認できない
aoyama.cooking,https://www.instagram.com/aoyama.cooking/,青学エンタメ・料理愛好会,3,3,circle_official,public,profile_explicit,hub_followers,agu_swim_team,自己紹介に青山学院大学の料理サークルと#春から青学を明記,https://www.instagram.com/aoyama.cooking/,A,2026-08-11,unknown,not_checked,,青学水泳部の公開フォロワー検索で確認
aoyama.visualart_lab,https://www.instagram.com/aoyama.visualart_lab/,青山視覚芸術研究会,52,52,other,public,ambiguous_context,hub_followers,agu_swim_team,表示名に青山を含み青山祭の活動が確認できるが青山学院大学の明記はプロフィールで未確認,https://www.instagram.com/aoyama.visualart_lab/,C,2026-08-11,unknown,not_checked,,青学水泳部の公開フォロワー検索で確認。初回DM対象外
gsc.foodproject,https://www.instagram.com/gsc.foodproject/,青学相模原学食プロジェクト,25,25,student_media,public,profile_explicit,hub_followers,aoyama.hack,表示名と自己紹介に青学相模原の学食プロジェクトと学生生活改善を明記,https://www.instagram.com/gsc.foodproject/,A,2026-08-11,unknown,not_checked,,青山ハックの公開フォロワー検索で確認
dayinaoyamagakuin.saga,https://www.instagram.com/dayinaoyamagakuin.saga/,AOGAKU SAGA,358,358,student_media,public,profile_explicit,hub_followers,aoyama.hack,表示名と自己紹介に青学生・青山学院大学・#青学生を明記,https://www.instagram.com/dayinaoyamagakuin.saga/,A,2026-08-11,unknown,not_checked,,青山ハックの公開フォロワー検索で確認
aogaku_tiktok,https://www.instagram.com/aogaku_tiktok/,2025から,21,21,other,public,ambiguous_context,hub_followers,aoyama.hack,ユーザーネームにaogakuを含み青学関連ハブの公開フォロワーだがプロフィールの所属明記なし,https://www.instagram.com/aogaku_tiktok/,C,2026-08-11,unknown,not_checked,,青山ハックの公開フォロワー検索で確認。初回DM対象外
aiesec_jp_ag,https://www.instagram.com/aiesec_jp_ag/,アイセック青山学院大学委員会,1247,1247,student_media,public,profile_explicit,hub_followers,aoyama.hack,表示名と自己紹介に青山学院大学委員会と学生組織を明記,https://www.instagram.com/aiesec_jp_ag/,A,2026-08-17,unknown,not_checked,,2026-08-17にInstagram公開プロフィールを手動確認。青山学院大学委員会の表示名と学生組織の説明を確認
agu_angels,https://www.instagram.com/agu_angels/,青山学院大学 ANGELS,980,980,circle_official,public,profile_explicit,hub_followers,aoyama.hack,表示名と自己紹介に青山学院大学の野球サークルを明記,https://www.instagram.com/agu_angels/,A,2026-08-11,unknown,not_checked,,青山ハックの公開フォロワー検索で確認
agu_woodnotes,https://www.instagram.com/agu_woodnotes/,青山学院大学 Woodnotes,1315,1315,circle_official,public,profile_explicit,hub_followers,aoyama.hack,表示名と自己紹介に青山学院大学公認のアウトドアサークルを明記,https://www.instagram.com/agu_woodnotes/,A,2026-08-11,unknown,not_checked,,青山ハックの公開フォロワー検索で確認
turkeys_official,https://www.instagram.com/turkeys_official/,Turkeys 青学ボーリングサークル,30,30,circle_official,public,profile_explicit,hub_followers,aoyama.hack,表示名と自己紹介に青学ボーリングサークルと#春から青学を明記,https://www.instagram.com/turkeys_official/,A,2026-08-11,unknown,not_checked,,青山ハックの公開フォロワー検索で確認
aoym.matsuriko,https://www.instagram.com/aoym.matsuriko/,青山まつり子 青山祭2023,90,90,event,public,profile_explicit,hub_followers,aogaku_tv,自己紹介に現役青学生が青山祭を紹介するアカウントと明記,https://www.instagram.com/aoym.matsuriko/,A,2026-08-11,unknown,not_checked,,青学TVの公開フォロワー検索で確認
aogaku_dososai,https://www.instagram.com/aogaku_dososai/,青山学院大学同窓祭 学生アカウント,54,54,event,public,profile_explicit,hub_followers,aogaku_tv,表示名と自己紹介に青山学院大学同窓祭の学生アカウントと明記,https://www.instagram.com/aogaku_dososai/,A,2026-08-11,unknown,not_checked,,青学TVの公開フォロワー検索で確認
o8rn2y,https://www.instagram.com/o8rn2y/,Hanyo,5808,5808,other,public,profile_explicit,hashtag,,自己紹介に青山学院と在籍年齢表記を明記,https://www.instagram.com/o8rn2y/,A,2026-08-11,unknown,not_checked,,青山学院大学ハッシュタグ投稿の公開発信者として確認
my09_66._,https://www.instagram.com/my09_66._/,みう,1050,1050,other,public,hashtag_post,hashtag,,公開投稿で青学卒業と表示され、投稿ページで青山学院大学リンクを確認,https://www.instagram.com/p/DWawotqkvEg/,B,2026-08-11,unknown,not_checked,,青山学院大学ハッシュタグ投稿の公開発信者として確認
agu_sprint,https://www.instagram.com/agu_sprint/,青山学院大学陸上競技部 短距離ブロック,7635,7635,circle_official,public,profile_explicit,hashtag,,表示名と自己紹介に青山学院大学陸上競技部の公式アカウントを明記,https://www.instagram.com/agu_sprint/,A,2026-08-11,unknown,not_checked,,青山学院大学ハッシュタグ投稿の公開発信者として確認
aoyamalife,https://www.instagram.com/aoyamalife/,青山ライフ,921,921,student_media,public,profile_explicit,hashtag,,自己紹介に青学生によるライフスタイルマガジンと明記,https://www.instagram.com/aoyamalife/,A,2026-08-11,unknown,not_checked,,青山学院大学ハッシュタグ投稿の公開発信者として確認
ran_kitazawa,https://www.instagram.com/ran_kitazawa/,北沢蘭 / Ran Kitazawa,64000,6.4万,other,public,hashtag_post,hashtag,,公開投稿で青山学院大学総合文化政策学部を卒業した旨を明記,https://www.instagram.com/p/DHqUH2fTFgR/,B,2026-08-11,unknown,not_checked,,青山学院大学ハッシュタグ投稿の公開発信者として確認。卒業生
rei_co_sugi,https://www.instagram.com/rei_co_sugi/,小杉 怜子｜Kosugi Reiko,75000,7.5万,other,public,hashtag_post,hashtag,,プロフィールに青山学院大学を明記し公開投稿でも現役青学生と記載,https://www.instagram.com/p/DKmaTt7T0xL/,A,2026-08-16,unknown,not_checked,,青山学院大学ハッシュタグ投稿の公開発信者として確認
masaya_goto_1,https://www.instagram.com/masaya_goto_1/,後藤優弥 Goto Masaya,1097,1097,other,public,hashtag_post,hashtag,,公開投稿で青山学院大学を卒業した旨とミスター青山経験を明記,https://www.instagram.com/p/DWYj295mech/,B,2026-08-11,unknown,not_checked,,青山学院大学ハッシュタグ投稿の公開発信者として確認。卒業生
soyoka_hirakawa_official,https://www.instagram.com/soyoka_hirakawa_official/,平川そよ花 / Soyoka Hirakawa,171000,17.1万,other,public,hashtag_post,hashtag,,公開プロフィールの青山学院大学ハッシュタグ投稿で総合文化政策学部を卒業した旨を明記,https://www.instagram.com/p/DWWAnxJk2Gg/,B,2026-08-16,unknown,not_checked,,公開プロフィールを手動再確認。青山学院大学卒業生で、事務所管理の公開プロアカウント。初回DM対象外
rois.eve,https://www.instagram.com/rois.eve/,イベントサークル Rois,1773,1773,event,public,hashtag_post,hashtag,agu_info,青学情報局の青学サークル紹介投稿でRoisとして紹介されているがプロフィール自体はインカレイベントとだけ記載,https://www.instagram.com/p/DH3DRDvSK6v/,C,2026-08-11,unknown,not_checked,,青学サークルハッシュタグの公開投稿から確認。初回DM対象外
alsfeld_agu,https://www.instagram.com/alsfeld_agu/,青山学院大学 ALSFELD アルスフェルト,1411,1411,circle_official,public,profile_explicit,hashtag,agu_info,自己紹介に青山学院大学・#青山学院大学・#春から青学を明記,https://www.instagram.com/alsfeld_agu/,A,2026-08-11,unknown,not_checked,,青学サークルハッシュタグの公開投稿から確認
elletennisteam,https://www.instagram.com/elletennisteam/,ELLEテニスチーム愛好会2022,323,323,circle_official,public,hashtag_post,hashtag,mtrl.tokyo,青山学院大学サークル紹介投稿でELLEが掲載され、プロフィールはテニス愛好会と記載,https://www.instagram.com/p/CQs-Fx7sRwl/,B,2026-08-11,unknown,not_checked,,青学サークルハッシュタグの公開投稿から確認
agu___scream,https://www.instagram.com/agu___scream/,AGU SCREAM,944,944,circle_official,public,profile_explicit,hashtag,,自己紹介にBased in 青山学院大学と明記,https://www.instagram.com/agu___scream/,A,2026-08-11,unknown,not_checked,,青学サークルハッシュタグの公開投稿から確認
atelier.sanpomichi.new,https://www.instagram.com/atelier.sanpomichi.new/,青学Atelier さんぽみち,101,101,circle_official,public,profile_explicit,hub_followers,agu_girlsbb,自己紹介に青山学院大学・AGU・青学公認サークルを明記,https://www.instagram.com/atelier.sanpomichi.new/,A,2026-08-11,unknown,not_checked,,青学女子バスケ部の公開フォロワー検索で確認
aoyamagakuin_koyukai_chuoshibu,https://www.instagram.com/aoyamagakuin_koyukai_chuoshibu/,青山学院校友会中央支部,269,269,other,public,profile_explicit,hub_followers,agu_girlsbb,表示名と自己紹介に青山学院校友会中央支部公式を明記,https://www.instagram.com/aoyamagakuin_koyukai_chuoshibu/,A,2026-08-11,unknown,not_checked,,青学女子バスケ部の公開フォロワー検索で確認
asc.agu,https://www.instagram.com/asc.agu/,青山学院大学 地域研究愛好会,104,104,circle_official,public,profile_explicit,hub_followers,agu_eagles,表示名に青山学院大学の地域研究愛好会を明記,https://www.instagram.com/asc.agu/,A,2026-08-11,unknown,not_checked,,青学男子バスケ部の公開フォロワー検索で確認
agu_shampoo_shampoo,https://www.instagram.com/agu_shampoo_shampoo/,Shampoo Shampoo温泉同好会,312,312,circle_official,public,profile_explicit,hub_followers,agu_eagles,自己紹介に青学非公認サークルと明記,https://www.instagram.com/agu_shampoo_shampoo/,A,2026-08-11,unknown,not_checked,,青学男子バスケ部の公開フォロワー検索で確認
surnie_agu_ski,https://www.instagram.com/surnie_agu_ski/,青山学院大学シルニースキー愛好会,539,539,circle_official,public,profile_explicit,hub_followers,agu_eagles,表示名と自己紹介に青山学院大学のスキーサークルを明記,https://www.instagram.com/surnie_agu_ski/,A,2026-08-11,unknown,not_checked,,青学男子バスケ部の公開フォロワー検索で確認
agu_amusant,https://www.instagram.com/agu_amusant/,amusant,78,78,circle_official,public,profile_explicit,hub_followers,agu_eagles,自己紹介に青山学院大学非公認の被災地復興支援サークルと明記,https://www.instagram.com/agu_amusant/,A,2026-08-11,unknown,not_checked,,青学男子バスケ部の公開フォロワー検索で確認
agu_koubaikai,https://www.instagram.com/agu_koubaikai/,青山学院購買会,193,193,other,public,profile_explicit,hub_followers,agu_eagles,表示名と自己紹介に青学キャンパス生活を支える購買会を明記,https://www.instagram.com/agu_koubaikai/,A,2026-08-11,unknown,not_checked,,青学男子バスケ部の公開フォロワー検索で確認
cammunity_agu,https://www.instagram.com/cammunity_agu/,Cammunity,74,74,student_media,public,profile_explicit,hub_followers,agu_eagles,自己紹介に青学の挑戦をプロデュースするコミュニティと明記,https://www.instagram.com/cammunity_agu/,A,2026-08-11,unknown,not_checked,,青学男子バスケ部の公開フォロワー検索で確認
agu_bmw_hockey,https://www.instagram.com/agu_bmw_hockey/,青山学院大学公認インラインホッケー愛好会,691,691,circle_official,public,profile_explicit,hub_followers,aogaku_caps,表示名と自己紹介に青山学院大学公認のインラインホッケー愛好会を明記,https://www.instagram.com/agu_bmw_hockey/,A,2026-08-11,unknown,not_checked,,青学キャップスの公開フォロワー検索で確認
aogakuryok9,https://www.instagram.com/aogakuryok9/,青山学院大学旅行サークル 非公認,26,26,circle_official,public,profile_explicit,hub_followers,aogaku_caps,表示名と自己紹介に青山学院大学旅行サークルとAGTを明記,https://www.instagram.com/aogakuryok9/,A,2026-08-11,unknown,not_checked,,青学キャップスの公開フォロワー検索で確認。非公認と明記
aoyamagakuinkeizaikenkyukai,https://www.instagram.com/aoyamagakuinkeizaikenkyukai/,青学経済研究会,1086,1086,student_media,public,profile_explicit,hub_followers,aogaku_caps,表示名と自己紹介に青学生によるビジネスコミュニティと#春から青学を明記,https://www.instagram.com/aoyamagakuinkeizaikenkyukai/,A,2026-08-11,unknown,not_checked,,青学キャップスの公開フォロワー検索で確認
agu_actionlab,https://www.instagram.com/agu_actionlab/,青山アクションラボ Aoyama Action Lab,1037,1037,student_media,public,ambiguous_context,hub_followers,aogaku_caps,表示名にAoyamaと学生コミュニティを含み青学関連ハブの公開フォロワーだが大学名は未確認,https://www.instagram.com/agu_actionlab/,C,2026-08-11,unknown,not_checked,,青学キャップスの公開フォロワー検索で確認。初回DM対象外
placer_agu,https://www.instagram.com/placer_agu/,青山学院大学ソフトテニスサークル PLACER【公式】,825,825,circle_official,public,profile_explicit,hub_followers,aogaku_tv,表示名と自己紹介に青山学院大学のソフトテニスサークルを明記,https://www.instagram.com/placer_agu/,A,2026-08-11,unknown,not_checked,,青学TVの公開フォロワー検索で確認
bigbird_agu,https://www.instagram.com/bigbird_agu/,BIGBIRD 青山学院大学公認フットサルサークル,521,521,circle_official,public,profile_explicit,hub_followers,aogaku_tv,表示名と自己紹介に青山学院大学公認フットサルサークルを明記,https://www.instagram.com/bigbird_agu/,A,2026-08-11,unknown,not_checked,,青学TVの公開フォロワー検索で確認
agu_snow2022,https://www.instagram.com/agu_snow2022/,青学スノボーサークルSNOW,98,98,circle_official,public,profile_explicit,hub_followers,aogaku_tv,自己紹介に青学・青学生・春から青学を明記,https://www.instagram.com/agu_snow2022/,A,2026-08-11,unknown,not_checked,,青学TVの公開フォロワー検索で確認
nextry.official,https://www.instagram.com/nextry.official/,NUE公式物販サークル NexTry.,121,121,other,public,ambiguous_context,hub_followers,aogaku_tv,青学関連ハブの公開フォロワーだがプロフィール上で青山学院大学との関係は確認できない,https://www.instagram.com/nextry.official/,C,2026-08-11,unknown,not_checked,,青学TVの公開フォロワー検索で確認。初回DM対象外
meetsknow,https://www.instagram.com/meetsknow/,meetsknow 青学プログラミングサークル,10,10,circle_official,public,profile_explicit,hub_followers,aogaku_tv,表示名と自己紹介に青学プログラミングサークルを明記,https://www.instagram.com/meetsknow/,A,2026-08-11,unknown,not_checked,,青学TVの公開フォロワー検索で確認
aogaku_esport,https://www.instagram.com/aogaku_esport/,青学eスポーツサークル veda,86,86,circle_official,public,profile_explicit,hub_followers,aogaku_tv,表示名と自己紹介に青山学院大学eスポーツサークルを明記,https://www.instagram.com/aogaku_esport/,A,2026-08-11,unknown,not_checked,,青学TVの公開フォロワー検索で確認
agu_alice_2024,https://www.instagram.com/agu_alice_2024/,青山学院大学アリス テニスサークル 新歓2024,323,323,circle_official,public,profile_explicit,hub_followers,aogaku_tv,表示名に青山学院大学のテニスサークル新歓アカウントと旧アカウントである旨を明記,https://www.instagram.com/agu_alice_2024/,A,2026-08-11,unknown,not_checked,,青学TVの公開フォロワー検索で確認。旧アカウント
aguboat_shinkan2025,https://www.instagram.com/aguboat_shinkan2025/,青山学院大学ボート部新歓,258,258,circle_official,public,profile_explicit,hub_followers,agu_info,表示名と自己紹介に青山学院大学ボート部の新歓アカウントを明記,https://www.instagram.com/aguboat_shinkan2025/,A,2026-08-11,unknown,not_checked,,青学情報局の公開フォロワー検索で確認
urc2026_shinkan,https://www.instagram.com/urc2026_shinkan/,青山学院大学URC 新歓,142,142,circle_official,public,profile_explicit,hub_followers,agu_info,表示名と自己紹介に青山学院大学United Rhythm Carriersの新歓アカウントを明記,https://www.instagram.com/urc2026_shinkan/,A,2026-08-11,unknown,not_checked,,青学情報局の公開フォロワー検索で確認
agu.horse,https://www.instagram.com/agu.horse/,青山学院大学体育会馬術部,1805,1805,circle_official,public,profile_explicit,hub_followers,agr_rugby,表示名と自己紹介に青学馬術部員が運営する青山学院大学体育会馬術部を明記,https://www.instagram.com/agu.horse/,A,2026-08-11,unknown,not_checked,,青学ラグビー部の公開フォロワー検索で確認
agu_fit2025,https://www.instagram.com/agu_fit2025/,青学筋トレサークル ANABOLIC,163,163,circle_official,public,profile_explicit,hub_followers,aogaku_fitness,表示名と自己紹介に青学の筋トレサークルを明記,https://www.instagram.com/agu_fit2025/,A,2026-08-11,unknown,not_checked,,青学フィットネスセンターの公開フォロワー検索で確認
agu_aikidoclub,https://www.instagram.com/agu_aikidoclub/,青山学院大学体育会合気道部,945,945,circle_official,public,profile_explicit,hub_followers,aogaku_fitness,表示名とプロフィールに青山学院大学体育会合気道部を明記,https://www.instagram.com/agu_aikidoclub/,A,2026-08-11,unknown,not_checked,,青学フィットネスセンターの公開フォロワー検索で確認
crc_agu,https://www.instagram.com/crc_agu/,CRC 青山学院大学理工宇宙科学研究部,1014,1014,circle_official,public,profile_explicit,hub_followers,aogaku_fitness,表示名と自己紹介に青山学院大学理工宇宙科学研究部を明記,https://www.instagram.com/crc_agu/,A,2026-08-11,unknown,not_checked,,青学フィットネスセンターの公開フォロワー検索で確認
agubadminton_official,https://www.instagram.com/agubadminton_official/,【公式】青山学院大学体育会バドミントン部,1216,1216,circle_official,public,profile_explicit,keyword_search,,表示名と自己紹介に青山学院大学体育会バドミントン部を明記。公式表記あり,https://www.instagram.com/agubadminton_official/,A,2026-08-17,unknown,not_checked,,公開プロフィールを画面確認
agu_coffellowmellow,https://www.instagram.com/agu_coffellowmellow/,青山珈琲愛好会 Coffellow Mellow Aoyama,1370,1370,circle_official,public,ambiguous_context,hub_followers,aogaku_fitness,表示名にAoyamaとaguハンドルを含むが青山学院大学の明記はプロフィールで未確認,https://www.instagram.com/agu_coffellowmellow/,C,2026-08-11,unknown,not_checked,,青学フィットネスセンターの公開フォロワー検索で確認。初回DM対象外
aoyama_shodo,https://www.instagram.com/aoyama_shodo/,青山学院大学書道研究部,424,424,circle_official,public,profile_explicit,hub_followers,aogaku_fitness,表示名と自己紹介に青山学院大学書道研究部公式を明記,https://www.instagram.com/aoyama_shodo/,A,2026-08-11,unknown,not_checked,,青学フィットネスセンターの公開フォロワー検索で確認
aoyamagakuin_wrestling_team,https://www.instagram.com/aoyamagakuin_wrestling_team/,青山学院大学レスリング部,1337,1337,circle_official,public,profile_explicit,hub_followers,aogaku_fitness,表示名と自己紹介に青山学院大学レスリング部を明記,https://www.instagram.com/aoyamagakuin_wrestling_team/,A,2026-08-11,unknown,not_checked,,青学フィットネスセンターの公開フォロワー検索で確認
efl._aoyama0501,https://www.instagram.com/efl._aoyama0501/,EFL 青山学院大学公認サークル,107,107,circle_official,public,profile_explicit,hub_followers,aogaku_fitness,表示名と自己紹介に青山学院大学公認サークルと明記,https://www.instagram.com/efl._aoyama0501/,A,2026-08-11,unknown,not_checked,,青学フィットネスセンターの公開フォロワー検索で確認
aogaku_tencha,https://www.instagram.com/aogaku_tencha/,青学tencha 春から青学 情報,3987,3987,student_media,public,profile_explicit,hub_followers,aguwindbaton,表示名と自己紹介に青学生向けの情報発信と青学のサークル・部活ガイドを明記,https://www.instagram.com/aogaku_tencha/,A,2026-08-11,unknown,not_checked,,青学吹奏楽バトン部の公開フォロワー検索で確認
agu_iai,https://www.instagram.com/agu_iai/,青山学院大学体育会居合道部,558,558,circle_official,public,profile_explicit,hub_followers,aguwindbaton,表示名と自己紹介に青山学院大学体育会居合道部を明記,https://www.instagram.com/agu_iai/,A,2026-08-11,unknown,not_checked,,青学吹奏楽バトン部の公開フォロワー検索で確認
aogaku_cec,https://www.instagram.com/aogaku_cec/,青山学院大学シビックエンゲージメントセンター学生スタッフ,344,344,student_media,public,profile_explicit,keyword_search,,自己紹介に青山学院大学シビックエンゲージメントセンター（CEC）の学生スタッフが運営する公式アカウントと明記。,https://www.instagram.com/aogaku_cec/,A,2026-08-17,unknown,not_checked,,2026-08-17にInstagram公開プロフィールを手動確認。公式・公認の範囲はプロフィール上の自己記載に基づく
aogaku_aa_ehime,https://www.instagram.com/aogaku_aa_ehime/,青山学院校友会愛媛支部,56,56,other,public,profile_explicit,hub_followers,agubbc_official,表示名と自己紹介に青山学院校友会愛媛支部を明記,https://www.instagram.com/aogaku_aa_ehime/,A,2026-08-11,unknown,not_checked,,青学硬式野球部の公開フォロワー検索で確認
aogaku.shinryoku,https://www.instagram.com/aogaku.shinryoku/,新緑会/青山学院校友会,476,476,other,public,profile_explicit,hub_followers,agubbc_official,表示名と自己紹介に青山学院校友会の次世代委員会を明記,https://www.instagram.com/aogaku.shinryoku/,A,2026-08-11,unknown,not_checked,,青学硬式野球部の公開フォロワー検索で確認
aoyama_naginata,https://www.instagram.com/aoyama_naginata/,【公式】青山学院大学薙刀サークル,29,29,circle_official,public,profile_explicit,hub_followers,agubbc_official,表示名と自己紹介に青山学院大学薙刀サークル公式を明記,https://www.instagram.com/aoyama_naginata/,A,2026-08-11,unknown,not_checked,,青学硬式野球部の公開フォロワー検索で確認
activist.agu,https://www.instagram.com/activist.agu/,青学投資サークル ACTIVIST,94,94,circle_official,public,profile_explicit,hub_followers,agu_panthers,表示名と自己紹介に青学投資サークルと#春から青学を明記,https://www.instagram.com/activist.agu/,A,2026-08-11,unknown,not_checked,,青学Panthersの公開フォロワー検索で確認
aogaku.radio,https://www.instagram.com/aogaku.radio/,青学マスコミ研究会ラジオ班,253,253,circle_official,public,profile_explicit,hub_followers,agu_panthers,表示名と自己紹介に青学マスコミ研究会ラジオ班公式を明記,https://www.instagram.com/aogaku.radio/,A,2026-08-11,unknown,not_checked,,青学Panthersの公開フォロワー検索で確認
agu_trend,https://www.instagram.com/agu_trend/,青学メディア トレンドまとめ,82,82,student_media,public,profile_explicit,hub_followers,agu_panthers,表示名と自己紹介に青学生向けの情報メディアを明記,https://www.instagram.com/agu_trend/,A,2026-08-11,unknown,not_checked,,青学Panthersの公開フォロワー検索で確認
aoyama_ekidenoentai,https://www.instagram.com/aoyama_ekidenoentai/,青学駅伝応援コミュニティ,62,62,student_media,public,profile_explicit,hub_followers,agu_panthers,自己紹介に現役青山学院生10名によるコミュニティと明記,https://www.instagram.com/aoyama_ekidenoentai/,A,2026-08-11,unknown,not_checked,,青学Panthersの公開フォロワー検索で確認
agucheer_official,https://www.instagram.com/agucheer_official/,青山学院大学 体育会チアリーディング部 REESES,3222,3222,circle_official,public,profile_explicit,hub_followers,agu_panthers,表示名と自己紹介に青山学院大学体育会チアリーディング部公式を明記,https://www.instagram.com/agucheer_official/,A,2026-08-11,unknown,not_checked,,青学Panthersの公開フォロワー検索で確認
aguh_2026,https://www.instagram.com/aguh_2026/,青山学院大学 アイスホッケー部門,2023,2023,circle_official,public,profile_explicit,hub_followers,agu_panthers,表示名と自己紹介に青山学院大学アイススケート部ホッケー部門公式を明記,https://www.instagram.com/aguh_2026/,A,2026-08-11,unknown,not_checked,,青学Panthersの公開フォロワー検索で確認
agu.rubberbaseball,https://www.instagram.com/agu.rubberbaseball/,青山学院大学体育会軟式野球部,1174,1174,circle_official,public,profile_explicit,hub_followers,agu_panthers,表示名と自己紹介に青山学院大学体育会軟式野球部を明記,https://www.instagram.com/agu.rubberbaseball/,A,2026-08-11,unknown,not_checked,,青学Panthersの公開フォロワー検索で確認
agu_chatters,https://www.instagram.com/agu_chatters/,青山学院大学Chattersチアダンス愛好会,1653,1653,circle_official,public,profile_explicit,hub_followers,agu_panthers,表示名と自己紹介に青山学院大学のチアダンス愛好会を明記,https://www.instagram.com/agu_chatters/,A,2026-08-11,unknown,not_checked,,青学Panthersの公開フォロワー検索で確認
agtimes_agu,https://www.instagram.com/agtimes_agu/,AGTimes #春から青学,2570,2570,student_media,public,profile_explicit,hub_followers,agu_panthers,表示名と自己紹介に青学生向け情報メディアを明記,https://www.instagram.com/agtimes_agu/,A,2026-08-11,unknown,not_checked,,青学Panthersの公開フォロワー検索で確認
aogaku.shinbun,https://www.instagram.com/aogaku.shinbun/,青山学院大学 新聞編集委員会,506,506,student_media,public,profile_explicit,hub_followers,agu_panthers,表示名と自己紹介に青山学院大学学友会直属の青学新聞を明記,https://www.instagram.com/aogaku.shinbun/,A,2026-08-11,unknown,not_checked,,青学Panthersの公開フォロワー検索で確認
aogakukaruta,https://www.instagram.com/aogakukaruta/,青山学院大学 かるた愛好会,432,432,circle_official,public,profile_explicit,hub_followers,agu_panthers,表示名と自己紹介に青山学院大学公認サークルを明記,https://www.instagram.com/aogakukaruta/,A,2026-08-11,unknown,not_checked,,青学Panthersの公開フォロワー検索で確認
aoyamaramenass,https://www.instagram.com/aoyamaramenass/,青山ラーメン会,91,91,circle_official,public,profile_explicit,hub_followers,agu_panthers,自己紹介に青山学院大学発ラーメンサークルと明記,https://www.instagram.com/aoyamaramenass/,A,2026-08-11,unknown,not_checked,,青学Panthersの公開フォロワー検索で確認
aoyama.hack,https://www.instagram.com/aoyama.hack/,青山ハック,5894,5894,student_media,public,profile_explicit,hub_followers,agu_panthers,自己紹介に現役青学生による青山学院大学の非公式メディアと明記,https://www.instagram.com/aoyama.hack/,A,2026-08-11,unknown,not_checked,,青学Panthersの公開フォロワー検索で確認
glowlab.aoyama,https://www.instagram.com/glowlab.aoyama/,Glow Lab,214,214,other,public,ambiguous_context,hub_followers,agu_panthers,アカウント名にaoyamaがあり都内大学生向け団体だが青山学院大学との関係は未確認,https://www.instagram.com/glowlab.aoyama/,C,2026-08-11,unknown,not_checked,,青学Panthersの公開フォロワー検索で確認。初回DM対象外
sengoku.aguasia,https://www.instagram.com/sengoku.aguasia/,じゅん,250,250,other,public,ambiguous_context,hub_followers,agu_panthers,自己紹介とハッシュタグに青山学院大学・青学を明記する個人ファンアカウント,https://www.instagram.com/sengoku.aguasia/,C,2026-08-11,unknown,not_checked,,青学Panthersの公開フォロワー検索で確認。初回DM対象外
agu_rikou_yacht,https://www.instagram.com/agu_rikou_yacht/,青山学院大学 理工ヨットセーリングクラブ,638,638,circle_official,public,profile_explicit,hub_followers,aogaku_caps,表示名と自己紹介に青山学院大学公認の理工ヨット部を明記,https://www.instagram.com/agu_rikou_yacht/,A,2026-08-11,unknown,not_checked,,青学キャップスの公開フォロワー検索で確認
agu_kempo,https://www.instagram.com/agu_kempo/,青山学院大学 拳法部,908,908,circle_official,public,profile_explicit,hub_followers,aogaku_caps,表示名と自己紹介に青山学院大学体育会拳法部公式を明記,https://www.instagram.com/agu_kempo/,A,2026-08-11,unknown,not_checked,,青学キャップスの公開フォロワー検索で確認
agu_shorinji,https://www.instagram.com/agu_shorinji/,青山学院大学体育会少林寺拳法部,1882,1882,circle_official,public,profile_explicit,keyword_search,,表示名に青山学院大学体育会少林寺拳法部と明記。,https://www.instagram.com/agu_shorinji/,A,2026-08-17,unknown,not_checked,,2026-08-17にInstagram公開プロフィールを手動確認。団体アカウントのため個人年齢は対象外
agu_pickleball,https://www.instagram.com/agu_pickleball/,青山学院大学ピックルボール愛好会,818,818,circle_official,public,profile_explicit,hub_followers,aogaku_caps,表示名と自己紹介に青山学院大学公認サークルを明記,https://www.instagram.com/agu_pickleball/,A,2026-08-11,unknown,not_checked,,青学キャップスの公開フォロワー検索で確認
agu__fishing,https://www.instagram.com/agu__fishing/,青山学院大学 釣りサークル,745,745,circle_official,public,profile_explicit,hub_followers,aogaku_caps,表示名に青山学院大学釣りサークルを明記,https://www.instagram.com/agu__fishing/,A,2026-08-11,unknown,not_checked,,青学キャップスの公開フォロワー検索で確認
ideal_aogaku,https://www.instagram.com/ideal_aogaku/,青山学院大学国際ボランティアサークルideal,216,216,circle_official,public,profile_explicit,hub_followers,aogaku_caps,表示名と自己紹介に青山学院大学の国際ボランティアサークルを明記,https://www.instagram.com/ideal_aogaku/,A,2026-08-11,unknown,not_checked,,青学キャップスの公開フォロワー検索で確認
aogaku_ryokouketsuke,https://www.instagram.com/aogaku_ryokouketsuke/,青山学院購買会 旅行・受付カウンター,251,251,other,public,profile_explicit,hub_followers,aogaku_caps,表示名と自己紹介に青学キャンパス内の購買会を明記,https://www.instagram.com/aogaku_ryokouketsuke/,A,2026-08-11,unknown,not_checked,,青学キャップスの公開フォロワー検索で確認
aogaku_precure,https://www.instagram.com/aogaku_precure/,青山学院プリキュア愛好会,110,110,circle_official,public,profile_explicit,hub_followers,aogaku_caps,表示名と自己紹介に青山学院大学公認サークルを明記,https://www.instagram.com/aogaku_precure/,A,2026-08-11,unknown,not_checked,,青学キャップスの公開フォロワー検索で確認
we_are_aogaku,https://www.instagram.com/we_are_aogaku/,青学生のための情報アカウント,17,17,student_media,public,profile_explicit,hub_followers,aogaku_caps,自己紹介に青学生向けの部活動・サークル情報アカウントと明記,https://www.instagram.com/we_are_aogaku/,A,2026-08-11,unknown,not_checked,,青学キャップスの公開フォロワー検索で確認
aogaku_careernavi,https://www.instagram.com/aogaku_careernavi/,アオナビ!! @青学の就活情報,1219,1219,student_media,public,profile_explicit,hub_followers,aogaku_caps,表示名とプロフィールに青学の就活情報を明記,https://www.instagram.com/aogaku_careernavi/,A,2026-08-11,unknown,not_checked,,青学キャップスの公開フォロワー検索で確認
aogakuigo,https://www.instagram.com/aogakuigo/,青山学院大学囲碁部,229,229,circle_official,public,profile_explicit,hub_followers,aogaku_caps,表示名と自己紹介に青山学院大学囲碁部を明記,https://www.instagram.com/aogakuigo/,A,2026-08-17,unknown,not_checked,,2026-08-17にInstagram公開プロフィールを再確認。学校公認とはプロフィールから断定しない
aogaku_celt,https://www.instagram.com/aogaku_celt/,青山学院大学 ケルト音楽愛好会,292,292,circle_official,public,profile_explicit,hub_followers,aogaku_caps,表示名と自己紹介に青山学院大学公認サークルを明記,https://www.instagram.com/aogaku_celt/,A,2026-08-11,unknown,not_checked,,青学キャップスの公開フォロワー検索で確認
agu_bishoku,https://www.instagram.com/agu_bishoku/,青学大美食倶楽部,104,104,circle_official,public,profile_explicit,hub_followers,aogaku.magazine,表示名に青学大の美食倶楽部を明記,https://www.instagram.com/agu_bishoku/,A,2026-08-11,unknown,not_checked,,青学マガジンの公開フォロワー検索で確認
agupoker_jj,https://www.instagram.com/agupoker_jj/,青学ポーカー愛好会JJ,407,407,circle_official,public,profile_explicit,keyword_search,,表示名と自己紹介に青山学院大学公認サークルを明記,https://www.instagram.com/agupoker_jj/,A,2026-08-17,unknown,not_checked,,2026-08-17にInstagram公開プロフィールを手動確認。青山キャンパスで活動する団体アカウント
mint_agu_2026,https://www.instagram.com/mint_agu_2026/,青山学院大学 mint,1124,1124,circle_official,public,profile_explicit,hub_followers,aogaku.magazine,表示名と自己紹介に青学最大のバドミントンサークルを明記,https://www.instagram.com/mint_agu_2026/,A,2026-08-11,unknown,not_checked,,青学マガジンの公開フォロワー検索で確認
hermits_agu_2026,https://www.instagram.com/hermits_agu_2026/,青山学院大学ハーミッツテニス愛好会,809,809,circle_official,public,profile_explicit,hub_followers,aogaku.magazine,表示名と自己紹介に青学公認テニスサークルを明記,https://www.instagram.com/hermits_agu_2026/,A,2026-08-11,unknown,not_checked,,青学マガジンの公開フォロワー検索で確認
agu_eleu_2026,https://www.instagram.com/agu_eleu_2026/,エレウテリアローンテニス愛好会2026,953,953,circle_official,public,profile_explicit,hub_followers,aogaku.magazine,自己紹介に青山学院大学公認テニスサークルを明記,https://www.instagram.com/agu_eleu_2026/,A,2026-08-11,unknown,not_checked,,青学マガジンの公開フォロワー検索で確認
agu_taco,https://www.instagram.com/agu_taco/,青山学院大学 TAQUERIAタコス愛好団体【タコスサークル】,936,936,circle_official,public,profile_explicit,hub_followers,aogaku.magazine,表示名と自己紹介に青山学院大学タコスサークルを明記,https://www.instagram.com/agu_taco/,A,2026-08-11,unknown,not_checked,,青学マガジンの公開フォロワー検索で確認
agu_rikou_yacht_26,https://www.instagram.com/agu_rikou_yacht_26/,【新歓】青学 理工ヨット 2026,326,326,circle_official,public,profile_explicit,hub_followers,aogaku.magazine,表示名と自己紹介に青山学院公認の部活を明記,https://www.instagram.com/agu_rikou_yacht_26/,A,2026-08-11,unknown,not_checked,,青学マガジンの公開フォロワー検索で確認
aogakuclimbing_2026,https://www.instagram.com/aogakuclimbing_2026/,青山学院大学体育会山岳部 クライミング班 @aogaku_climbing,41,41,circle_official,public,profile_explicit,hub_followers,aogaku.magazine,表示名に青山学院大学体育会山岳部クライミング班を明記,https://www.instagram.com/aogakuclimbing_2026/,A,2026-08-11,unknown,not_checked,,青学マガジンの公開フォロワー検索で確認
ef_aogaku_amb,https://www.instagram.com/ef_aogaku_amb/,EF Aogaku Ambassador,41,41,student_media,public,profile_explicit,hub_followers,aogaku.magazine,自己紹介にEFと青学のアンバサダーで青学生が運営と明記,https://www.instagram.com/ef_aogaku_amb/,A,2026-08-11,unknown,not_checked,,青学マガジンの公開フォロワー検索で確認
agu_ekiden.r,https://www.instagram.com/agu_ekiden.r/,青学応援gram,314,314,other,public,profile_explicit,hub_followers,aogaku_tv,プロフィールに青山学院大学駅伝部を11年前から応援している旨を明記,https://www.instagram.com/agu_ekiden.r/,B,2026-08-11,unknown,not_checked,,青学TVの公開フォロワー検索で確認
aogaku_style_official,https://www.instagram.com/aogaku_style_official/,青学スタイル新聞,154,154,student_media,public,profile_explicit,hub_followers,aogaku_tv,プロフィールに青学周辺情報と学生生活の情報発信を明記,https://www.instagram.com/aogaku_style_official/,A,2026-08-11,unknown,not_checked,,青学TVの公開フォロワー検索で確認
aogaku.ekiden.fan,https://www.instagram.com/aogaku.ekiden.fan/,青学駅伝応援アカウント,281,281,student_media,public,profile_explicit,hub_followers,aogaku_tv,プロフィールに青山学院OBで駅伝ファンと明記,https://www.instagram.com/aogaku.ekiden.fan/,A,2026-08-11,unknown,not_checked,,青学TVの公開フォロワー検索で確認
agu_butagei,https://www.instagram.com/agu_butagei/,【青学公認】総合舞台芸術愛好会 ぶたげい,252,252,circle_official,public,profile_explicit,hub_followers,aogaku_tv,表示名とプロフィールに青山学院大学公認演劇サークルを明記,https://www.instagram.com/agu_butagei/,A,2026-08-11,unknown,not_checked,,青学TVの公開フォロワー検索で確認
aogakuzuki,https://www.instagram.com/aogakuzuki/,青学オタク💚,89,89,other,public,profile_explicit,hub_followers,aogaku_tv,表示名に青学オタクと明記されるが学生・所属は確認できない,https://www.instagram.com/aogakuzuki/,C,2026-08-11,unknown,not_checked,,青学TVの公開フォロワー検索で確認。初回DM対象外
ekiden0624,https://www.instagram.com/ekiden0624/,青学好きすぎる！,39,39,other,public,profile_explicit,hub_followers,aogaku_tv,表示名と自己紹介に青学ファンと駅伝鑑賞を明記するが所属は確認できない,https://www.instagram.com/ekiden0624/,C,2026-08-11,unknown,not_checked,,青学TVの公開フォロワー検索で確認。初回DM対象外
nana_ekibenn,https://www.instagram.com/nana_ekibenn/,青学しか勝たん！,52,52,other,public,profile_explicit,hub_followers,aogaku_tv,表示名と自己紹介に青学ファンと記載するが所属は確認できない,https://www.instagram.com/nana_ekibenn/,C,2026-08-11,unknown,not_checked,,青学TVの公開フォロワー検索で確認。初回DM対象外
agu_sailingteam,https://www.instagram.com/agu_sailingteam/,青山学院大学体育会ヨット部,1038,1038,circle_official,public,profile_explicit,hub_followers,aogaku_tv,表示名と自己紹介に青山学院大学体育会ヨット部を明記,https://www.instagram.com/agu_sailingteam/,A,2026-08-16,unknown,not_checked,,青学TVの公開フォロワー検索で確認
agufootball_lightning,https://www.instagram.com/agufootball_lightning/,青山学院大学体育会アメリカンフットボール部,3586,3586,circle_official,public,profile_explicit,hub_followers,aogaku_tv,表示名と自己紹介に青山学院大学体育会アメフト部を明記,https://www.instagram.com/agufootball_lightning/,A,2026-08-11,unknown,not_checked,,青学TVの公開フォロワー検索で確認
agu_usademoski,https://www.instagram.com/agu_usademoski/,青山学院大学USAスキー愛好会,425,425,circle_official,public,profile_explicit,hub_followers,aogaku_tv,表示名と自己紹介に青学公認サークルを明記,https://www.instagram.com/agu_usademoski/,A,2026-08-11,unknown,not_checked,,青学TVの公開フォロワー検索で確認
agupowerlifting,https://www.instagram.com/agupowerlifting/,青山学院大学パワーリフティング部,876,876,circle_official,public,profile_explicit,hub_followers,aogaku_tv,表示名に青山学院大学パワーリフティング部を明記,https://www.instagram.com/agupowerlifting/,A,2026-08-11,unknown,not_checked,,青学TVの公開フォロワー検索で確認
agu_cools_official,https://www.instagram.com/agu_cools_official/,青山学院大学 軟式野球cools愛好会,277,277,circle_official,public,profile_explicit,hub_followers,aogaku_tv,表示名に青山学院大学の軟式野球愛好会を明記,https://www.instagram.com/agu_cools_official/,A,2026-08-11,unknown,not_checked,,青学TVの公開フォロワー検索で確認
aogaku43,https://www.instagram.com/aogaku43/,blue,80,80,other,public,profile_explicit,hub_followers,aogaku_tv,自己紹介にaogakuとOBの記載があるが所属の詳細は確認できない,https://www.instagram.com/aogaku43/,C,2026-08-11,unknown,not_checked,,青学TVの公開フォロワー検索で確認。初回DM対象外
aogaku_cricket,https://www.instagram.com/aogaku_cricket/,青山学院大学 クリケットクラブ[AGCC],239,239,circle_official,public,profile_explicit,hub_followers,aogaku_tv,表示名と自己紹介に青山学院大学クリケットクラブ公式と明記,https://www.instagram.com/aogaku_cricket/,A,2026-08-11,unknown,not_checked,,青学TVの公開フォロワー検索で確認
aogaku_monnki_1121,https://www.instagram.com/aogaku_monnki_1121/,モンキー,212,212,other,public,profile_explicit,hub_followers,aogaku_tv,自己紹介に青学と駅伝選手への応援を明記するが所属は確認できない,https://www.instagram.com/aogaku_monnki_1121/,C,2026-08-11,unknown,not_checked,,青学TVの公開フォロワー検索で確認。初回DM対象外
ekiden__aogaku,https://www.instagram.com/ekiden__aogaku/,なこ,31,31,other,public,profile_explicit,hub_followers,aogaku_tv,自己紹介に青学と駅伝を明記するが所属は確認できない,https://www.instagram.com/ekiden__aogaku/,C,2026-08-11,unknown,not_checked,,青学TVの公開フォロワー検索で確認。初回DM対象外
aogakuooooooen,https://www.instagram.com/aogakuooooooen/,🏃‍♂️,212,212,other,public,profile_explicit,hub_followers,aogaku_tv,自己紹介に青山学院と特定選手への応援を明記するが所属は確認できない,https://www.instagram.com/aogakuooooooen/,C,2026-08-11,unknown,not_checked,,青学TVの公開フォロワー検索で確認。初回DM対象外
naoto.aogaku,https://www.instagram.com/naoto.aogaku/,Yuuri,101,101,other,public,profile_explicit,hub_followers,aogaku_tv,自己紹介に青山学院大学と駅伝選手への応援を明記するが所属は確認できない,https://www.instagram.com/naoto.aogaku/,C,2026-08-11,unknown,not_checked,,青学TVの公開フォロワー検索で確認。初回DM対象外
aoyamagakuinuniversity,https://www.instagram.com/aoyamagakuinuniversity/,青山学院大学 / Aoyama Gakuin U.,52000,5.2万,other,public,profile_explicit,hub_followers,aogaku_tv,表示名と自己紹介に青山学院大学公式アカウントを明記,https://www.instagram.com/aoyamagakuinuniversity/,A,2026-08-11,unknown,not_checked,,青学TVの公開フォロワー検索で確認
aogaku_mandolin,https://www.instagram.com/aogaku_mandolin/,青山学院大学リズムマンドリーノ,418,418,circle_official,public,profile_explicit,hub_followers,agu_info,表示名に青山学院大学の公式音楽団体を明記,https://www.instagram.com/aogaku_mandolin/,A,2026-08-11,unknown,not_checked,,青学関連ハブの公開フォロワー検索で確認
auxcerises_aogaku,https://www.instagram.com/auxcerises_aogaku/,Aux Cerises 青山学院大学ジャグリング愛好会,463,463,circle_official,public,profile_explicit,hub_followers,agu_info,自己紹介に青学公認ジャグリングサークルと明記,https://www.instagram.com/auxcerises_aogaku/,A,2026-08-11,unknown,not_checked,,青学関連ハブの公開フォロワー検索で確認
aogaku_fudousan,https://www.instagram.com/aogaku_fudousan/,青山学院購買会　不動産チーム,99,99,other,public,profile_explicit,hub_followers,agu_info,自己紹介に青山学院大学生の部屋探しと学内専任スタッフを明記,https://www.instagram.com/aogaku_fudousan/,A,2026-08-11,unknown,not_checked,,青学関連ハブの公開フォロワー検索で確認
aogakukotosyaku,https://www.instagram.com/aogakukotosyaku/,青山学院大学箏尺八研究会,157,157,circle_official,public,profile_explicit,hub_followers,agu_info,自己紹介に青山学院大学公認部活動と明記,https://www.instagram.com/aogakukotosyaku/,A,2026-08-11,unknown,not_checked,,青学関連ハブの公開フォロワー検索で確認
aoyama_agrc,https://www.instagram.com/aoyama_agrc/,青山学院大学学生フォーミュラチーム AGRC,600,600,circle_official,public,profile_explicit,hub_followers,agu_info,表示名とプロフィールに青山学院大学の学生フォーミュラチームを明記,https://www.instagram.com/aoyama_agrc/,A,2026-08-11,unknown,not_checked,,青学関連ハブの公開フォロワー検索で確認
aoyamafsc,https://www.instagram.com/aoyamafsc/,青山学院大学体育会アイススケート部フィギュア部門【公式】,727,727,circle_official,public,profile_explicit,hub_followers,agu_info,表示名とプロフィールに青山学院大学体育会アイススケート部を明記,https://www.instagram.com/aoyamafsc/,A,2026-08-11,unknown,not_checked,,青学関連ハブの公開フォロワー検索で確認
soaring_team_aoyama,https://www.instagram.com/soaring_team_aoyama/,青山学院大学 体育会航空部,899,899,circle_official,public,profile_explicit,hub_followers,agu_info,表示名に青山学院大学体育会航空部を明記,https://www.instagram.com/soaring_team_aoyama/,A,2026-08-11,unknown,not_checked,,青学関連ハブの公開フォロワー検索で確認
aoyama_afa,https://www.instagram.com/aoyama_afa/,AOYAMA FASHION ASSOCIATION,1992,1992,student_media,public,profile_explicit,hub_followers,agu_info,自己紹介にAoyama Gakuin Univ.を拠点とするファッションコミュニティと明記,https://www.instagram.com/aoyama_afa/,A,2026-08-11,unknown,not_checked,,青学関連ハブの公開フォロワー検索で確認
monako0515,https://www.instagram.com/monako0515/,Monako,1165000,116.5万人,individual,public,mention_or_tag,hashtag,aoyamalife,青山学院大学の公開メディアaoyamalifeの投稿で青学生としてメイク紹介。プロフィールは公開だが現在の在籍状況は未確認,https://www.instagram.com/aoyamalife/p/Cc7y5FGLT8d/,C,2026-08-11,unknown,not_checked,,公開プロフィール。青学との関係は過去投稿に基づくため初回DM対象外
aoyama_box_club,https://www.instagram.com/aoyama_box_club/,青山学院大学体育会ボクシング部,731,731,circle_official,public,profile_explicit,hub_followers,agu_info,表示名とプロフィールに青山学院大学体育会ボクシング部を明記,https://www.instagram.com/aoyama_box_club/,A,2026-08-11,unknown,not_checked,,青学関連ハブの公開フォロワー検索で確認
takeda_seminar,https://www.instagram.com/takeda_seminar/,青山学院大学 竹田ゼミナール,629,629,other,public,profile_explicit,hub_followers,agu_info,表示名と自己紹介に青山学院大学経営学部のゼミナールを明記,https://www.instagram.com/takeda_seminar/,A,2026-08-11,unknown,not_checked,,青学関連ハブの公開フォロワー検索で確認
aogaku_chess_circle,https://www.instagram.com/aogaku_chess_circle/,青山学院大学チェスサークル,977,977,circle_official,public,profile_explicit,hub_followers,agu_info,表示名に青山学院大学チェスサークルを明記,https://www.instagram.com/aogaku_chess_circle/,A,2026-08-11,unknown,not_checked,,青学関連ハブの公開フォロワー検索で確認
aogakubijozukan,https://www.instagram.com/aogakubijozukan/,青学美女図鑑（非公式）,1712,1712,student_media,public,profile_explicit,hub_followers,agu_info,表示名に青学を明記し自己紹介に#ミス青山と記載,https://www.instagram.com/aogakubijozukan/,A,2026-08-11,unknown,not_checked,,青学関連ハブの公開フォロワー検索で確認
shirouma_hutte,https://www.instagram.com/shirouma_hutte/,青学 白馬ヒュッテ運営委員会,328,328,circle_official,public,profile_explicit,hub_followers,agu_info,自己紹介に青学と青学生だけで小屋を管理運営すると明記,https://www.instagram.com/shirouma_hutte/,A,2026-08-11,unknown,not_checked,,青学関連ハブの公開フォロワー検索で確認
agumasuken.event,https://www.instagram.com/agumasuken.event/,青学マスコミ研究会イベント班,402,402,circle_official,public,profile_explicit,hub_followers,agu_info,自己紹介に青学マスコミ研究会と青山祭イベント班を明記,https://www.instagram.com/agumasuken.event/,A,2026-08-11,unknown,not_checked,,青学関連ハブの公開フォロワー検索で確認
agu_munashes,https://www.instagram.com/agu_munashes/,【青学公認】ムナッシュズソフトボール愛好会,662,662,circle_official,public,profile_explicit,hub_followers,agu_info,表示名に青学公認と自己紹介に青学唯一のソフトボールサークルを明記,https://www.instagram.com/agu_munashes/,A,2026-08-11,unknown,not_checked,,青学関連ハブの公開フォロワー検索で確認
soleil_agu,https://www.instagram.com/soleil_agu/,[青学公認サークル]Soleil世界観光愛好会,404,404,circle_official,public,profile_explicit,hub_followers,agu_info,表示名に青学公認サークルと明記,https://www.instagram.com/soleil_agu/,A,2026-08-11,unknown,not_checked,,青学関連ハブの公開フォロワー検索で確認
aoyama_shukatsu_aspire,https://www.instagram.com/aoyama_shukatsu_aspire/,青学就活コミュニティAspire,597,597,student_media,public,profile_explicit,hub_followers,agu_info,自己紹介に青学特化の就活コミュニティと明記,https://www.instagram.com/aoyama_shukatsu_aspire/,A,2026-08-11,unknown,not_checked,,青学関連ハブの公開フォロワー検索で確認
t_and_f_lovers_agu,https://www.instagram.com/t_and_f_lovers_agu/,青山学院大学陸上愛好会《公式》,411,411,circle_official,public,profile_explicit,hashtag,,青山学院大学公認陸上サークルとプロフィールに明記,https://www.instagram.com/t_and_f_lovers_agu/,A,2026-08-11,unknown,not_checked,,
agu_panthers,https://www.instagram.com/agu_panthers/,青山学院大学💚Panthers,2156,2156,circle_official,public,profile_explicit,hashtag,,プロフィールに青山学院大学吹奏楽バトントワリング部と明記,https://www.instagram.com/agu_panthers/,A,2026-08-11,unknown,not_checked,,
aoyama_misscon,https://www.instagram.com/aoyama_misscon/,青山ミスコン｟公式｠,13000,1.3万,event,public,ambiguous_context,hashtag,miscolle_press,青山ミスコン公式だがプロフィールに青山学院大学とは一切関係ないと明記,https://www.instagram.com/aoyama_misscon/,C,2026-08-11,unknown,not_checked,,青学とは無関係と明記されているため要注意
kanon_saito0531,https://www.instagram.com/kanon_saito0531/,斉藤 花音/ Kanon Saito,8960,8960,individual,public,mention_or_tag,hashtag,aoyama_misscon,青山ミスコン2025参加者として公開投稿でタグ付け。青学生であることは未確認,https://www.instagram.com/p/DLml3hSTW0B/,C,2026-08-11,unknown,not_checked,,青学在籍は確認できないため初回DM対象外
agr_rugby,https://www.instagram.com/agr_rugby/,青山学院大学体育会ラグビー部,5320,5320,circle_official,public,profile_explicit,keyword_search,,青山学院大学体育会ラグビー部公式アカウントと明記,https://www.instagram.com/agr_rugby/,A,2026-08-11,unknown,not_checked,,
agubbc_official,https://www.instagram.com/agubbc_official/,青山学院大学硬式野球部【公式】,9024,9024,circle_official,public,profile_explicit,keyword_search,,青山学院大学硬式野球部公式アカウントと明記,https://www.instagram.com/agubbc_official/,A,2026-08-11,unknown,not_checked,,
agu_vazu,https://www.instagram.com/agu_vazu/,青学 サークル VAZU,527,527,circle_official,public,profile_explicit,keyword_search,,青学サークル・青山学院大学インカレと明記,https://www.instagram.com/agu_vazu/,A,2026-08-11,unknown,not_checked,,
virgo_agu,https://www.instagram.com/virgo_agu/,青山学院大学 フットサルサークル VIRGO,1258,1258,circle_official,public,profile_explicit,keyword_search,,青山学院大学フットサルサークルと明記,https://www.instagram.com/virgo_agu/,A,2026-08-11,unknown,not_checked,,
agu_info,https://www.instagram.com/agu_info/,青学情報局,6452,6452,student_media,public,profile_explicit,keyword_search,,現役青学生による青学生向け学生メディアと明記,https://www.instagram.com/agu_info/,A,2026-08-11,unknown,not_checked,,大学非公認の学生団体
fra_ao_,https://www.instagram.com/fra_ao_/,難攻不落の青学生,6174,6174,student_media,public,profile_explicit,keyword_search,,青学生のリアルな日常を発信するとプロフィールに明記,https://www.instagram.com/fra_ao_/,A,2026-08-11,unknown,not_checked,,
agu_tennis,https://www.instagram.com/agu_tennis/,青山学院大学硬式庭球部【公式】,1078,1078,circle_official,public,profile_explicit,keyword_search,,青山学院大学硬式庭球部公式・Aoyama Gakuin Univ tennis teamと明記,https://www.instagram.com/agu_tennis/,A,2026-08-11,unknown,not_checked,,
eagles_agulax,https://www.instagram.com/eagles_agulax/,青山学院大学体育会ラクロス部男子 EAGLES【公式】,3936,3936,circle_official,public,profile_explicit,keyword_search,,青山学院大学体育会ラクロス部男子公式と明記,https://www.instagram.com/eagles_agulax/,A,2026-08-11,unknown,not_checked,,
aogaku_tv,https://www.instagram.com/aogaku_tv/,青学TV,9301,9301,student_media,public,profile_explicit,keyword_search,,学生スタッフ運用の青学TV公式インスタと明記,https://www.instagram.com/aogaku_tv/,A,2026-08-11,unknown,not_checked,,
aogaku_fitness,https://www.instagram.com/aogaku_fitness/,青山学院大学フィットネスセンター,2858,2858,other,public,profile_explicit,keyword_search,,青山学院大学フィットネスセンターと明記,https://www.instagram.com/aogaku_fitness/,A,2026-08-11,unknown,not_checked,,
aogaku.magazine,https://www.instagram.com/aogaku.magazine/,【公式】青学マガジン🌸,3019,3019,student_media,public,profile_explicit,keyword_search,,公式青学マガジン・春から青学情報を発信と明記,https://www.instagram.com/aogaku.magazine/,A,2026-08-11,unknown,not_checked,,
aogaku_caps,https://www.instagram.com/aogaku_caps/,青山学院大学キャップス＠春から青学🌸,2881,2881,student_media,public,profile_explicit,keyword_search,,青学生向けメディアと明記,https://www.instagram.com/aogaku_caps/,A,2026-08-11,unknown,not_checked,,
agu_news,https://www.instagram.com/agu_news/,A.G.University News,0,0,student_media,public,profile_explicit,keyword_search,,公開プロフィールに#青山学院大学と#aoyamagakuinuniversityを明記。投稿0件のため運用実態と所属は未確認。,https://www.instagram.com/agu_news/,A,2026-08-17,unknown,not_checked,,投稿0件。プロフィール明記はあるが運用実態は未確認のため初回DM対象外
aogaku_poker_aces_2024,https://www.instagram.com/aogaku_poker_aces_2024/,青学インカレポーカーサークル【ACES】,412,412,circle_official,public,profile_explicit,keyword_search,,青学インカレポーカーサークルとプロフィールに明記,https://www.instagram.com/aogaku_poker_aces_2024/,A,2026-08-11,unknown,not_checked,,
rarietta2021,https://www.instagram.com/rarietta2021/,青学インカレサークル ラリエッタ,22,22,circle_official,public,profile_explicit,keyword_search,,青学インカレサークル公式アカウントと明記,https://www.instagram.com/rarietta2021/,A,2026-08-11,unknown,not_checked,,
acm_aogaku,https://www.instagram.com/acm_aogaku/,ACM [Aoyama Creative Music],819,819,circle_official,public,profile_explicit,keyword_search,,青山学院大学公認・文化連合会所属の軽音部と明記,https://www.instagram.com/acm_aogaku/,A,2026-08-11,unknown,not_checked,,
intercollege_mission,https://www.instagram.com/intercollege_mission/,上智青学立教インカレサークルThe Missions,83,83,circle_official,public,profile_explicit,keyword_search,,上智青学立教インカレサークルとプロフィールに明記,https://www.instagram.com/intercollege_mission/,A,2026-08-11,unknown,not_checked,,
agu_ouendan,https://www.instagram.com/agu_ouendan/,青山学院大学応援団,1668,1668,circle_official,public,profile_explicit,hub_followers,agu_info,青山学院大学応援団公式Instagramと明記,https://www.instagram.com/agu_ouendan/,A,2026-08-11,unknown,not_checked,,
siva_agu,https://www.instagram.com/siva_agu/,SIVA（ボランティア愛好会）,1387,1387,circle_official,public,profile_explicit,hub_followers,agu_info,青山学院大学公認ボランティアサークルと明記,https://www.instagram.com/siva_agu/,A,2026-08-11,unknown,not_checked,,
uluwehi_agu_hula,https://www.instagram.com/uluwehi_agu_hula/,青山学院大学公認フラサークルUluwehi,2120,2120,circle_official,public,profile_explicit,hub_followers,agu_info,青山学院大学公認フラサークルと明記,https://www.instagram.com/uluwehi_agu_hula/,A,2026-08-11,unknown,not_checked,,
balletgina_agu,https://www.instagram.com/balletgina_agu/,bAlletGinaバレエ愛好会,421,421,circle_official,public,profile_explicit,hub_followers,agu_info,青山学院大学公認バレエサークルと明記,https://www.instagram.com/balletgina_agu/,A,2026-08-11,unknown,not_checked,,
shanti_agu,https://www.instagram.com/shanti_agu/,SHANTI SHANTI,2082,2082,circle_official,public,profile_explicit,hub_followers,agu_info,青山学院大学公認国際ボランティア愛好会と明記,https://www.instagram.com/shanti_agu/,A,2026-08-13,unknown,not_checked,,公開プロフィールでフォロワー数を再確認
agu_lifesaving,https://www.instagram.com/agu_lifesaving/,青山学院大学ライフセービングクラブ,1089,1089,circle_official,public,profile_explicit,hub_followers,agu_info,青山学院大学公認愛好団体と明記,https://www.instagram.com/agu_lifesaving/,A,2026-08-11,unknown,not_checked,,
aguskiteam,https://www.instagram.com/aguskiteam/,【公式】青山学院大学体育会スキー部,916,916,circle_official,public,profile_explicit,hub_followers,agu_info,青山学院大学体育会スキー部公式と明記,https://www.instagram.com/aguskiteam/,A,2026-08-11,unknown,not_checked,,
agu_shiozawa_seminar,https://www.instagram.com/agu_shiozawa_seminar/,青学 塩澤友規ゼミナール 2026,162,162,circle_official,public,profile_explicit,keyword_search,,青学経営学部の塩澤ゼミナール。プロフィールに青学・活動日・研究テーマを明記,https://www.instagram.com/agu_shiozawa_seminar/,A,2026-08-11,unknown,not_checked,,
nagayamagram_official,https://www.instagram.com/nagayamagram_official/,青山学院大学 永山ゼミ,136,136,circle_official,public,profile_explicit,keyword_search,,青山学院大学経済学部経済学科の永山ゼミ公式と明記,https://www.instagram.com/nagayamagram_official/,A,2026-08-11,unknown,not_checked,,
uchiyamasemi_sipec,https://www.instagram.com/uchiyamasemi_sipec/,青山学院大学 内山義英ゼミ,87,87,circle_official,public,profile_explicit,keyword_search,,青山学院大学国際政治経済学部の内山義英ゼミと明記,https://www.instagram.com/uchiyamasemi_sipec/,A,2026-08-11,unknown,not_checked,,
o.takeda_seminar,https://www.instagram.com/o.takeda_seminar/,青山学院大学 武田興欣ゼミ,92,92,circle_official,public,profile_explicit,keyword_search,,青山学院大学国際政治経済学部武田興欣ゼミと明記,https://www.instagram.com/o.takeda_seminar/,A,2026-08-11,unknown,not_checked,,
aoyamasports,https://www.instagram.com/aoyamasports/,青山スポーツ,3282,3282,student_media,public,profile_explicit,hashtag,,青山学院大学体育会学生本部広報・青山スポーツ新聞編集局と明記,https://www.instagram.com/aoyamasports/,A,2026-08-11,unknown,not_checked,,
aosupo_2026,https://www.instagram.com/aosupo_2026/,青山スポーツ新歓2026/春から青学,29,29,event,public,profile_explicit,hashtag,aoyamasports,青山学院大学体育会の広報を担当する2026新歓アカウントと明記,https://www.instagram.com/aosupo_2026/,A,2026-08-11,unknown,not_checked,,プロフィールからaoyamasportsとの関係を確認
rinkan_snap,https://www.instagram.com/rinkan_snap/,RINKAN SNAP,21000,2.1万,student_media,public,mention_or_tag,hashtag,,青山学院大学ミスコンの公開投稿を確認した学生向けファッションメディア,https://www.instagram.com/p/DWWAnxJk2Gg/,B,2026-08-11,unknown,not_checked,,
aogakucameragirls2017,https://www.instagram.com/aogakucameragirls2017/,aogaku camera girls,107,107,student_media,public,profile_explicit,hub_followers,aoyamafes,青学のカメラ好き女子大生によるアカウントと表示,https://www.instagram.com/aogakucameragirls2017/,A,2026-08-11,unknown,not_checked,,
musicboxsociety,https://www.instagram.com/musicboxsociety/,MBS 青山学院大学アカペラサークル,887,887,circle_official,public,profile_explicit,hub_followers,aoyamafes,青山学院大学唯一のアカペラサークルとプロフィールに明記,https://www.instagram.com/musicboxsociety/,A,2026-08-11,unknown,not_checked,,
agu_hype,https://www.instagram.com/agu_hype/,青学ダーツサークルHYPE,403,403,circle_official,public,profile_explicit,hub_followers,aoyamafes,青学ダーツサークルとプロフィールに明記,https://www.instagram.com/agu_hype/,A,2026-08-17,unknown,not_checked,,2026-08-17にInstagram公開プロフィールを手動確認。青学ダーツサークルの団体アカウント
inkare.r,https://www.instagram.com/inkare.r/,インカレサークルBELL【新歓受付用】,5186,5186,other,public,hub_follower,hub_followers,aoyamafes,青山祭公式アカウントの公開フォロワーとして確認。プロフィールに青学明記はなく関連は弱い,https://www.instagram.com/inkare.r/,B,2026-08-11,unknown,not_checked,,
aoyama_collection,https://www.instagram.com/aoyama_collection/,Aoyama Collection アオコレ,2052,2052,event,public,profile_explicit,hub_followers,aoyamafes,青山学院大学青山祭で行われるファッションショーの公式アカウントと明記,https://www.instagram.com/aoyama_collection/,A,2026-08-11,unknown,not_checked,,
australia_aoyama,https://www.instagram.com/australia_aoyama/,青山学院 Australia blog,63,63,other,public,profile_explicit,hub_followers,aoyamafes,青山学院のAustralia blogと表示,https://www.instagram.com/australia_aoyama/,A,2026-08-11,unknown,not_checked,,
aoyamadisneyfans,https://www.instagram.com/aoyamadisneyfans/,ADF(青山学院ディズニー愛好会),628,628,circle_official,public,profile_explicit,hub_followers,aoyamafes,青山学院大学公認ディズニー愛好会と明記,https://www.instagram.com/aoyamadisneyfans/,A,2026-08-11,unknown,not_checked,,
agu_cycling_club,https://www.instagram.com/agu_cycling_club/,青山学院サイクリングクラブ(公式),559,559,circle_official,public,profile_explicit,hub_followers,aoyamafes,青山学院公式サイクリング部と明記,https://www.instagram.com/agu_cycling_club/,A,2026-08-17,unknown,not_checked,,2026-08-17にInstagram公開プロフィールを再確認。学校公認とはプロフィール記載の範囲を超えて断定しない
agu_ai_club,https://www.instagram.com/agu_ai_club/,青山AI愛好会,160,160,circle_official,public,profile_explicit,hub_followers,aoyamafes,青山学院大学公認AIサークルと明記,https://www.instagram.com/agu_ai_club/,A,2026-08-11,unknown,not_checked,,
agu_sports_official,https://www.instagram.com/agu_sports_official/,青山学院大学体育会学生本部[公式],306,306,student_media,public,profile_explicit,hub_followers,aoyamafes,青山学院大学体育会学生本部公式と明記,https://www.instagram.com/agu_sports_official/,A,2026-08-11,unknown,not_checked,,
lightning_2026_freshman,https://www.instagram.com/lightning_2026_freshman/,【2026 新歓】青山学院大学体育会アメリカンフットボール部LIGHTNING,1016,1016,event,public,profile_explicit,hub_followers,agu_info,青山学院大学体育会アメリカンフットボール部の2026新歓アカウントと明記,https://www.instagram.com/lightning_2026_freshman/,A,2026-08-11,unknown,not_checked,,
agu_rifleshootingclub,https://www.instagram.com/agu_rifleshootingclub/,青山学院大学体育会射撃部【公式】,385,385,circle_official,public,profile_explicit,hub_followers,agu_info,青山学院大学体育会射撃部公式と明記,https://www.instagram.com/agu_rifleshootingclub/,A,2026-08-11,unknown,not_checked,,
aguouendan2024,https://www.instagram.com/aguouendan2024/,青山学院大学応援団 新歓2024,192,192,event,public,profile_explicit,hub_followers,agu_info,青山学院大学応援団の2024年度新歓アカウントと明記,https://www.instagram.com/aguouendan2024/,A,2026-08-11,unknown,not_checked,,
shanti_shinkan_2024,https://www.instagram.com/shanti_shinkan_2024/,SHANTI 新歓 2024 青山学院大学,349,349,event,public,profile_explicit,hub_followers,agu_info,青山学院大学公認SHANTI SHANTI国際ボランティア愛好会の2024年度新歓アカウントと明記,https://www.instagram.com/shanti_shinkan_2024/,A,2026-08-11,unknown,not_checked,,
handball__agu,https://www.instagram.com/handball__agu/,青山学院大学体育会ハンドボール部【公式】,1446,1446,circle_official,public,profile_explicit,hub_followers,aogaku_tv,青山学院大学体育会ハンドボール部公式・Aoyama Gakuin University Handball Teamと明記,https://www.instagram.com/handball__agu/,A,2026-08-16,unknown,not_checked,,公開プロフィールを手動確認。体育会公式アカウントのため個人向け初回DM対象外
lets46th,https://www.instagram.com/lets46th/,青山学院大学レッツテニス愛好会 2026,555,555,circle_official,public,profile_explicit,hub_followers,aogaku_tv,青山学院大学テニスサークルLet'sと明記,https://www.instagram.com/lets46th/,A,2026-08-11,unknown,not_checked,,
ohanashiforever,https://www.instagram.com/ohanashiforever/,青学雑談サークル（相模原）,27,27,circle_official,public,profile_explicit,hub_followers,aogaku_caps,青学相模原キャンパスの雑談サークルと表示,https://www.instagram.com/ohanashiforever/,A,2026-08-11,unknown,not_checked,,
agu_debate,https://www.instagram.com/agu_debate/,青山学院大学 ESS -Debate section- 【公式】,526,526,circle_official,public,profile_explicit,hub_followers,aogaku_caps,青山学院大学公認部活のディベートセクションと明記,https://www.instagram.com/agu_debate/,A,2026-08-11,unknown,not_checked,,
ag_shogi,https://www.instagram.com/ag_shogi/,青山学院大学将棋部,450,450,circle_official,public,profile_explicit,hub_followers,aogaku_caps,青山学院大学将棋部と表示し青山・相模原キャンパスで活動,https://www.instagram.com/ag_shogi/,A,2026-08-11,unknown,not_checked,,
rikonan_official,https://www.instagram.com/rikonan_official/,青山学院大学理工軟式野球部,21,21,circle_official,public,profile_explicit,hub_followers,aogaku_caps,青山学院大学理工軟式野球部公式アカウントと明記,https://www.instagram.com/rikonan_official/,A,2026-08-11,unknown,not_checked,,
squash_agu2025,https://www.instagram.com/squash_agu2025/,【新歓2025】青山学院大学スカッシュラケット愛好会,292,292,event,public,profile_explicit,hub_followers,aogaku_caps,青山学院大学公認スカッシュ愛好会の2025新歓アカウントと明記,https://www.instagram.com/squash_agu2025/,A,2026-08-11,unknown,not_checked,,
nakauchi.seminar.2026,https://www.instagram.com/nakauchi.seminar.2026/,青山学院大学 中内ゼミ,428,428,circle_official,public,profile_explicit,hub_followers,aogaku_caps,青山学院大学経営学部中内ゼミナールと明記,https://www.instagram.com/nakauchi.seminar.2026/,A,2026-08-11,unknown,not_checked,,
agu_ouendan_shinkan,https://www.instagram.com/agu_ouendan_shinkan/,青山学院大学応援団新歓2026,341,341,event,public,profile_explicit,hub_followers,aogaku_caps,青山学院大学応援団の2026新歓アカウントと明記,https://www.instagram.com/agu_ouendan_shinkan/,A,2026-08-11,unknown,not_checked,,
aoyama__parkour,https://www.instagram.com/aoyama__parkour/,Aoyama Parkour Team,37,37,circle_official,public,profile_explicit,hub_followers,aogaku_caps,青山学院大学パルクールサークルとプロフィールに明記,https://www.instagram.com/aoyama__parkour/,A,2026-08-11,unknown,not_checked,,
daidouji_seminar,https://www.instagram.com/daidouji_seminar/,大道寺ゼミ2026 青山学院大学,123,123,circle_official,public,profile_explicit,hub_followers,aogaku_fitness,青山学院大学法学部国際関係論ゼミと明記,https://www.instagram.com/daidouji_seminar/,A,2026-08-11,unknown,not_checked,,
aogaku.ouenaka,https://www.instagram.com/aogaku.ouenaka/,青学駅伝応援垢,350,350,other,public,ambiguous_context,hub_followers,aoyamagakuinuniversity,プロフィールに青学駅伝への関心を明記。ただし青学生本人かは確認できない,https://www.instagram.com/aogaku.ouenaka/,C,2026-08-11,unknown,not_checked,,青学っぽいが在学生か不明のため初回DM対象外
kyogen_1352,https://www.instagram.com/kyogen_1352/,青山学院大学狂言サークル笑劇愛好会,66,66,circle_official,public,profile_explicit,hub_followers,aoyamagakuinuniversity,青学初の公認狂言サークルとプロフィールに明記,https://www.instagram.com/kyogen_1352/,A,2026-08-11,unknown,not_checked,,
eagles_shinkan2026,https://www.instagram.com/eagles_shinkan2026/,【2026新歓】青山学院大学体育会ラクロス部男子EAGLES,1356,1356,event,public,profile_explicit,hub_followers,aoyamagakuinuniversity,青山学院大学体育会ラクロス部男子EAGLESの2026新歓アカウントと明記,https://www.instagram.com/eagles_shinkan2026/,A,2026-08-11,unknown,not_checked,,
sagamihara_gakuseisai,https://www.instagram.com/sagamihara_gakuseisai/,さがみはら学生祭2026,654,654,event,public,ambiguous_context,hub_followers,agu_panthers,相模原の学生祭アカウントで青学関連の可能性はあるが青山学院大学との直接関係はプロフィールで未確認,https://www.instagram.com/sagamihara_gakuseisai/,C,2026-08-11,unknown,not_checked,,青学っぽい周辺候補だが初回DM対象外
bigakuseizukan,https://www.instagram.com/bigakuseizukan/,美学生図鑑,11000,1.1万,student_media,public,mention_or_tag,hashtag,,青山学院大学のミス青山特集を公開した全国大学生向けWebメディア,https://www.instagram.com/p/DPTvX-_kyIE/,B,2026-08-11,unknown,not_checked,,
agu.golf_massy,https://www.instagram.com/agu.golf_massy/,青山学院大学理工ゴルフ部Massy,934,934,circle_official,public,profile_explicit,hub_followers,aoyama.hack,青山学院大学理工ゴルフ部と表示し2026新歓情報を掲載,https://www.instagram.com/agu.golf_massy/,A,2026-08-11,unknown,not_checked,,
agu_rikokyu,https://www.instagram.com/agu_rikokyu/,青山学院大学 理工弓道部,439,439,circle_official,public,profile_explicit,hub_followers,aoyama.hack,青山学院大学理工弓道部公式アカウントと明記,https://www.instagram.com/agu_rikokyu/,A,2026-08-11,unknown,not_checked,,
aovi.2020shibuya,https://www.instagram.com/aovi.2020shibuya/,青山学院大学美術部,405,405,circle_official,public,profile_explicit,hub_followers,aoyama.hack,青山学院大学公認の美術部と明記,https://www.instagram.com/aovi.2020shibuya/,A,2026-08-11,unknown,not_checked,,
agu_if_basic_ski_team,https://www.instagram.com/agu_if_basic_ski_team/,青山学院大学イフ基礎スキー愛好会,575,575,circle_official,public,profile_explicit,hub_followers,aoyama.hack,青学公認スキーサークルと明記,https://www.instagram.com/agu_if_basic_ski_team/,A,2026-08-11,unknown,not_checked,,
aoyama_miss6_2026,https://www.instagram.com/aoyama_miss6_2026/,ミス青山No.6 谷口ゆな,2437,2437,other,public,mention_or_tag,hub_followers,aoyama.hack,青山ハックの公開タグ付け投稿と青山ミスコン候補プロフィールで確認。大学名の明記はないが青学関連企画との直接関係を確認,https://www.instagram.com/aoyama.hack/tagged/,B,2026-08-11,unknown,not_checked,,候補者アカウントとしての関連は確認できるが所属大学の明記なし
aocon_2026,https://www.instagram.com/aocon_2026/,青山ミスコン新歓アカウント,596,596,event,public,ambiguous_context,hub_followers,aoyama.hack,青山コンテスト実行委員会の公開アカウント。青山学院大学との関係はプロフィールで未確認,https://www.instagram.com/aocon_2026/,C,2026-08-11,unknown,not_checked,,青山コンテスト系の周辺候補で初回DM対象外
aogakumasuken,https://www.instagram.com/aogakumasuken/,青学マスコミ研究会,522,522,circle_official,public,profile_explicit,hub_followers,aogaku.radio,青山学院大学マスコミ研究会公式と明記,https://www.instagram.com/aogakumasuken/,A,2026-08-11,unknown,not_checked,,
yuuka.ueyama.aogaku,https://www.instagram.com/yuuka.ueyama.aogaku/,yuuka,380,380,other,public,hub_follower,hub_followers,aogaku.radio,ユーザーネームとプロフィールにagu・法学部ヒューマンライツ系の記載がある公開アカウント,https://www.instagram.com/yuuka.ueyama.aogaku/,B,2026-08-11,unknown,not_checked,,青学らしさはあるがプロフィールに大学正式名称はない
onabetabetabe_agu,https://www.instagram.com/onabetabetabe_agu/,青学お鍋食べ食べサークル,373,373,circle_official,public,hub_follower,hub_followers,aogaku.radio,ユーザーネームにaguを含み青学関連ハブの公開フォロワーとして確認,https://www.instagram.com/onabetabetabe_agu/,B,2026-08-11,unknown,not_checked,,プロフィール本文に大学名の明記はなく確度はB
agu_internihon,https://www.instagram.com/agu_internihon/,青学日文国際交流委員会,85,85,circle_official,public,profile_explicit,hub_followers,aogaku.radio,青山学院日本文学科の国際交流委員会と明記,https://www.instagram.com/agu_internihon/,A,2026-08-11,unknown,not_checked,,
aguhand,https://www.instagram.com/aguhand/,青山学院大学手話部,621,621,circle_official,public,profile_explicit,hub_followers,aogaku_tencha,青山学院大学手話部と青山キャンパスでの活動を明記,https://www.instagram.com/aguhand/,A,2026-08-11,unknown,not_checked,,
agac109_ms,https://www.instagram.com/agac109_ms/,青山学院大学体育会自動車部,902,902,circle_official,public,profile_explicit,keyword_search,,自己紹介に青山学院大学体育会自動車部の公式アカウントと明記。,https://www.instagram.com/agac109_ms/,A,2026-08-17,unknown,not_checked,,2026-08-17にInstagram公開プロフィールを手動確認。団体アカウント
aoyama_no_otaku,https://www.instagram.com/aoyama_no_otaku/,(公認)青山学院大学サブカル研究愛好会,362,362,circle_official,public,profile_explicit,keyword_search,,プロフィールに青山学院大学公認サークル（サブカルチャー研究愛好会）と明記,https://www.instagram.com/aoyama_no_otaku/,A,2026-08-17,unknown,not_checked,,2026-08-17にInstagram公開プロフィールを手動確認。公認はプロフィール上の自己記載であり学校公式情報による外部確認ではない。団体アカウント
stadt_child,https://www.instagram.com/stadt_child/,青山学院大学公認 stadtこどものまち愛好会,324,324,circle_official,public,profile_explicit,hub_followers,aogaku_tencha,青山学院公認サークルと青学中心の活動を明記,https://www.instagram.com/stadt_child/,A,2026-08-11,unknown,not_checked,,
agubudo_6team,https://www.instagram.com/agubudo_6team/,青山学院大学武道系部会,91,91,event,public,profile_explicit,hub_followers,aogaku_tencha,青山学院大学武道系部会合同新歓アカウントと明記,https://www.instagram.com/agubudo_6team/,A,2026-08-11,unknown,not_checked,,
zemiren_sipec,https://www.instagram.com/zemiren_sipec/,青山学院大学国際政治経済学部ゼミナール連合,647,647,student_media,public,profile_explicit,hub_followers,aogaku_tencha,青山学院大学国際政治経済学部公認団体と明記,https://www.instagram.com/zemiren_sipec/,A,2026-08-11,unknown,not_checked,,
wsd_aogaku,https://www.instagram.com/wsd_aogaku/,青山学院大学ワークショップデザイナー育成プログラム,1466,1466,student_media,public,profile_explicit,keyword_search,,プロフィール名に青山学院大学ワークショップデザイナー育成プログラムと明記。公式サイトリンクも確認,https://www.instagram.com/wsd_aogaku/,A,2026-08-11,unknown,not_checked,,
udaseminar,https://www.instagram.com/udaseminar/,青学 宇田ゼミ,18,18,student_media,public,profile_explicit,keyword_search,,プロフィール名と自己紹介に青学・青山学院大学コミュニティ人間科学部の公式ゼミアカウントと明記,https://www.instagram.com/udaseminar/,A,2026-08-11,unknown,not_checked,,
agu_busi_seminar,https://www.instagram.com/agu_busi_seminar/,青山学院大学 経営学部 ゼミ紹介アカウント,646,646,student_media,public,profile_explicit,keyword_search,,プロフィール名に青山学院大学経営学部、自己紹介に経営学部ゼミ運営と明記,https://www.instagram.com/agu_busi_seminar/,A,2026-08-11,unknown,not_checked,,
sae_agustd,https://www.instagram.com/sae_agustd/,SAE,17,17,other,public,ambiguous_context,hub_followers,aogaku.magazine,青学マガジンの公開フォロワー検索で表示されたが、自己紹介はバンタン・AgustD等で青学との関係は確認できない,https://www.instagram.com/sae_agustd/,C,2026-08-11,unknown,not_checked,,青学っぽさはユーザーネームのagu部分のみ。初回DM対象外
agu_alumnus,https://www.instagram.com/agu_alumnus/,Mot,491,491,other,public,ambiguous_context,hub_followers,aogaku.magazine,青学マガジンの公開フォロワー検索で表示されたが、自己紹介は神奈川県在住のみで青学との関係は未確認,https://www.instagram.com/agu_alumnus/,C,2026-08-11,unknown,not_checked,,ユーザーネームのAGU・alumnus表記のみ。初回DM対象外
aile_agu_badminton_,https://www.instagram.com/aile_agu_badminton_/,aile（エール/青学バドミントンサークル）,239,239,circle_official,public,profile_explicit,keyword_search,,表示名と自己紹介に青学バドミントンサークル、#春から青学、#春からaguを明記。公認を目指している段階,https://www.instagram.com/aile_agu_badminton_/,A,2026-08-11,unknown,not_checked,,同一サークルの別アカウント候補
ke_jiro___,https://www.instagram.com/ke_jiro___/,慶次郎,918,918,individual,public,profile_explicit,circle_event,alsfeld_agu,公開プロフィールの自己紹介に青山学院と明記。青学サークルの公開投稿で運営メンバーとしてタグ付け確認,https://www.instagram.com/ke_jiro___/,A,2026-08-16,unknown,not_checked,,公開プロフィールを手動再確認。投稿はなく、個人アカウントのため年齢・DM可否は推測しない
agu.gospel.choir,https://www.instagram.com/agu.gospel.choir/,青山学院大学ゴスペル・クワイア,1147,1147,circle_official,public,profile_explicit,hub_followers,t_and_f_lovers_agu,自己紹介に青山学院宗教センター所属・青学生限定の団体と明記,https://www.instagram.com/agu.gospel.choir/,A,2026-08-11,unknown,not_checked,,
gacha_lunch,https://www.instagram.com/gacha_lunch/,青学ガチャランチ,88,88,event,public,profile_explicit,hub_followers,aogaku.shinbun,表示名に青学、自己紹介に社会情報学部プロジェクト演習入門Ⅱのランチ販売と明記,https://www.instagram.com/gacha_lunch/,A,2026-08-11,unknown,not_checked,,
gakushokusagami,https://www.instagram.com/gakushokusagami/,青学相模原食堂,2094,2094,other,public,profile_explicit,hub_followers,aoyamagakuinuniversity,自己紹介に青山学院大学相模原キャンパス学生食堂と明記,https://www.instagram.com/gakushokusagami/,A,2026-08-11,unknown,not_checked,,
supervisor_agu,https://www.instagram.com/supervisor_agu/,青学のガーシー,15,15,other,public,ambiguous_context,hub_followers,aoyamagakuinuniversity,公式アカウントの公開フォロワー検索で表示され、表示名に青学を含むが、投稿なしで運営者や学生属性は未確認,https://www.instagram.com/supervisor_agu/,C,2026-08-11,unknown,not_checked,,投稿なし。青学っぽさは表示名とAGUユーザーネームのみ。初回DM対象外
shuukatu_inkare,https://www.instagram.com/shuukatu_inkare/,28卒 就活サークル【インカレ学生団体】,520,520,student_media,public,ambiguous_context,hub_followers,aoyamagakuinuniversity,青山学院大学公式アカウントの公開フォロワー検索で表示された公開学生団体だが、プロフィールに青学所属の明記はない,https://www.instagram.com/shuukatu_inkare/,C,2026-08-11,unknown,not_checked,,青学との関係は未確認。候補としてのみ保持し初回DM対象外
koelabo.is,https://www.instagram.com/koelabo.is/,ライブ配信研究サークル「こえラボ」,3,3,student_media,public,ambiguous_context,hub_followers,aoyamagakuinuniversity,青山学院大学公式アカウントの公開フォロワー検索で表示されたが、自己紹介に所属大学の明記はない,https://www.instagram.com/koelabo.is/,C,2026-08-11,unknown,not_checked,,青学との関係は未確認。小規模で投稿3件のため初回DM対象外
ab_lost_12,https://www.instagram.com/ab_lost_12/,インカレサークル「リアム」2026年新歓✨,2314,2314,circle_official,public,ambiguous_context,hub_followers,aoyama.hack,青山ハックの公開フォロワー検索で表示された公開インカレ新歓アカウントだが、プロフィールに青学所属の明記はない,https://www.instagram.com/ab_lost_12/,C,2026-08-11,unknown,not_checked,,青学との関係は未確認。複数大学対象のため初回DM対象外
_07_sny,https://www.instagram.com/_07_sny/,宇田川瞬矢,34000,3.4万人,individual,public,other,circle_event,aogaku_tv,青学TVの公開投稿で青山学院大学陸上競技部の選手として宇田川瞬矢選手を確認。現在の在籍状況は未確認,https://www.instagram.com/aogaku_tv/reel/DFP58BOvfRQ/,B,2026-08-11,unknown,not_checked,,公開プロフィール。フォロワー数は表示値3.4万人を数値換算。現在の学生 status は不明のため初回DM対象外
hinak.o0619,https://www.instagram.com/hinak.o0619/,長浜 広奈(ながはまひな),549000,54.9万人,individual,public,mention_or_tag,circle_event,fra_ao_,青学生向け公開メディアfra_ao_の投稿で青学生編の出演者として公開メンションを確認。プロフィールは公開だが現在の青学在籍状況は未確認,https://www.instagram.com/fra_ao_/reel/DNFxr2Hzd2Q/,B,2026-08-11,unknown,not_checked,,公開プロフィール。氏名や年齢は追加収集せず、在籍状況とサービス適格性が不明のため初回DM対象外
__dawa_04,https://www.instagram.com/__dawa_04/,だ わ,642,642,individual,public,profile_explicit,hashtag,aoyama.hack,公開プロフィールにAoyama universityを明記し青学生向け公開投稿にも登場,https://www.instagram.com/__dawa_04/,A,2026-08-11,unknown,not_checked,,公開プロフィール。年齢は収集せずサービス適格性が不明のため初回DM対象外
aoyamact,https://www.instagram.com/aoyamact/,青山クリエイティブチーム(A.C.T.),378,378,circle_official,public,profile_explicit,hub_followers,aogaku_tencha,公開プロフィールに青山学院大学映画部公式アカウントと明記,https://www.instagram.com/aoyamact/,A,2026-08-11,unknown,not_checked,,公開サークル公式。サービス適格性は対象外のため個人向けDM候補とは分けて管理
aoyama_kids_company,https://www.instagram.com/aoyama_kids_company/,青山子ども会,393,393,circle_official,public,profile_explicit,hub_followers,aogaku_tencha,公開プロフィールに青山学院大学青山連合会所属と明記,https://www.instagram.com/aoyama_kids_company/,A,2026-08-11,unknown,not_checked,,公開サークル公式。サービス適格性は対象外のため個人向けDM候補とは分けて管理
soundsgoodlab_agu,https://www.instagram.com/soundsgoodlab_agu/,SoundsGood Lab.,164,164,circle_official,public,profile_explicit,hub_followers,aogaku_tencha,公開プロフィールにAoyama Gakuin univ.公認愛好団体と明記,https://www.instagram.com/soundsgoodlab_agu/,A,2026-08-17,unknown,not_checked,,2026-08-17にInstagram公開プロフィールを手動確認。公開サークル公式
agu_houken,https://www.instagram.com/agu_houken/,青山学院大学 法学研究部,588,588,circle_official,public,profile_explicit,hub_followers,aogaku_tencha,公開プロフィールに青山学院大学法学研究部と青山連合会所属を明記,https://www.instagram.com/agu_houken/,A,2026-08-11,unknown,not_checked,,公開サークル公式。サービス適格性は対象外のため個人向けDM候補とは分けて管理
aogakuramen,https://www.instagram.com/aogakuramen/,🍜青学ラーメン愛好会🍜,2052,2052,circle_official,public,profile_explicit,hub_followers,aogaku_tencha,公開プロフィールに青学ラーメン愛好会と約170名所属を明記,https://www.instagram.com/aogakuramen/,A,2026-08-11,unknown,not_checked,,公開サークル公式。サービス適格性は対象外のため個人向けDM候補とは分けて管理
rikotennisbu,https://www.instagram.com/rikotennisbu/,青山学院大学理工テニス部,516,516,circle_official,public,profile_explicit,hub_followers,aogaku_tencha,公開プロフィールに青山学院大学理工テニス部と活動場所を明記,https://www.instagram.com/rikotennisbu/,A,2026-08-11,unknown,not_checked,,公開サークル公式。サービス適格性は対象外のため個人向けDM候補とは分けて管理
gambit_official_ac,https://www.instagram.com/gambit_official_ac/,Gambit,1463,1463,circle_official,public,mention_or_tag,hashtag,aoyama_girl,青学発のバンドとして公開投稿で紹介されメンバーの公開プロフィールも確認できる。現在の青学生在籍状況は未確認,https://www.instagram.com/p/CjKy_P3J2t4/,B,2026-08-11,unknown,not_checked,,公開音楽活動アカウント。現役学生か不明のため初回DM対象外
_yuhimomo_,https://www.instagram.com/_yuhimomo_/,夕日桃,6416,6416,individual,public,mention_or_tag,hashtag,gambit_official_ac,青学発の公開バンドGambitのメンバーとして公開投稿に記載。現在の青学生在籍状況は未確認,https://www.instagram.com/p/CjKy_P3J2t4/,C,2026-08-11,unknown,not_checked,,公開プロフィール。青学との関係は過去のバンド紹介に基づくため初回DM対象外
hikaru___o411,https://www.instagram.com/hikaru___o411/,小河原 陽琉,34000,3.4万人,individual,public,profile_explicit,keyword_search,aogaku_tv,公開プロフィールにAoyama Gakuin Univ.を明記。青学TVの公開投稿でも青山学院大学駅伝選手として確認,https://www.instagram.com/aogaku_tv/reel/DFPe1cHPCkR/,A,2026-08-11,unknown,not_checked,,公開プロフィール。フォロワー数は表示値3.4万人を数値換算。学生 status の最新性は未確認
agu_kempo_shinkan,https://www.instagram.com/agu_kempo_shinkan/,2026 Recruitment Aoyama Gakuin University Kempo Club,269,269,circle_official,public,profile_explicit,hub_followers,agu_kempo,Public profile title and bio identify the Aoyama Gakuin University Kempo Club; linked from the official club account,https://www.instagram.com/agu_kempo_shinkan/,A,2026-08-11,unknown,not_checked,,Public official recruitment account; current personal outreach eligibility is not applicable
aguski_shinkan_2026,https://www.instagram.com/aguski_shinkan_2026/,2026 Recruitment Aoyama Gakuin University Ski Club,304,304,circle_official,public,profile_explicit,hub_followers,aguskiteam,Public profile title and posts identify the Aoyama Gakuin University Ski Club and link to the official club account,https://www.instagram.com/aguski_shinkan_2026/,A,2026-08-11,unknown,not_checked,,Public official recruitment account; current personal outreach eligibility is not applicable
gogowanyachan,https://www.instagram.com/gogowanyachan/,Wanya+,3433,3433,individual,public,hub_follower,hub_followers,aogaku__for_fresh,Public profile was manually verified as public and the account appeared in the visible follower list of an Aoyama Gakuin freshman media account; no direct Aoyama signal found,https://www.instagram.com/aogaku__for_fresh/,C,2026-08-11,unknown,not_checked,,C-confidence candidate: public follower of an Aoyama-specific media account only; Aoyama student status unconfirmed and exclude from initial DM queue
yo_no.0521,https://www.instagram.com/yo_no.0521/,陽之介,205,205,individual,public,hub_follower,hub_followers,aogaku__for_fresh,Public profile was manually verified as public and the account appeared in the visible follower list of an Aoyama Gakuin freshman media account; no direct Aoyama signal found,https://www.instagram.com/aogaku__for_fresh/,C,2026-08-11,unknown,not_checked,,C-confidence candidate: public follower of an Aoyama-specific media account only; Aoyama student status unconfirmed and exclude from initial DM queue
fm._.n237,https://www.instagram.com/fm._.n237/,史奈,564,564,individual,public,hub_follower,hub_followers,aogaku__for_fresh,Public profile was manually verified as public and the account appeared in the visible follower list of an Aoyama Gakuin freshman media account; no direct Aoyama signal found,https://www.instagram.com/aogaku__for_fresh/,C,2026-08-11,unknown,not_checked,,C-confidence candidate: public follower of an Aoyama-specific media account only; Aoyama student status unconfirmed and exclude from initial DM queue
mi._.naty,https://www.instagram.com/mi._.naty/,みなてぃ,432,432,individual,public,hub_follower,hub_followers,aogaku__for_fresh,Public profile was manually verified as public and the account appeared in the visible follower list of an Aoyama Gakuin freshman media account; no direct Aoyama signal found,https://www.instagram.com/aogaku__for_fresh/,C,2026-08-11,unknown,not_checked,,C-confidence candidate: public follower of an Aoyama-specific media account only; Aoyama student status unconfirmed and exclude from initial DM queue
1rf_mk,https://www.instagram.com/1rf_mk/,まーくつー,183,183,individual,public,hub_follower,hub_followers,aogaku__for_fresh,Public profile was manually verified as public and the account appeared in the visible follower list of an Aoyama Gakuin freshman media account; no direct Aoyama signal found,https://www.instagram.com/aogaku__for_fresh/,C,2026-08-11,unknown,not_checked,,C-confidence candidate: public follower of an Aoyama-specific media account only; Aoyama student status unconfirmed and exclude from initial DM queue
kyogoku_kaname,https://www.instagram.com/kyogoku_kaname/,京極 要,243,243,individual,public,hub_follower,hub_followers,aogaku__for_fresh,Public profile was manually verified as public and the account appeared in the visible follower list of an Aoyama Gakuin freshman media account; no direct Aoyama signal found,https://www.instagram.com/aogaku__for_fresh/,C,2026-08-11,unknown,not_checked,,C-confidence candidate: public follower of an Aoyama-specific media account only; Aoyama student status unconfirmed and exclude from initial DM queue
imkngk,https://www.instagram.com/imkngk/,Kengo Kubokawa,90,90,individual,public,hub_follower,hub_followers,aogaku__for_fresh,Public profile was manually verified as public and the account appeared in the visible follower list of an Aoyama Gakuin freshman media account; no direct Aoyama signal found,https://www.instagram.com/aogaku__for_fresh/,C,2026-08-11,unknown,not_checked,,C-confidence candidate: public follower of an Aoyama-specific media account only; Aoyama student status unconfirmed and exclude from initial DM queue
natumin_gram_462,https://www.instagram.com/natumin_gram_462/,ナチュミ,838,838,individual,public,hub_follower,hub_followers,aogaku__for_fresh,Public profile was manually verified as public and the account appeared in the visible follower list of an Aoyama Gakuin freshman media account; no direct Aoyama signal found,https://www.instagram.com/aogaku__for_fresh/,C,2026-08-11,unknown,not_checked,,C-confidence candidate: public follower of an Aoyama-specific media account only; Aoyama student status unconfirmed and exclude from initial DM queue
kumekosuke,https://www.instagram.com/kumekosuke/,久米康介,3023,3023,individual,public,hub_follower,hub_followers,aogaku__for_fresh,Public profile was manually verified as public and the account appeared in the visible follower list of an Aoyama Gakuin freshman media account; no direct Aoyama signal found,https://www.instagram.com/aogaku__for_fresh/,C,2026-08-11,not_eligible,not_checked,,Bio explicitly displays age 17; do not contact for an 18-plus service and Aoyama student status is also unconfirmed
nikolaschkaxyz,https://www.instagram.com/nikolaschkaxyz/,岡田 尚博,5,5,individual,public,hub_follower,hub_followers,aogaku__for_fresh,Public profile was manually verified as public and the account appeared in the visible follower list of an Aoyama Gakuin freshman media account; no direct Aoyama signal found,https://www.instagram.com/aogaku__for_fresh/,C,2026-08-11,unknown,not_checked,,C-confidence candidate: public follower of an Aoyama-specific media account only; Aoyama student status unconfirmed and exclude from initial DM queue
jyonidedayo,https://www.instagram.com/jyonidedayo/,ジョニーデップ,217,217,individual,public,hub_follower,hub_followers,aogaku__for_fresh,Public profile was manually verified as public and the account appeared in the visible follower list of an Aoyama Gakuin freshman media account; no direct Aoyama signal found,https://www.instagram.com/aogaku__for_fresh/,C,2026-08-11,unknown,not_checked,,C-confidence candidate: public follower of an Aoyama-specific media account only; Aoyama student status unconfirmed and exclude from initial DM queue
shin_.39,https://www.instagram.com/shin_.39/,高林 晋作,441,441,individual,public,hub_follower,hub_followers,aogaku__for_fresh,Public profile was manually verified as public and the account appeared in the visible follower list of an Aoyama Gakuin freshman media account; no direct Aoyama signal found,https://www.instagram.com/aogaku__for_fresh/,C,2026-08-11,unknown,not_checked,,C-confidence candidate: public follower of an Aoyama-specific media account only; Aoyama student status unconfirmed and exclude from initial DM queue
n2mi8,https://www.instagram.com/n2mi8/,ナツミ,670,670,individual,public,hub_follower,hub_followers,aogaku__for_fresh,Public profile was manually verified as public and the account appeared in the visible follower list of an Aoyama Gakuin freshman media account; no direct Aoyama signal found,https://www.instagram.com/aogaku__for_fresh/,C,2026-08-11,unknown,not_checked,,C-confidence candidate: public follower of an Aoyama-specific media account only; Aoyama student status unconfirmed and exclude from initial DM queue
shota_isoda,https://www.instagram.com/shota_isoda/,磯田,12,12,individual,public,hub_follower,hub_followers,aogaku__for_fresh,Public profile was manually verified as public and the account appeared in the visible follower list of an Aoyama Gakuin freshman media account; no direct Aoyama signal found,https://www.instagram.com/aogaku__for_fresh/,C,2026-08-11,unknown,not_checked,,C-confidence candidate: public follower of an Aoyama-specific media account only; Aoyama student status unconfirmed and exclude from initial DM queue
ntm_1215,https://www.instagram.com/ntm_1215/,美咲,297,297,individual,public,hub_follower,hub_followers,aogaku__for_fresh,Public profile was manually verified as public and the account appeared in the visible follower list of an Aoyama Gakuin freshman media account; no direct Aoyama signal found,https://www.instagram.com/aogaku__for_fresh/,C,2026-08-11,unknown,not_checked,,C-confidence candidate: public follower of an Aoyama-specific media account only; Aoyama student status unconfirmed and exclude from initial DM queue
aoyama_mr1_2026,https://www.instagram.com/aoyama_mr1_2026/,ミスター青山No.1 金子大輝,395,395,other,public,mention_or_tag,hub_followers,aoyama.hack,公開プロフィールにミスター青山No.1を明記し青山ハックの公開企画から確認。大学名の直接明記はないが青山ミスコンとの直接関係を確認,https://www.instagram.com/aoyama.hack/p/DaAZnUGk6af/,B,2026-08-11,unknown,not_checked,,青山ミスコン候補。年齢・サービス接触可否は不明のため初回DM対象外
aoyama_mr3_2026,https://www.instagram.com/aoyama_mr3_2026/,ミスター青山No.3 山田直斗,407,407,other,public,mention_or_tag,hub_followers,aoyama.hack,公開プロフィールにミスター青山No.3を明記し青山ハックの公開企画から確認。大学名の直接明記はないが青山ミスコンとの直接関係を確認,https://www.instagram.com/aoyama.hack/p/DaAZnUGk6af/,B,2026-08-11,unknown,not_checked,,青山ミスコン候補。年齢・サービス接触可否は不明のため初回DM対象外
melody_house_agu,https://www.instagram.com/melody_house_agu/,青学軽音 Melody house,678,678,circle_official,public,profile_explicit,keyword_search,,プロフィールに青山学院大学の軽音サークルと明記,https://www.instagram.com/melody_house_agu/,A,2026-08-11,unknown,not_checked,,公開プロフィールを目視確認
soundproject_agu,https://www.instagram.com/soundproject_agu/,青学軽音 サンプロ,727,727,circle_official,public,profile_explicit,keyword_search,,プロフィールに青山学院大学理工軽音楽研究会の公式アカウントと明記,https://www.instagram.com/soundproject_agu/,A,2026-08-11,unknown,not_checked,,公開プロフィールを目視確認
piedpiper_aoyama,https://www.instagram.com/piedpiper_aoyama/,Digitartテクノロジー愛好会（旧PiedPiper青山テック愛好会）,186,186,circle_official,public,profile_explicit,keyword_search,,プロフィールに青学公認サークルおよび相模原キャンパスで活動と明記,https://www.instagram.com/piedpiper_aoyama/,A,2026-08-17,unknown,not_checked,,2026-08-17にInstagram公開プロフィールを手動確認。
ies_agub,https://www.instagram.com/ies_agub/,IESボランティア愛好会,472,472,circle_official,public,profile_explicit,keyword_search,,プロフィールに青山学院大学公認IESボランティア愛好会公式アカウントと明記,https://www.instagram.com/ies_agub/,A,2026-08-13,unknown,not_checked,,公開プロフィールを画面確認
shanti_shinkan2026,https://www.instagram.com/shanti_shinkan2026/,SHANTI 新歓 2026,535,535,circle_official,public,profile_explicit,circle_event,shanti_agu,プロフィールに青山学院大学公認サークルSHANTI SHANTIの2026年新歓アカウントと明記,https://www.instagram.com/shanti_shinkan2026/,A,2026-08-13,unknown,not_checked,,公開プロフィールを画面確認
ies_agub_book,https://www.instagram.com/ies_agub_book/,IESボランティア愛好会 教科書販売,152,152,other,public,mention_or_tag,circle_event,ies_agub,青山学院大学公認IESボランティア愛好会の公式関連アカウントへのリンクをプロフィールで確認,https://www.instagram.com/ies_agub_book/,B,2026-08-13,unknown,not_checked,,親アカウントies_agubで青学公認を確認
lux_by_ies,https://www.instagram.com/lux_by_ies/,Lux；〜世界の問題を発信〜,298,298,student_media,public,mention_or_tag,circle_event,ies_agub,プロフィールに青学向け媒体かつ青山学院大学公認IESボランティア愛好会が運営と明記,https://www.instagram.com/lux_by_ies/,B,2026-08-13,unknown,not_checked,,親アカウントies_agubで青学公認を確認
youth_for_ofunato,https://www.instagram.com/youth_for_ofunato/,Youth for Ofunato ユースフォー大船渡,227,227,other,public,profile_explicit,keyword_search,,プロフィールに青山学院大学を含む複数大学の学生がメンバーと明記,https://www.instagram.com/youth_for_ofunato/,B,2026-08-13,unknown,not_checked,,複数大学合同団体のため全メンバーが青学生とは限らない
innovationaround20,https://www.instagram.com/innovationaround20/,あらとぅ／Innovation Around 20／SDGs,1202,1202,circle_official,public,profile_explicit,keyword_search,,プロフィールに青学登録団体と明記,https://www.instagram.com/innovationaround20/,A,2026-08-13,unknown,not_checked,,他大学生も参加可能なインカレ団体
mf3.11_sagamihara,https://www.instagram.com/mf3.11_sagamihara/,青山学院大学公認 MF3.11 東北応援愛好会 相模原支部,426,426,circle_official,public,profile_explicit,keyword_search,,表示名とプロフィールに青山学院大学公認団体および相模原キャンパスで活動と明記,https://www.instagram.com/mf3.11_sagamihara/,A,2026-08-17,unknown,not_checked,,2026-08-17にInstagram公開プロフィールを手動確認
greenbird_agu,https://www.instagram.com/greenbird_agu/,greenbird 青山学院大学チーム,339,339,other,public,profile_explicit,keyword_search,,表示名とプロフィールにgreenbird青山学院大学チームと明記,https://www.instagram.com/greenbird_agu/,A,2026-08-13,unknown,not_checked,,活動は不定期とプロフィールに記載
gscstunion,https://www.instagram.com/gscstunion/,【official】GSC学生連合 🌐,542,542,student_media,public,profile_explicit,keyword_search,,プロフィールに青山学院大学地球社会共生学部学生連合と明記,https://www.instagram.com/gscstunion/,A,2026-08-13,unknown,not_checked,,公開プロフィールを画面確認
youthmappers4agu,https://www.instagram.com/youthmappers4agu/,YouthMappers AGU 青学ユースマッパーズ,566,566,circle_official,public,profile_explicit,keyword_search,,表示名に青学ユースマッパーズ、自己紹介にYouthMappersAGU公式と明記,https://www.instagram.com/youthmappers4agu/,A,2026-08-13,unknown,not_checked,,公開プロフィールを画面確認
aoyama_piano_society,https://www.instagram.com/aoyama_piano_society/,青山ピアノソサイエティ愛好会 APS,381,381,circle_official,public,profile_explicit,keyword_search,,プロフィールに青山学院大学公認愛好団体APS公式と明記,https://www.instagram.com/aoyama_piano_society/,A,2026-08-13,unknown,not_checked,,公開プロフィールを画面確認
akogi_agu,https://www.instagram.com/akogi_agu/,アコースティックギター弾き語り愛好会,267,267,circle_official,public,profile_explicit,keyword_search,,プロフィールに青山学院大学公認と明記,https://www.instagram.com/akogi_agu/,A,2026-08-13,unknown,not_checked,,公開プロフィールを画面確認
mf3.11_aoyama,https://www.instagram.com/mf3.11_aoyama/,MF3.11東北応援愛好会 青山支部,120,120,circle_official,public,profile_explicit,circle_event,mf3.11_sagamihara,プロフィールに青山学院大学公認サークルと明記,https://www.instagram.com/mf3.11_aoyama/,A,2026-08-13,unknown,not_checked,,公開プロフィールを画面確認
link20_around20,https://www.instagram.com/link20_around20/,Link20,144,144,event,public,mention_or_tag,circle_event,innovationaround20,青学登録団体Innovation Around 20のイベントアカウントと明記,https://www.instagram.com/link20_around20/,B,2026-08-13,unknown,not_checked,,親アカウントとの関連を公開プロフィールで確認
ivy_shanti26,https://www.instagram.com/ivy_shanti26/,Ivy,137,137,circle_official,public,profile_explicit,circle_event,shanti_agu,プロフィールに青山学院大学SHANTI SHANTI国際ボランティア愛好会の2026年春チームと明記,https://www.instagram.com/ivy_shanti26/,A,2026-08-13,unknown,not_checked,,公開プロフィールを画面確認
nova__shanti,https://www.instagram.com/nova__shanti/,Nova★,139,139,circle_official,public,profile_explicit,circle_event,shanti_agu,プロフィールに青山学院大学公認SHANTI SHANTI国際ボランティア愛好会の2025年度春チームと明記,https://www.instagram.com/nova__shanti/,A,2026-08-13,unknown,not_checked,,公開プロフィールを画面確認
yoogle_shanti,https://www.instagram.com/yoogle_shanti/,SHANTI SHANTI 2026年度夏チーム よーぐる,132,132,circle_official,public,mention_or_tag,circle_event,shanti_agu,SHANTI SHANTI国際ボランティア愛好会の2026年度夏チームと明記し青学公認親アカウントとの関連表示を確認,https://www.instagram.com/yoogle_shanti/,B,2026-08-13,unknown,not_checked,,表示名がないためプロフィール記載のチーム名を使用
ours_shanti,https://www.instagram.com/ours_shanti/,ours（ウール）,158,158,circle_official,public,ambiguous_context,circle_event,nova__shanti,SHANTI関連チームのおすすめ表示とユーザーネームを確認したがプロフィールに青学またはSHANTI明記なし,https://www.instagram.com/ours_shanti/,C,2026-08-13,unknown,not_checked,,青学との直接根拠が弱いため初回DM対象外
shanti_sante,https://www.instagram.com/shanti_sante/,SHANTI SHANTI 2026年夏JC SANTE,134,134,circle_official,public,mention_or_tag,circle_event,shanti_agu,SHANTI SHANTI国際ボランティア愛好会の2026年夏JCと明記し青学公認親アカウントとの関連表示を確認,https://www.instagram.com/shanti_sante/,B,2026-08-13,unknown,not_checked,,表示名がないためプロフィール記載のチーム名を使用
yun.seminar,https://www.instagram.com/yun.seminar/,尹（ゆん）ゼミナール 2025,114,114,circle_official,public,profile_explicit,keyword_search,,プロフィールに青山学院大学経営学部尹ゼミと明記,https://www.instagram.com/yun.seminar/,A,2026-08-13,unknown,not_checked,,公開プロフィールを画面確認
aoyama_aac_official,https://www.instagram.com/aoyama_aac_official/,AAC（青山アカウンティングコミュニティ）,712,712,other,public,profile_explicit,keyword_search,,プロフィールに青山学院大学の公認会計士・税理士・簿記受験生コミュニティと明記,https://www.instagram.com/aoyama_aac_official/,A,2026-08-13,unknown,not_checked,,公開プロフィールを画面確認
ishiizemi,https://www.instagram.com/ishiizemi/,青山学院大学経営学部 石井裕明ゼミ,222,222,circle_official,public,profile_explicit,keyword_search,,表示名に青山学院大学経営学部石井裕明ゼミと明記,https://www.instagram.com/ishiizemi/,A,2026-08-13,unknown,not_checked,,公開プロフィールを画面確認
taniguchizemi_official,https://www.instagram.com/taniguchizemi_official/,青山学院大学法学部 谷口ゼミ,20,20,circle_official,public,profile_explicit,keyword_search,,表示名とプロフィールに青山学院大学法学部谷口ゼミと明記,https://www.instagram.com/taniguchizemi_official/,A,2026-08-13,unknown,not_checked,,公開プロフィールを画面確認
agu_ssi,https://www.instagram.com/agu_ssi/,青山学院大学社会情報学部,663,663,student_media,public,profile_explicit,keyword_search,,表示名とプロフィールに青山学院大学社会情報学部公式アカウントと明記,https://www.instagram.com/agu_ssi/,A,2026-08-13,unknown,not_checked,,公開プロフィールを画面確認
nagahashilab_ssi,https://www.instagram.com/nagahashilab_ssi/,長橋ゼミ,19,19,circle_official,public,profile_explicit,circle_event,agu_ssi,プロフィールに青山学院大学社会情報学部の長橋ゼミと明記,https://www.instagram.com/nagahashilab_ssi/,A,2026-08-13,unknown,not_checked,,公開プロフィールを画面確認
nambu_seminar,https://www.instagram.com/nambu_seminar/,南部ゼミ,33,33,circle_official,public,mention_or_tag,circle_event,agu_ssi,青山学院大学社会情報学部公式アカウントの関連候補に表示されプロフィールに社情の公式ゼミと明記,https://www.instagram.com/nambu_seminar/,B,2026-08-13,unknown,not_checked,,プロフィールに大学名の直接表記がないため確度B
ssi_sisa,https://www.instagram.com/ssi_sisa/,SISA（学生会）,297,297,circle_official,public,profile_explicit,circle_event,agu_ssi,プロフィールに青山学院大学社会情報学部SISA公式の学生団体と明記,https://www.instagram.com/ssi_sisa/,A,2026-08-13,unknown,not_checked,,公開プロフィールを画面確認
iijima.lab,https://www.instagram.com/iijima.lab/,飯島ゼミ 公式,219,219,circle_official,public,profile_explicit,circle_event,agu_ssi,プロフィールに青山学院大学社会情報学部飯島ゼミ公式アカウントと明記,https://www.instagram.com/iijima.lab/,A,2026-08-13,unknown,not_checked,,公開プロフィールを画面確認
takamura_lab,https://www.instagram.com/takamura_lab/,高村研究室,63,63,circle_official,public,profile_explicit,circle_event,agu_ssi,プロフィールに青山学院大学社会情報学部高村ゼミと明記,https://www.instagram.com/takamura_lab/,A,2026-08-13,unknown,not_checked,,公開プロフィールを画面確認
atlas_shanti_12,https://www.instagram.com/atlas_shanti_12/,Atlas（表示名なし）,105,105,event,public,ambiguous_context,circle_event,shanti_agu,青学公認SHANTI周辺の関連候補に表示されユーザーネームにshantiを含むがプロフィールには福岡JCの記載のみ,https://www.instagram.com/atlas_shanti_12/,C,2026-08-13,unknown,not_checked,,青学との直接根拠が弱いため初回DM対象外
sparq_shanti,https://www.instagram.com/sparq_shanti/,Sparq（表示名なし）,125,125,event,public,ambiguous_context,circle_event,shanti_agu,青学公認SHANTI周辺の関連候補に表示されユーザーネームにshantiを含むがプロフィールには伊豆大島活動の記載のみ,https://www.instagram.com/sparq_shanti/,C,2026-08-13,unknown,not_checked,,青学との直接根拠が弱いため初回DM対象外
sport_playaoyama,https://www.instagram.com/sport_playaoyama/,青山学院大学スポーツ愛好会Aスポーツ,54,54,circle_official,public,profile_explicit,circle_event,u___rab_e,表示名に青山学院大学スポーツ愛好会Aスポーツと明記,https://www.instagram.com/sport_playaoyama/,A,2026-08-13,unknown,not_checked,,公開プロフィールを画面確認
wolf.1919310,https://www.instagram.com/wolf.1919310/,SA,26,26,individual,public,profile_explicit,circle_event,aoyama_aac_official,プロフィールにagu lawと明記し青学会計コミュニティの関連候補表示を確認,https://www.instagram.com/wolf.1919310/,A,2026-08-13,unknown,not_checked,,公開プロフィールを画面確認
umaimono_agu,https://www.instagram.com/umaimono_agu/,サークルUIG［青山］,275,275,circle_official,public,profile_explicit,circle_event,wolf.1919310,プロフィールに青学生向けの食べサーと明記,https://www.instagram.com/umaimono_agu/,A,2026-08-13,unknown,not_checked,,公開プロフィールを画面確認
soraji_akazuma,https://www.instagram.com/soraji_akazuma/,soraji_akazuma（表示名なし）,156,156,individual,public,mention_or_tag,circle_event,umaimono_agu,プロフィールにAGU 07と明記し青学サークルUIGの関連候補表示を確認,https://www.instagram.com/soraji_akazuma/,B,2026-08-13,unknown,not_checked,,AGU表記のみのため青学との関連は確度B
chiii.mm__09,https://www.instagram.com/chiii.mm__09/,森田知沙,100,100,individual,public,mention_or_tag,circle_event,umaimono_agu,プロフィールに07 aguと明記し青学サークルUIGの関連候補表示を確認,https://www.instagram.com/chiii.mm__09/,B,2026-08-13,unknown,not_checked,,AGU表記のみのため青学との関連は確度B
y__skr5,https://www.instagram.com/y__skr5/,サクラコ,615,615,individual,public,hub_follower,hub_followers,aogaku__for_fresh,公開フォロワー一覧で青山学院大学の新入生特化メディアをフォロー。プロフィールに青学明記は確認できず,https://www.instagram.com/y__skr5/,B,2026-08-16,unknown,not_checked,,公開プロフィール。青学直接明記なし。青学メディアの公開フォロワーとして手動確認した候補。年齢推測は行わず初回DM対象は別途確認
tenjin_0822,https://www.instagram.com/tenjin_0822/,表示名なし,479,479,individual,public,profile_explicit,hub_followers,aogaku__for_fresh,プロフィールにaguと明記。青山学院大学の新入生特化メディアの公開フォロワーとして確認,https://www.instagram.com/tenjin_0822/,A,2026-08-16,unknown,not_checked,,公開プロフィールを画面確認。学年や年齢は推測しない
n___na.01,https://www.instagram.com/n___na.01/,表示名なし,399,399,individual,public,hub_follower,hub_followers,aogaku__for_fresh,青山学院大学の新入生特化メディアの公開フォロワーとして確認。プロフィールに青学明記は確認できず,https://www.instagram.com/n___na.01/,B,2026-08-16,unknown,not_checked,,公開プロフィール。直接表記なしのため確度B。年齢推測は行わない
10yui06,https://www.instagram.com/10yui06/,表示名なし,384,384,individual,public,profile_explicit,hub_followers,aogaku__for_fresh,プロフィールにagu 経経 pso’26 Vnと明記。青山学院大学の新入生特化メディアの公開フォロワーとして確認,https://www.instagram.com/10yui06/,A,2026-08-16,unknown,not_checked,,公開プロフィールを画面確認。学年や年齢は推測しない
mccain__xx,https://www.instagram.com/mccain__xx/,表示名なし,297,297,individual,public,profile_explicit,hub_followers,aogaku__for_fresh,プロフィールにaguと明記。青山学院大学の新入生特化メディアの公開フォロワーとして確認,https://www.instagram.com/mccain__xx/,A,2026-08-16,unknown,not_checked,,公開プロフィールを画面確認。学年や年齢は推測しない
__95style,https://www.instagram.com/__95style/,表示名なし,614,614,individual,public,profile_explicit,hub_followers,aogaku__for_fresh,プロフィールに07 青学と明記。青山学院大学の新入生特化メディアの公開フォロワーとして確認,https://www.instagram.com/__95style/,A,2026-08-16,unknown,not_checked,,公開プロフィールを画面確認。学年や年齢は推測しない
__as7.lxq,https://www.instagram.com/__as7.lxq/,明日花,407,407,individual,public,profile_explicit,hub_followers,aogaku__for_fresh,プロフィールに07’青山学院と明記。青山学院大学の新入生特化メディアの公開フォロワーとして確認,https://www.instagram.com/aogaku__for_fresh/,A,2026-08-17,unknown,not_checked,,公開プロフィールを画面確認。青学在籍・年齢・サービス対象可否は推測しない
seiya_831,https://www.instagram.com/seiya_831/,表示名なし,416,416,individual,public,hub_follower,hub_followers,aogaku__for_fresh,青山学院大学の新入生特化メディアの公開フォロワーとして確認。プロフィールに青学明記は確認できず,https://www.instagram.com/seiya_831/,B,2026-08-16,unknown,not_checked,,公開プロフィール。直接表記なしのため確度B。年齢推測は行わない
reabud922_,https://www.instagram.com/reabud922_/,表示名なし,636,636,individual,public,profile_explicit,hub_followers,aogaku__for_fresh,プロフィールに07 青山学院 法法 @beruna_lmcと明記。青山学院大学の新入生特化メディアの公開フォロワーとして確認,https://www.instagram.com/reabud922_/,A,2026-08-16,unknown,not_checked,,公開プロフィールを画面確認。学年や年齢は推測しない
yun_.07sk,https://www.instagram.com/yun_.07sk/,表示名なし,673,673,individual,public,profile_explicit,hub_followers,aogaku__for_fresh,プロフィールに青山学院と明記。青山学院大学の新入生特化メディアの公開フォロワーとして確認,https://www.instagram.com/yun_.07sk/,A,2026-08-16,unknown,not_checked,,公開プロフィールを画面確認。学年や年齢は推測しない
fkk_108,https://www.instagram.com/fkk_108/,表示名なし,292,292,individual,public,profile_explicit,hub_followers,aogaku__for_fresh,プロフィールにAoyama Gakuin Univ.と明記。青山学院大学の新入生特化メディアの公開フォロワーとして確認,https://www.instagram.com/fkk_108/,A,2026-08-16,unknown,not_checked,,公開プロフィールを画面確認。学年や年齢は推測しない
oosnuee,https://www.instagram.com/oosnuee/,表示名なし,429,429,individual,public,hub_follower,hub_followers,windy_official_,青学公認テニスサークルwindy_official_の公開フォロワーとして手動確認。プロフィールに青学明記は確認できず,https://www.instagram.com/oosnuee/,B,2026-08-16,unknown,not_checked,,公開プロフィール。直接表記なしのため確度B。年齢推測は行わない
krn_62x,https://www.instagram.com/krn_62x/,表示名なし,501,501,individual,public,profile_explicit,hub_followers,windy_official_,プロフィールにagu 07’と明記。青学公認テニスサークルwindy_official_の公開フォロワーとして確認,https://www.instagram.com/krn_62x/,A,2026-08-16,unknown,not_checked,,公開プロフィールを画面確認。学年や年齢は推測しない
ryoto_decade,https://www.instagram.com/ryoto_decade/,表示名なし,404,404,individual,public,profile_explicit,hub_followers,windy_official_,プロフィールに青山学院 動画作ってますと明記。青学公認テニスサークルwindy_official_の公開フォロワーとして確認,https://www.instagram.com/ryoto_decade/,A,2026-08-16,unknown,not_checked,,公開プロフィールを画面確認。学年や年齢は推測しない
mik__.s2,https://www.instagram.com/mik__.s2/,表示名なし,702,702,individual,public,profile_explicit,hub_followers,windy_official_,プロフィールに05 青山学院と明記。青学公認テニスサークルwindy_official_の公開フォロワーとして確認,https://www.instagram.com/mik__.s2/,A,2026-08-16,unknown,not_checked,,公開プロフィールを画面確認。学年や年齢は推測しない
12ly___,https://www.instagram.com/12ly___/,表示名なし,497,497,individual,public,profile_explicit,hub_followers,windy_official_,プロフィールに07 教教と明記。青学公認テニスサークルwindy_official_の公開フォロワーとして確認,https://www.instagram.com/12ly___/,A,2026-08-16,unknown,not_checked,,公開プロフィールを画面確認。学年や年齢は推測しない
yumaokawaa,https://www.instagram.com/yumaokawaa/,表示名なし,401,401,individual,public,ambiguous_context,hub_followers,windy_official_,プロフィールにaoyamaとあるが青山学院とは明記されず。青学公認テニスサークルwindy_official_の公開フォロワーとして確認,https://www.instagram.com/yumaokawaa/,C,2026-08-16,unknown,not_checked,,青山の一般的な地名等の可能性を排除できないため確度C。初回DM対象外
sayakoseki_,https://www.instagram.com/sayakoseki_/,表示名なし,826,826,individual,public,profile_explicit,hub_followers,windy_official_,プロフィールにpgp / aoyama gakuin inoue balletと明記。青学公認テニスサークルwindy_official_の公開フォロワーとして確認,https://www.instagram.com/sayakoseki_/,A,2026-08-16,unknown,not_checked,,公開プロフィールを画面確認。現在の在学生かはプロフィールだけでは確定せず年齢推測は行わない
yumeiz1,https://www.instagram.com/yumeiz1/,表示名なし,944,944,individual,public,hub_follower,hub_followers,windy_official_,青学公認テニスサークルwindy_official_の公開フォロワーとして手動確認。プロフィールに青学明記は確認できず,https://www.instagram.com/yumeiz1/,B,2026-08-16,unknown,not_checked,,公開プロフィール。直接表記なしのため確度B。年齢推測は行わない
sei.5812,https://www.instagram.com/sei.5812/,表示名なし,351,351,individual,public,hub_follower,hub_followers,windy_official_,青学公認テニスサークルwindy_official_の公開フォロワーとして手動確認。プロフィールに青学明記は確認できず,https://www.instagram.com/sei.5812/,B,2026-08-16,unknown,not_checked,,公開プロフィール。直接表記なしのため確度B。年齢推測は行わない
_l.219_,https://www.instagram.com/_l.219_/,表示名なし,261,261,individual,public,profile_explicit,hub_followers,windy_official_,プロフィールにAoyama Gakuin Univ.と明記。青学公認テニスサークルwindy_official_の公開フォロワーとして確認,https://www.instagram.com/_l.219_/,A,2026-08-16,unknown,not_checked,,公開プロフィールを画面確認。学年や年齢は推測しない
shun0326a,https://www.instagram.com/shun0326a/,表示名なし,314,314,individual,public,hub_follower,hub_followers,windy_official_,青学公認テニスサークルwindy_official_の公開フォロワーとして手動確認。プロフィールに青学明記は確認できず,https://www.instagram.com/shun0326a/,B,2026-08-16,unknown,not_checked,,公開プロフィール。直接表記なしのため確度B。年齢推測は行わない
r1_ntarooo,https://www.instagram.com/r1_ntarooo/,表示名なし,155,155,individual,public,profile_explicit,hub_followers,windy_official_,プロフィールにあおがくと明記。青学公認テニスサークルwindy_official_の公開フォロワーとして確認,https://www.instagram.com/r1_ntarooo/,A,2026-08-16,unknown,not_checked,,公開プロフィールを画面確認。あおがく表記のみのため学年や年齢は推測しない
rix_.ll,https://www.instagram.com/rix_.ll/,表示名なし,239,239,individual,public,hub_follower,hub_followers,windy_official_,青学公認テニスサークルwindy_official_の公開フォロワーとして手動確認。プロフィールに青学明記は確認できず,https://www.instagram.com/rix_.ll/,B,2026-08-16,unknown,not_checked,,公開プロフィール。直接表記なしのため確度B。年齢推測は行わない
shogoalex3,https://www.instagram.com/shogoalex3/,表示名なし,110,110,individual,public,hub_follower,hub_followers,windy_official_,青学公認テニスサークルwindy_official_の公開フォロワーとして手動確認。プロフィールに青学明記は確認できず,https://www.instagram.com/shogoalex3/,B,2026-08-16,unknown,not_checked,,公開プロフィール。直接表記なしのため確度B。年齢推測は行わない
a__.ya14,https://www.instagram.com/a__.ya14/,表示名なし,330,330,individual,public,hub_follower,hub_followers,windy_official_,青学公認テニスサークルwindy_official_の公開フォロワーとして手動確認。プロフィールに06 psyとあるが青学明記は確認できず,https://www.instagram.com/a__.ya14/,B,2026-08-16,unknown,not_checked,,公開プロフィール。直接表記なしのため確度B。年齢推測は行わない
maaya_zaki,https://www.instagram.com/maaya_zaki/,表示名なし,530,530,individual,public,hub_follower,hub_followers,windy_official_,青学公認テニスサークルwindy_official_の公開フォロワーとして手動確認。プロフィールに青学明記は確認できず,https://www.instagram.com/maaya_zaki/,B,2026-08-16,unknown,not_checked,,公開プロフィール。直接表記なしのため確度B。年齢推測は行わない
azurei_93,https://www.instagram.com/azurei_93/,表示名なし,318,318,individual,public,hub_follower,hub_followers,windy_official_,青学公認テニスサークルwindy_official_の公開フォロワーとして手動確認。プロフィールに青学明記は確認できず,https://www.instagram.com/azurei_93/,B,2026-08-16,unknown,not_checked,,公開プロフィール。直接表記なしのため確度B。年齢推測は行わない
kou_te_tttu0718,https://www.instagram.com/kou_te_tttu0718/,表示名なし,534,534,individual,public,hub_follower,hub_followers,aogaku__for_fresh,青山学院大学の新入生特化メディアの公開フォロワーとして確認。プロフィールに青学明記は確認できず,https://www.instagram.com/kou_te_tttu0718/,B,2026-08-16,unknown,not_checked,,公開プロフィール。直接表記なしのため確度B。年齢推測は行わない
rinalee1012,https://www.instagram.com/rinalee1012/,表示名なし,362,362,individual,public,profile_explicit,hub_followers,aogaku.magazine,プロフィールにAoyama gakuin univ. 🌏 (06)と明記。青学新入生・就活生向け学生メディアの公開フォロワーとして確認,https://www.instagram.com/rinalee1012/,A,2026-08-16,unknown,not_checked,,公開プロフィールを画面確認。学年や年齢は推測しない
toki___rom,https://www.instagram.com/toki___rom/,表示名なし,638,638,individual,public,hub_follower,hub_followers,aogaku.magazine,プロフィールに日本文学科2年とあるが大学名は確認できず。青学新入生・就活生向け学生メディアの公開フォロワーとして確認,https://www.instagram.com/toki___rom/,B,2026-08-16,unknown,not_checked,,公開プロフィール。青学の直接表記なし。発見経路を根拠として記録し年齢推測は行わない
mar_iaa216,https://www.instagram.com/mar_iaa216/,表示名なし,1078,1078,individual,public,profile_explicit,hub_followers,aogaku.magazine,プロフィールにagu 法/ golfと明記。青学新入生・就活生向け学生メディアの公開フォロワーとして確認,https://www.instagram.com/mar_iaa216/,A,2026-08-16,unknown,not_checked,,公開プロフィールを画面確認。学年や年齢は推測しない
haruna_3dcc,https://www.instagram.com/haruna_3dcc/,表示名なし,831,831,individual,public,hub_follower,hub_followers,aogaku.magazine,青学新入生・就活生向け学生メディアの公開フォロワーとして確認。プロフィールに青学明記は確認できず,https://www.instagram.com/haruna_3dcc/,B,2026-08-16,unknown,not_checked,,公開プロフィール。直接表記なしのため確度B。年齢推測は行わない
sokagetitright,https://www.instagram.com/sokagetitright/,表示名なし,350,350,individual,public,profile_explicit,hub_followers,aogaku.magazine,プロフィールに06/青学と明記。青学新入生・就活生向け学生メディアの公開フォロワーとして確認,https://www.instagram.com/sokagetitright/,A,2026-08-16,unknown,not_checked,,公開プロフィールを画面確認。学年や年齢は推測しない
eai_t12,https://www.instagram.com/eai_t12/,表示名なし,193,193,individual,public,profile_explicit,hub_followers,aogaku.magazine,プロフィールに178 agu 総文と明記。青学新入生・就活生向け学生メディアの公開フォロワーとして確認,https://www.instagram.com/eai_t12/,A,2026-08-16,unknown,not_checked,,公開プロフィールを画面確認。学年や年齢は推測しない
moka.950125,https://www.instagram.com/moka.950125/,表示名なし,137,137,individual,public,ambiguous_context,hub_followers,aogaku.magazine,プロフィールに青山 文 日本文2年とあるが青山学院の明記はなく青山文が氏名の可能性もある。青学新入生・就活生向け学生メディアの公開フォロワーとして確認,https://www.instagram.com/moka.950125/,C,2026-08-16,unknown,not_checked,,青山学院との直接根拠が弱いため確度C。初回DM対象外
t.haruto_0410,https://www.instagram.com/t.haruto_0410/,表示名なし,287,287,individual,public,ambiguous_context,hub_followers,aogaku.magazine,プロフィールにaoyama If 53rdとあるが青山学院大学とは明記されず。青学新入生・就活生向け学生メディアの公開フォロワーとして確認,https://www.instagram.com/t.haruto_0410/,C,2026-08-16,unknown,not_checked,,aoyama表記だけでは大学を特定できないため確度C。初回DM対象外
__raps.0,https://www.instagram.com/__raps.0/,表示名なし,901,901,individual,public,hub_follower,hub_followers,aogaku.magazine,青学新入生・就活生向け学生メディアの公開フォロワーとして確認。プロフィールに青学明記は確認できず,https://www.instagram.com/__raps.0/,B,2026-08-16,unknown,not_checked,,公開プロフィール。直接表記なしのため確度B。年齢推測は行わない
kaito.06_03,https://www.instagram.com/kaito.06_03/,表示名なし,156,156,individual,public,profile_explicit,hub_followers,aogaku.magazine,プロフィールにagu law GHと明記。青学新入生・就活生向け学生メディアの公開フォロワーとして確認,https://www.instagram.com/kaito.06_03/,A,2026-08-16,unknown,not_checked,,公開プロフィールを画面確認。学年や年齢は推測しない
k_onagi_0124,https://www.instagram.com/k_onagi_0124/,表示名なし,217,217,individual,public,profile_explicit,hub_followers,aogaku.magazine,プロフィールにAGU Soaring Teamと明記。青学新入生・就活生向け学生メディアの公開フォロワーとして確認,https://www.instagram.com/k_onagi_0124/,A,2026-08-16,unknown,not_checked,,公開プロフィールを画面確認。学年や年齢は推測しない
ali___0i,https://www.instagram.com/ali___0i/,表示名なし,439,439,individual,public,hub_follower,hub_followers,aogaku.magazine,青学新入生・就活生向け学生メディアの公開フォロワーとして確認。プロフィールに青学明記は確認できず,https://www.instagram.com/ali___0i/,B,2026-08-16,unknown,not_checked,,公開プロフィール。直接表記なしのため確度B。年齢推測は行わない
yut_mat1022,https://www.instagram.com/yut_mat1022/,表示名なし,201,201,individual,public,profile_explicit,hub_followers,aogaku.magazine,プロフィールに05(20) 青学と明記。青学新入生・就活生向け学生メディアの公開フォロワーとして確認,https://www.instagram.com/yut_mat1022/,A,2026-08-16,unknown,not_checked,,公開プロフィールを画面確認。学年や年齢は推測しない
t.sen_415,https://www.instagram.com/t.sen_415/,表示名なし,704,704,individual,public,hub_follower,hub_followers,aogaku.magazine,プロフィールに07 機創とあるが青学明記は確認できず。青学新入生・就活生向け学生メディアの公開フォロワーとして確認,https://www.instagram.com/t.sen_415/,B,2026-08-16,unknown,not_checked,,公開プロフィール。直接表記なしのため確度B。年齢推測は行わない
sen_9317,https://www.instagram.com/sen_9317/,表示名なし,194,194,individual,public,profile_explicit,hub_followers,aogaku.magazine,プロフィールにtckw77→agu比較芸術/MBS13thと明記。青学新入生・就活生向け学生メディアの公開フォロワーとして確認,https://www.instagram.com/sen_9317/,A,2026-08-16,unknown,not_checked,,公開プロフィールを画面確認。学年や年齢は推測しない
hii_nata.4zo,https://www.instagram.com/hii_nata.4zo/,表示名なし,84,84,individual,public,hub_follower,hub_followers,agu_info,青学生による学生メディアagu_infoの公開フォロワーとして確認。プロフィールに青学明記は確認できず,https://www.instagram.com/hii_nata.4zo/,B,2026-08-16,unknown,not_checked,,公開プロフィール。直接表記なしのため確度B。年齢推測は行わない
y3xqli_,https://www.instagram.com/y3xqli_/,表示名なし,353,353,individual,public,hub_follower,hub_followers,agu_info,現役青学生向けメディアagu_infoの公開フォロワーとして確認。プロフィールに青学明記は確認できず,https://www.instagram.com/y3xqli_/,B,2026-08-16,unknown,not_checked,,公開プロフィール。直接表記なしのため確度B。年齢推測は行わない
___nemui.___,https://www.instagram.com/___nemui.___/,表示名なし,509,509,individual,public,hub_follower,hub_followers,fra_ao_,青学生の日常メディアfra_ao_の公開フォロワーとして確認。プロフィールに青学明記は確認できず,https://www.instagram.com/___nemui.___/,B,2026-08-16,unknown,not_checked,,公開プロフィール。直接表記なしのため確度B。年齢推測は行わない
waka__1230_,https://www.instagram.com/waka__1230_/,表示名なし,241,241,individual,public,hub_follower,hub_followers,fra_ao_,青学生の日常メディアfra_ao_の公開フォロワーとして確認。プロフィールに青学明記は確認できず,https://www.instagram.com/waka__1230_/,B,2026-08-16,unknown,not_checked,,公開プロフィール。直接表記なしのため確度B。年齢推測は行わない
t.reita418,https://www.instagram.com/t.reita418/,表示名なし,420,420,individual,public,hub_follower,hub_followers,fra_ao_,プロフィールに堀川27期とあるが青学明記は確認できず。青学生の日常メディアfra_ao_の公開フォロワーとして確認,https://www.instagram.com/t.reita418/,B,2026-08-16,unknown,not_checked,,公開プロフィール。直接表記なしのため確度B。年齢推測は行わない
kazuki1435__,https://www.instagram.com/kazuki1435__/,表示名なし,205,205,individual,public,hub_follower,hub_followers,fra_ao_,青学生の日常メディアfra_ao_の公開フォロワーとして確認。プロフィールに青学明記は確認できず,https://www.instagram.com/kazuki1435__/,B,2026-08-16,unknown,not_checked,,公開プロフィール。直接表記なしのため確度B。年齢推測は行わない
kouta_ms,https://www.instagram.com/kouta_ms/,表示名なし,231,231,individual,public,hub_follower,hub_followers,fra_ao_,青学生の日常メディアfra_ao_の公開フォロワーとして確認。プロフィールに青学明記は確認できず,https://www.instagram.com/kouta_ms/,B,2026-08-16,unknown,not_checked,,公開プロフィール。直接表記なしのため確度B。年齢推測は行わない
hiro02479,https://www.instagram.com/hiro02479/,表示名なし,208,208,individual,public,hub_follower,hub_followers,fra_ao_,青学生の日常メディアfra_ao_の公開フォロワーとして確認。プロフィールに青学明記は確認できず,https://www.instagram.com/hiro02479/,B,2026-08-16,unknown,not_checked,,公開プロフィール。直接表記なしのため確度B。年齢推測は行わない
7m._.o3,https://www.instagram.com/7m._.o3/,表示名なし,220,220,individual,public,hub_follower,hub_followers,fra_ao_,プロフィールに04とあるが青学明記は確認できず。青学生の日常メディアfra_ao_の公開フォロワーとして確認,https://www.instagram.com/7m._.o3/,B,2026-08-16,unknown,not_checked,,公開プロフィール。直接表記なしのため確度B。年齢推測は行わない
___7nks2,https://www.instagram.com/___7nks2/,表示名なし,459,459,individual,public,profile_explicit,hub_followers,aogaku_tv,プロフィールに「agu / sipec」と記載。青学TV公開フォロワーとして画面確認,https://www.instagram.com/___7nks2/,A,2026-08-16,unknown,not_checked,,青学関連表記あり。在学状況と年齢は未確認
rxsbs4,https://www.instagram.com/rxsbs4/,表示名なし,42,42,individual,public,profile_explicit,hub_followers,aogaku_tv,プロフィールに「#春から青学 英米 07」と記載。青学TV公開フォロワーとして画面確認,https://www.instagram.com/rxsbs4/,A,2026-08-16,unknown,not_checked,,青学関連表記あり。在学状況と年齢は未確認
_o314k,https://www.instagram.com/_o314k/,表示名なし,528,528,individual,public,profile_explicit,hub_followers,aogaku_tv,プロフィールに「08青山学院」と記載。青学TV公開フォロワーとして画面確認,https://www.instagram.com/_o314k/,A,2026-08-16,unknown,not_checked,,青学関連表記あり。在学状況と年齢は未確認
sh0113u,https://www.instagram.com/sh0113u/,表示名なし,200,200,individual,public,profile_explicit,hub_followers,aogaku_tv,プロフィールに「02 agu ssi」と記載。青学TV公開フォロワーとして画面確認,https://www.instagram.com/sh0113u/,A,2026-08-16,unknown,not_checked,,青学関連表記あり。在学状況と年齢は未確認
agu__ghost,https://www.instagram.com/agu__ghost/,表示名なし,466,466,circle_official,public,profile_explicit,hub_followers,_o314k,プロフィールに「青学の心スポドライブサークルGhost」と活動内容を明記。公開プロフィールを画面確認,https://www.instagram.com/agu__ghost/,A,2026-08-16,unknown,not_checked,,青学関連サークル公式候補。公式・公認の許諾は別途確認
iwm0679,https://www.instagram.com/iwm0679/,表示名なし,304,304,individual,public,profile_explicit,hub_followers,aogaku_tv,プロフィールに「(20) 青山学院 総文」と記載。青学TV公開フォロワーとして画面確認,https://www.instagram.com/iwm0679/,A,2026-08-16,unknown,not_checked,,青学関連表記あり。在学状況と年齢は未確認
snmt.__.313,https://www.instagram.com/snmt.__.313/,表示名なし,1004,1004,individual,public,profile_explicit,hub_followers,aogaku_tv,プロフィールに「Aoyama / Sipec 30」と記載。青山学院の略記とみられるが大学名は完全表記でない,https://www.instagram.com/snmt.__.313/,B,2026-08-16,unknown,not_checked,,青学関連表記は略記のため確度B。在学状況と年齢は未確認
yuki103734_2026,https://www.instagram.com/yuki103734_2026/,表示名なし,159,159,individual,public,profile_explicit,hub_followers,aogaku_tv,プロフィールに「agu 経済」と記載。青学TV公開フォロワーとして画面確認,https://www.instagram.com/yuki103734_2026/,A,2026-08-16,unknown,not_checked,,青学関連表記あり。在学状況と年齢は未確認
runa.2007,https://www.instagram.com/runa.2007/,表示名なし,46,46,individual,public,profile_explicit,hub_followers,aogaku_tv,プロフィールに「AGU law」と記載。青学TV公開フォロワーとして画面確認,https://www.instagram.com/runa.2007/,A,2026-08-16,unknown,not_checked,,青学関連表記あり。在学状況と年齢は未確認
luna.__025,https://www.instagram.com/luna.__025/,表示名なし,261,261,individual,public,hub_follower,hub_followers,agu_info,プロフィールに「07 法」と記載。agu_info公開フォロワーとして画面確認したが大学名はなし,https://www.instagram.com/luna.__025/,B,2026-08-16,unknown,not_checked,,青学関連ハブとの関係と学年・学部らしき表記によるB判定。在学状況と年齢は未確認
ri.034x_,https://www.instagram.com/ri.034x_/,表示名なし,796,796,individual,public,profile_explicit,hub_followers,agu_info,プロフィールに「明和→青山学院」と記載。agu_info公開フォロワーとして画面確認,https://www.instagram.com/ri.034x_/,A,2026-08-16,unknown,not_checked,,青学関連表記あり。在学状況と年齢は未確認
pwthu89,https://www.instagram.com/pwthu89/,表示名なし,377,377,individual,public,hub_follower,hub_followers,aogaku_tv,プロフィールに「05」と記載。青学TV公開フォロワーとして画面確認したが大学名はなし,https://www.instagram.com/pwthu89/,B,2026-08-16,unknown,not_checked,,青学関連ハブとの関係と学生年代らしき表記によるB判定。在学状況と年齢は未確認
chris_tina.310,https://www.instagram.com/chris_tina.310/,表示名なし,82,82,individual,public,hub_follower,hub_followers,aogaku_tv,プロフィールに「1年 法法」と記載。青学TV公開フォロワーとして画面確認したが大学名はなし,https://www.instagram.com/chris_tina.310/,B,2026-08-16,unknown,not_checked,,青学関連ハブとの関係と学年・学部らしき表記によるB判定。在学状況と年齢は未確認
sakura_cherry27,https://www.instagram.com/sakura_cherry27/,表示名なし,53,53,individual,public,hub_follower,hub_followers,aogaku_tv,青学TV公開フォロワーとして公開プロフィールを画面確認したが大学名や学部の記載なし,https://www.instagram.com/sakura_cherry27/,C,2026-08-16,unknown,not_checked,,青学TVとの関係以外に青学信号がなく初回DM対象外
daichi_h0813,https://www.instagram.com/daichi_h0813/,表示名なし,277,277,individual,public,hub_follower,hub_followers,agu_info,プロフィールに「経済」と記載。agu_info公開フォロワーとして画面確認したが大学名はなし,https://www.instagram.com/daichi_h0813/,C,2026-08-16,unknown,not_checked,,青学関連ハブとの関係と学部らしき表記のみで初回DM対象外
rslxum,https://www.instagram.com/rslxum/,表示名なし,566,566,individual,public,ambiguous_context,hashtag,alsfeld_agu,青学サークルalsfeld_aguの公開投稿でタグ付けされプロフィールに「Aoyama」と記載,https://www.instagram.com/p/DWB2yFZkknG/,B,2026-08-16,unknown,not_checked,,Aoyamaのみで大学名は不明。投稿との関係によるB判定。在学状況と年齢は未確認
oshi_ss08,https://www.instagram.com/oshi_ss08/,表示名なし,401,401,individual,public,profile_explicit,hashtag,alsfeld_agu,青学サークルalsfeld_aguの公開投稿でタグ付けされプロフィールに「青山学院」と記載,https://www.instagram.com/p/DWB2yFZkknG/,A,2026-08-16,unknown,not_checked,,青学関連表記あり。在学状況と年齢は未確認
_llmyk8,https://www.instagram.com/_llmyk8/,表示名なし,846,846,individual,public,ambiguous_context,hashtag,alsfeld_agu,青学サークルalsfeld_aguの公開投稿でタグ付けされプロフィールに「Aoyama univ.」と記載,https://www.instagram.com/p/DWB2yFZkknG/,B,2026-08-16,unknown,not_checked,,Aoyama表記は大学名の完全表記でないためB判定。在学状況と年齢は未確認
o6xflower,https://www.instagram.com/o6xflower/,表示名なし,527,527,individual,public,profile_explicit,circle_event,agu___scream,青学サークルagu___screamの公開投稿コメント欄で確認されプロフィールに「Aoyama Univ.」と記載,https://www.instagram.com/p/DWA_j8agEVG/,A,2026-08-16,unknown,not_checked,,青学関連表記あり。在学状況と年齢は未確認
hitomi__429,https://www.instagram.com/hitomi__429/,表示名なし,906,906,individual,public,profile_explicit,circle_event,agu___scream,青学サークルagu___screamの公開投稿コメント欄で確認されプロフィールに「06 青山学院」と記載,https://www.instagram.com/p/DWA_j8agEVG/,A,2026-08-16,unknown,not_checked,,青学関連表記あり。在学状況と年齢は未確認
m.mrjo_ai,https://www.instagram.com/m.mrjo_ai/,表示名なし,393,393,individual,public,profile_explicit,circle_event,agu___scream,青学サークルagu___screamの公開投稿コメント欄で確認されプロフィールに「07 agu」と記載,https://www.instagram.com/p/DWA_j8agEVG/,A,2026-08-16,unknown,not_checked,,青学関連表記あり。在学状況と年齢は未確認
sorahibi_movie,https://www.instagram.com/sorahibi_movie/,表示名なし,148,148,event,public,profile_explicit,hub_followers,agu_info,プロフィールに青山学院大学総合文化政策学部の映画制作ラボによる短編映画公式アカウントと記載,https://www.instagram.com/sorahibi_movie/,A,2026-08-16,unknown,not_checked,,青学関連イベント候補。公式・公認の許諾は別途確認
rockers_aoyama,https://www.instagram.com/rockers_aoyama/,表示名なし,51,51,other,public,profile_explicit,hub_followers,agu_info,プロフィールに「青山学院大学×サンロッカーズ渋谷」と記載。agu_info公開フォロワー検索で確認,https://www.instagram.com/rockers_aoyama/,A,2026-08-16,unknown,not_checked,,青学関連プロジェクト候補。公式・公認の許諾は別途確認
aogaku_startup,https://www.instagram.com/aogaku_startup/,表示名なし,9,9,other,public,ambiguous_context,hub_followers,agu_info,ユーザーネームにaogakuがありagu_infoの「青学生」公開フォロワー検索に表示されたがプロフィールに大学名の記載なし,https://www.instagram.com/aogaku_startup/,C,2026-08-16,unknown,not_checked,,青学信号はユーザーネームとハブ関係のみ。初回DM対象外
l0ve3k1tty,https://www.instagram.com/l0ve3k1tty/,表示名なし,845,845,individual,public,profile_explicit,hub_followers,aoyama.hack,プロフィールに青山学院と明記,https://www.instagram.com/l0ve3k1tty/,A,2026-08-16,unknown,not_checked,,青学ハブの公開フォロワーから手動確認。公開プロフィールだがサービス適合性は未確認のため初回DM対象外
_tsubaki_____,https://www.instagram.com/_tsubaki_____/,_tsubaki_____,530,530,individual,public,profile_explicit,hub_followers,aoyama.hack,プロフィールにagu英米と明記,https://www.instagram.com/_tsubaki_____/,A,2026-08-16,unknown,not_checked,,青学ハブの公開フォロワーから手動確認。公開プロフィールだがサービス適合性は未確認のため初回DM対象外
shuny__a23,https://www.instagram.com/shuny__a23/,表示名なし,267,267,individual,public,profile_explicit,hub_followers,aogaku_tencha,プロフィールに青学と明記,https://www.instagram.com/shuny__a23/,A,2026-08-16,unknown,not_checked,,青学学生メディアの公開フォロワーから手動確認。成人向けサービス接触可否は未確認のため初回DM対象外
lqi6lo_,https://www.instagram.com/lqi6lo_/,表示名なし,318,318,individual,public,profile_explicit,hub_followers,aogaku_tencha,プロフィールに05 aguと明記,https://www.instagram.com/lqi6lo_/,A,2026-08-16,unknown,not_checked,,青学学生メディアの公開フォロワーから手動確認。年齢は収集せずサービス適合性は未確認
heulxe_.7411,https://www.instagram.com/heulxe_.7411/,表示名なし,509,509,individual,public,profile_explicit,hub_followers,aogaku_tencha,プロフィールにAoyama gakuin univ.と明記,https://www.instagram.com/heulxe_.7411/,A,2026-08-16,unknown,not_checked,,青学学生メディアの公開フォロワーから手動確認。年齢は収集せずサービス適合性は未確認
sck__.07,https://www.instagram.com/sck__.07/,表示名なし,535,535,individual,public,profile_explicit,hub_followers,aogaku_tencha,プロフィールにaguと総文を明記,https://www.instagram.com/sck__.07/,A,2026-08-16,unknown,not_checked,,青学学生メディアの公開フォロワーから手動確認。成人向けサービス接触可否は未確認のため初回DM対象外
liajiam,https://www.instagram.com/liajiam/,表示名なし,636,636,individual,public,ambiguous_context,hub_followers,aogaku_tencha,プロフィールは05のみで大学名の明記はないが青学学生メディアの公開フォロワーとして表示,https://www.instagram.com/liajiam/,C,2026-08-16,unknown,not_checked,,青学っぽさは公開ハブのフォロワー関係と05表記のみ。初回DM対象外
blueeee_11111,https://www.instagram.com/blueeee_11111/,表示名なし,633,633,individual,public,profile_explicit,hub_followers,aogaku_tencha,プロフィールにAoyama gakuin univ.と明記,https://www.instagram.com/blueeee_11111/,A,2026-08-16,unknown,not_checked,,青学学生メディアの公開フォロワーから手動確認。成人向けサービス接触可否は未確認のため初回DM対象外
royal_rsjo_agu,https://www.instagram.com/royal_rsjo_agu/,Royal Sounds Jazz Orch.,1742,1742,circle_official,public,profile_explicit,hub_followers,aogaku_tencha,プロフィールに青学唯一のジャズビッグバンドの公式アカウントと明記,https://www.instagram.com/royal_rsjo_agu/,A,2026-08-16,unknown,not_checked,,青学学生メディアの公開フォロー先から手動確認。公式サークルアカウントのため個人の年齢・サービス適合性は該当なし
aogaku_graffiti,https://www.instagram.com/aogaku_graffiti/,Aogaku Graffiti,467,467,student_media,public,profile_explicit,keyword_search,Instagram検索:aogaku,プロフィールに青学生のサークル情報を発信と明記しリンク先にもuniv=aogaku,https://www.instagram.com/aogaku_graffiti/,A,2026-08-16,unknown,not_checked,,Instagram内検索から手動確認。学生メディアの公開プロフィールで個人の年齢・サービス適合性は未確認
aoyama_mr4_2026,https://www.instagram.com/aoyama_mr4_2026/,ミスター青山No.4 中野友斗,342,342,individual,public,ambiguous_context,keyword_search,Instagram検索:青山,公開プロフィールにミスター青山2026候補者として表示され公式候補者ページへのリンクがある,https://www.instagram.com/aoyama_mr4_2026/,B,2026-08-16,unknown,not_checked,,青山ミスターコン系の公開候補。大学名の直接明記はないためB判定。年齢・サービス適合性は推測せず初回DM対象外
aoyama_mr5_2026,https://www.instagram.com/aoyama_mr5_2026/,ミスター青山No.5 齊藤伶央,405,405,individual,public,ambiguous_context,keyword_search,Instagram検索:青山,公開プロフィールに文学部とミスター青山候補者ページへのリンクを明記,https://www.instagram.com/aoyama_mr5_2026/,B,2026-08-16,unknown,not_checked,,青山ミスターコン系の公開候補。大学名の直接明記はないためB判定。年齢・サービス適合性は推測せず初回DM対象外
aoyama.gakuin,https://www.instagram.com/aoyama.gakuin/,表示名なし,15,15,individual,public,profile_explicit,keyword_search,Instagram検索:AoyamaGakuin,プロフィールに青山学院大学・経営学部卒と音楽サークルACM所属を明記,https://www.instagram.com/aoyama.gakuin/,A,2026-08-16,unknown,not_checked,,Instagram内検索から手動確認。青学卒業生の公開プロフィールで個人の年齢・サービス適合性は未確認
ohayou__gram,https://www.instagram.com/ohayou__gram/,表示名なし,278,278,individual,public,profile_explicit,hub_followers,aogaku_tencha,プロフィールに青学と明記,https://www.instagram.com/ohayou__gram/,A,2026-08-16,unknown,not_checked,,青学学生メディアの公開フォロワーから手動確認。成人向けサービス接触可否は未確認のため初回DM対象外
mizuka_419,https://www.instagram.com/mizuka_419/,表示名なし,203,203,individual,public,profile_explicit,hub_followers,aogaku_tencha,プロフィールにagu 文と明記,https://www.instagram.com/mizuka_419/,A,2026-08-16,unknown,not_checked,,青学学生メディアの公開フォロワーから手動確認。成人向けサービス接触可否は未確認のため初回DM対象外
totoflower_0927,https://www.instagram.com/totoflower_0927/,表示名なし,406,406,individual,public,profile_explicit,hub_followers,aogaku_tencha,プロフィールにaguと青学関連アカウントへのリンクを明記,https://www.instagram.com/totoflower_0927/,A,2026-08-16,unknown,not_checked,,青学学生メディアの公開フォロワーから手動確認。成人向けサービス接触可否は未確認のため初回DM対象外
yudai._12392,https://www.instagram.com/yudai._12392/,表示名なし,307,307,individual,public,profile_explicit,hub_followers,aogaku_tencha,プロフィールに青学と明記しサークル名shadow400も表示,https://www.instagram.com/yudai._12392/,A,2026-08-16,unknown,not_checked,,青学学生メディアの公開フォロワーから手動確認。成人向けサービス接触可否は未確認のため初回DM対象外
tsugu__05,https://www.instagram.com/tsugu__05/,表示名なし,268,268,individual,public,profile_explicit,hub_followers,aogaku_tencha,プロフィールに青山学院と明記,https://www.instagram.com/tsugu__05/,A,2026-08-16,unknown,not_checked,,青学学生メディアの公開フォロワーから手動確認。プロフィール中の年代表記は年齢推測には使わずサービス適合性は未確認
puriyu7._,https://www.instagram.com/puriyu7._/,表示名なし,811,811,individual,public,profile_explicit,hub_followers,aogaku_tencha,プロフィールに青山学院と明記し青学関連アカウントへのリンクあり,https://www.instagram.com/puriyu7._/,A,2026-08-16,unknown,not_checked,,青学学生メディアの公開フォロワーから手動確認。成人向けサービス接触可否は未確認のため初回DM対象外
0.cho_,https://www.instagram.com/0.cho_/,表示名なし,472,472,individual,public,ambiguous_context,hub_followers,aogaku_tencha,プロフィールに20 aoyamaとあるが大学名の直接明記はない,https://www.instagram.com/0.cho_/,C,2026-08-16,unknown,not_checked,,青学っぽさはaoyama表記と公開ハブのフォロワー関係のみ。初回DM対象外
kyo160_1017,https://www.instagram.com/kyo160_1017/,表示名なし,212,212,individual,public,profile_explicit,hub_followers,aoyama.hack,プロフィールにAGU 法ヒュと明記,https://www.instagram.com/kyo160_1017/,A,2026-08-16,unknown,not_checked,,青学ハブの公開フォロワーから手動確認。成人向けサービス接触可否は未確認のため初回DM対象外
m.yama._.to,https://www.instagram.com/m.yama._.to/,表示名なし,287,287,individual,public,profile_explicit,hub_followers,aoyama.hack,プロフィールにagu sipecと明記,https://www.instagram.com/m.yama._.to/,A,2026-08-16,unknown,not_checked,,青学ハブの公開フォロワーから手動確認。成人向けサービス接触可否は未確認のため初回DM対象外
teruki_1129,https://www.instagram.com/teruki_1129/,表示名なし,355,355,individual,public,ambiguous_context,hub_followers,aoyama.hack,プロフィールにaoyama_golfへのリンクのみ,https://www.instagram.com/teruki_1129/,C,2026-08-16,unknown,not_checked,,青学っぽさは青学ハブの公開フォロワー関係と青学ゴルフ系アカウントへのリンクのみ。初回DM対象外
k_ok_e303,https://www.instagram.com/k_ok_e303/,表示名なし,296,296,individual,public,ambiguous_context,hub_followers,aoyama.hack,プロフィールにocsと硬式野球の表示があるが青学の直接明記はない,https://www.instagram.com/k_ok_e303/,C,2026-08-16,unknown,not_checked,,青学っぽさは青学ハブの公開フォロワー関係とOCSらしき表示のみ。初回DM対象外
46_mas2,https://www.instagram.com/46_mas2/,表示名なし,165,165,individual,public,ambiguous_context,hub_followers,aoyama.hack,プロフィールに2007とaoyamaの表示があるが大学名の直接明記はない,https://www.instagram.com/46_mas2/,C,2026-08-16,unknown,not_checked,,青学っぽさはaoyama表記と公開ハブのフォロワー関係のみ。年代表記は年齢推測には使わず初回DM対象外
shihann_0506,https://www.instagram.com/shihann_0506/,表示名なし,472,472,individual,public,profile_explicit,hub_followers,aoyama.hack,プロフィールに青学 文史Aと明記,https://www.instagram.com/shihann_0506/,A,2026-08-16,unknown,not_checked,,青学ハブの公開フォロワーから手動確認。年代表記は収集せず成人向けサービス接触可否は未確認
jejx_nxx,https://www.instagram.com/jejx_nxx/,表示名なし,509,509,individual,public,profile_explicit,hub_followers,agu_info,プロフィールに青山学院と明記,https://www.instagram.com/jejx_nxx/,A,2026-08-16,unknown,not_checked,,青学情報局の公開フォロワーから手動確認。成人向けサービス接触可否は未確認のため初回DM対象外
nh.foruni6dbfl,https://www.instagram.com/nh.foruni6dbfl/,表示名なし,142,142,individual,public,profile_explicit,hub_followers,agu_info,プロフィールに07 AGU 経経Gと明記,https://www.instagram.com/nh.foruni6dbfl/,A,2026-08-16,unknown,not_checked,,青学情報局の公開フォロワーから手動確認。年代表記は年齢推測には使わずサービス適合性は未確認
yukiwakasaki,https://www.instagram.com/yukiwakasaki/,表示名なし,89,89,individual,public,profile_explicit,hub_followers,agu_info,プロフィールにAGU SIPEC 2年と明記,https://www.instagram.com/yukiwakasaki/,A,2026-08-16,unknown,not_checked,,青学情報局の公開フォロワーから手動確認。学年は年齢推測には使わずサービス適合性は未確認
_m.k._.8,https://www.instagram.com/_m.k._.8/,表示名なし,196,196,individual,public,ambiguous_context,hub_followers,agu_info,プロフィールにaguのみの表示があり大学名の直接明記はない,https://www.instagram.com/_m.k._.8/,C,2026-08-16,unknown,not_checked,,青学っぽさはagu表記と青学情報局の公開フォロワー関係のみ。初回DM対象外
yuki.o7_,https://www.instagram.com/yuki.o7_/,表示名なし,329,329,individual,public,profile_explicit,hub_followers,agu_info,プロフィールにagu 教育とcheerleading-REESESを明記,https://www.instagram.com/yuki.o7_/,A,2026-08-16,unknown,not_checked,,青学情報局の公開フォロワーから手動確認。年代表記は年齢推測には使わずサービス適合性は未確認
9enki_906,https://www.instagram.com/9enki_906/,表示名なし,332,332,individual,public,profile_explicit,hub_followers,aogaku_caps,プロフィールに06 agu sccsと明記,https://www.instagram.com/9enki_906/,A,2026-08-16,unknown,not_checked,,青学キャップスの公開フォロワーから手動確認。年代表記は年齢推測には使わずサービス適合性は未確認
86_na19,https://www.instagram.com/86_na19/,表示名なし,483,483,individual,public,profile_explicit,hub_followers,aogaku_caps,プロフィールに青学 sccsと明記,https://www.instagram.com/86_na19/,A,2026-08-16,unknown,not_checked,,青学キャップスの公開フォロワーから手動確認。公開プロフィールだがサービス適合性は未確認のため初回DM対象外
an.s_24,https://www.instagram.com/an.s_24/,表示名なし,278,278,individual,public,profile_explicit,hub_followers,aogaku_caps,プロフィールにagu gscと明記,https://www.instagram.com/an.s_24/,A,2026-08-16,unknown,not_checked,,青学キャップスの公開フォロワーから手動確認。公開プロフィールだがサービス適合性は未確認のため初回DM対象外
zzz_haruka,https://www.instagram.com/zzz_haruka/,表示名なし,285,285,individual,public,profile_explicit,hub_followers,aogaku_caps,プロフィールにkhs34thからagu英と明記,https://www.instagram.com/zzz_haruka/,A,2026-08-16,unknown,not_checked,,青学キャップスの公開フォロワーから手動確認。年代表記は年齢推測には使わずサービス適合性は未確認
natsuki_.y0,https://www.instagram.com/natsuki_.y0/,表示名なし,298,298,individual,public,profile_explicit,hub_followers,aogaku_caps,プロフィールに08 agu sipecと明記,https://www.instagram.com/natsuki_.y0/,A,2026-08-16,unknown,not_checked,,青学キャップスの公開フォロワーから手動確認。年代表記は年齢推測には使わずサービス適合性は未確認
reinan0708,https://www.instagram.com/reinan0708/,表示名なし,184,184,individual,public,profile_explicit,hub_followers,aogaku_caps,プロフィールにnmk12からagu史と明記,https://www.instagram.com/reinan0708/,A,2026-08-16,unknown,not_checked,,青学キャップスの公開フォロワーから手動確認。年代表記は年齢推測には使わずサービス適合性は未確認
k.tomonari.24,https://www.instagram.com/k.tomonari.24/,表示名なし,231,231,individual,public,profile_explicit,hub_followers,aogaku_caps,プロフィールにSEIGから青学と明記,https://www.instagram.com/k.tomonari.24/,A,2026-08-16,unknown,not_checked,,青学キャップスの公開フォロワーから手動確認。公開プロフィールだがサービス適合性は未確認のため初回DM対象外
ai_hi_na,https://www.instagram.com/ai_hi_na/,表示名なし,338,338,individual,public,profile_explicit,hub_followers,aogaku_caps,プロフィールに#AGU_SIPECと明記しゼミへのリンクあり,https://www.instagram.com/ai_hi_na/,A,2026-08-16,unknown,not_checked,,青学キャップスの公開フォロワーから手動確認。公開プロフィールだがサービス適合性は未確認のため初回DM対象外
miho__618,https://www.instagram.com/miho__618/,表示名なし,440,440,individual,public,profile_explicit,hub_followers,aogaku_caps,プロフィールにagu Educationと明記,https://www.instagram.com/miho__618/,A,2026-08-16,unknown,not_checked,,青学キャップスの公開フォロワーから手動確認。公開プロフィールだがサービス適合性は未確認のため初回DM対象外
yu___z.12,https://www.instagram.com/yu___z.12/,表示名なし,327,327,individual,public,profile_explicit,hub_followers,aogaku_caps,プロフィールに青山学院と明記,https://www.instagram.com/yu___z.12/,A,2026-08-16,unknown,not_checked,,青学キャップスの公開フォロワーから手動確認。年代表記は年齢推測には使わずサービス適合性は未確認
_.saya_xx,https://www.instagram.com/_.saya_xx/,表示名なし,904,904,individual,public,profile_explicit,hub_followers,aogaku_caps,プロフィールに青山SIPECと明記,https://www.instagram.com/_.saya_xx/,A,2026-08-16,unknown,not_checked,,青学キャップスの公開フォロワーから手動確認。年代表記は年齢推測には使わずサービス適合性は未確認
boku_yuto_1213,https://www.instagram.com/boku_yuto_1213/,表示名なし,188,188,individual,public,profile_explicit,hub_followers,aogaku_caps,プロフィールにAgu 経営 Bと明記,https://www.instagram.com/boku_yuto_1213/,A,2026-08-16,unknown,not_checked,,青学キャップスの公開フォロワーから手動確認。公開プロフィールだがサービス適合性は未確認のため初回DM対象外
nh.looq_s2,https://www.instagram.com/nh.looq_s2/,表示名なし,551,551,individual,public,profile_explicit,hub_followers,aogaku_caps,プロフィールにagh73からagu経済と明記,https://www.instagram.com/nh.looq_s2/,A,2026-08-16,unknown,not_checked,,青学キャップスの公開フォロワーから手動確認。年代表記は年齢推測には使わずサービス適合性は未確認
erika.y.611,https://www.instagram.com/erika.y.611/,表示名なし,936,936,individual,public,profile_explicit,hub_followers,aogaku_caps,プロフィールにagu sipecと明記,https://www.instagram.com/erika.y.611/,A,2026-08-16,unknown,not_checked,,青学キャップスの公開フォロワーから手動確認。年代表記は年齢推測には使わずサービス適合性は未確認
no_nn.9,https://www.instagram.com/no_nn.9/,表示名なし,190,190,individual,public,hub_follower,hub_followers,aogaku_caps,プロフィールはtm 67 ccsのみで大学名の直接明記はないが青学キャップスの公開フォロワーとして表示,https://www.instagram.com/no_nn.9/,B,2026-08-16,unknown,not_checked,,青学っぽさは青学学生メディアの公開フォロワー関係とccs表記。大学名を断定せず初回DM対象外
gdn_nz,https://www.instagram.com/gdn_nz/,表示名なし,252,252,individual,public,ambiguous_context,hub_followers,agu_info,プロフィールに07 現デとあるが大学名の直接明記はない,https://www.instagram.com/gdn_nz/,C,2026-08-16,unknown,not_checked,,青学っぽさは青学情報局の公開フォロワー関係と現デ表記のみ。年代表記は年齢推測には使わず初回DM対象外
_.moechann._,https://www.instagram.com/_.moechann._/,表示名なし,337,337,individual,public,profile_explicit,hub_followers,agu_info,プロフィールにagu law cheerleadingと明記,https://www.instagram.com/_.moechann._/,A,2026-08-16,unknown,not_checked,,青学情報局の公開フォロワーから手動確認。公開プロフィールだがサービス適合性は未確認のため初回DM対象外
monako1225,https://www.instagram.com/monako1225/,表示名なし,920,920,individual,public,profile_explicit,hub_followers,agu_info,プロフィールに青山学院大学と明記,https://www.instagram.com/monako1225/,A,2026-08-16,unknown,not_checked,,青学情報局の公開フォロワーから手動確認。公開プロフィールだがサービス適合性は未確認のため初回DM対象外
ta1._iti,https://www.instagram.com/ta1._iti/,表示名なし,405,405,individual,public,profile_explicit,hub_followers,agu_info,プロフィールにagu経経と明記,https://www.instagram.com/ta1._iti/,A,2026-08-16,unknown,not_checked,,青学情報局の公開フォロワーから手動確認。公開プロフィールだがサービス適合性は未確認のため初回DM対象外
ykkdir.08,https://www.instagram.com/ykkdir.08/,表示名なし,515,515,individual,public,profile_explicit,hub_followers,agu_info,プロフィールにaguと明記,https://www.instagram.com/ykkdir.08/,A,2026-08-16,unknown,not_checked,,青学情報局の公開フォロワーから手動確認。公開プロフィールだがサービス適合性は未確認のため初回DM対象外
__ka__mn,https://www.instagram.com/__ka__mn/,表示名なし,1130,1130,individual,public,profile_explicit,hub_followers,agu_info,プロフィールに青山学院と明記,https://www.instagram.com/__ka__mn/,A,2026-08-16,unknown,not_checked,,青学情報局の公開フォロワーから手動確認。年代表記は年齢推測には使わずサービス適合性は未確認
k____7u,https://www.instagram.com/k____7u/,表示名なし,367,367,individual,public,profile_explicit,hub_followers,agu_info,プロフィールにaguと明記,https://www.instagram.com/k____7u/,A,2026-08-16,unknown,not_checked,,青学情報局の公開フォロワーから手動確認。公開プロフィールだがサービス適合性は未確認のため初回DM対象外
k._.ma_nt_,https://www.instagram.com/k._.ma_nt_/,表示名なし,71,71,individual,public,profile_explicit,hub_followers,agu_info,プロフィールにaguと明記,https://www.instagram.com/k._.ma_nt_/,A,2026-08-16,unknown,not_checked,,青学情報局の公開フォロワーから手動確認。公開プロフィールだがサービス適合性は未確認のため初回DM対象外
sayaka._08,https://www.instagram.com/sayaka._08/,表示名なし,299,299,individual,public,ambiguous_context,hub_followers,agu_info,プロフィールは07のみで大学名の直接明記はない,https://www.instagram.com/sayaka._08/,C,2026-08-16,unknown,not_checked,,青学っぽさは青学情報局の公開フォロワー関係と07表記のみ。年代表記は年齢推測には使わず初回DM対象外
___yui.o1,https://www.instagram.com/___yui.o1/,表示名なし,290,290,individual,public,ambiguous_context,hub_followers,agu_info,プロフィールは07 機創のみで大学名の直接明記はない,https://www.instagram.com/___yui.o1/,C,2026-08-16,unknown,not_checked,,青学っぽさは青学情報局の公開フォロワー関係と機創表記のみ。年代表記は年齢推測には使わず初回DM対象外
mimo.n_07,https://www.instagram.com/mimo.n_07/,表示名なし,255,255,individual,public,ambiguous_context,hub_followers,agu_info,プロフィールは18 法のみで大学名の直接明記はない,https://www.instagram.com/mimo.n_07/,C,2026-08-16,unknown,not_checked,,青学っぽさは青学情報局の公開フォロワー関係と法表記のみ。年代表記は年齢推測には使わず初回DM対象外
kuru.3611,https://www.instagram.com/kuru.3611/,表示名なし,373,373,individual,public,profile_explicit,hub_followers,agu_info,プロフィールにagu 法と明記,https://www.instagram.com/kuru.3611/,A,2026-08-16,unknown,not_checked,,青学情報局の公開フォロワーから手動確認。公開プロフィールだがサービス適合性は未確認のため初回DM対象外
nq9oz,https://www.instagram.com/nq9oz/,表示名なし,355,355,individual,public,profile_explicit,hub_followers,agu_info,プロフィールにagu sipecと明記,https://www.instagram.com/nq9oz/,A,2026-08-16,unknown,not_checked,,青学情報局の公開フォロワーから手動確認。年代表記は年齢推測には使わずサービス適合性は未確認
yaya_sh129,https://www.instagram.com/yaya_sh129/,表示名なし,260,260,individual,public,profile_explicit,hub_followers,aogaku_caps,プロフィールにAGU 理工 経シスと明記,https://www.instagram.com/yaya_sh129/,A,2026-08-16,unknown,not_checked,,青学キャップスの公開フォロワーから手動確認。学年表記は年齢推測には使わずサービス適合性は未確認
hal_mura,https://www.instagram.com/hal_mura/,表示名なし,329,329,individual,public,profile_explicit,hub_followers,aogaku_caps,プロフィールにAGU経済と明記しサブアカウントへのリンクあり,https://www.instagram.com/hal_mura/,A,2026-08-16,unknown,not_checked,,青学キャップスの公開フォロワーから手動確認。公開プロフィールだがサービス適合性は未確認のため初回DM対象外
ri_.rio7,https://www.instagram.com/ri_.rio7/,表示名なし,457,457,individual,public,profile_explicit,hub_followers,aoyamafes,プロフィールに19 aguと明記,https://www.instagram.com/ri_.rio7/,A,2026-08-16,unknown,not_checked,,青山祭公式アカウントの公開フォロワーから手動確認。年代表記は年齢推測には使わずサービス適合性は未確認
rnqlxz,https://www.instagram.com/rnqlxz/,表示名なし,282,282,individual,public,profile_explicit,hub_followers,aoyamafes,プロフィールにaoyama gakuinと明記,https://www.instagram.com/rnqlxz/,A,2026-08-16,unknown,not_checked,,青山祭公式アカウントの公開フォロワーから手動確認。公開プロフィールだがサービス適合性は未確認のため初回DM対象外
hatty__1025,https://www.instagram.com/hatty__1025/,表示名なし,245,245,individual,public,profile_explicit,hub_followers,aoyamafes,プロフィールに青山学院と明記,https://www.instagram.com/hatty__1025/,A,2026-08-16,unknown,not_checked,,青山祭公式アカウントの公開フォロワーから手動確認。公開プロフィールだがサービス適合性は未確認のため初回DM対象外
s2.cocono,https://www.instagram.com/s2.cocono/,表示名なし,285,285,individual,public,profile_explicit,hub_followers,aoyamafes,プロフィールに青山学院と明記,https://www.instagram.com/s2.cocono/,A,2026-08-16,unknown,not_checked,,青山祭公式アカウントの公開フォロワーから手動確認。年代表記は年齢推測には使わずサービス適合性は未確認
marika.m14,https://www.instagram.com/marika.m14/,表示名なし,747,747,individual,public,ambiguous_context,hub_followers,aoyamafes,プロフィールにagh73とスポーツ関連リンクはあるが大学名の直接明記はない,https://www.instagram.com/marika.m14/,C,2026-08-16,unknown,not_checked,,青学っぽさは青山祭公式アカウントの公開フォロワー関係とagh73表記のみ。初回DM対象外
______.tyc,https://www.instagram.com/______.tyc/,表示名なし,630,630,individual,public,profile_explicit,hub_followers,aoyamafes,プロフィールに青山学院と明記,https://www.instagram.com/______.tyc/,A,2026-08-16,unknown,not_checked,,青山祭公式アカウントの公開フォロワーから手動確認。公開プロフィールだがサービス適合性は未確認のため初回DM対象外
hi7kq,https://www.instagram.com/hi7kq/,表示名なし,535,535,individual,public,profile_explicit,hub_followers,aoyamafes,プロフィールにadl47thとaoyama gakuin univ.を明記,https://www.instagram.com/hi7kq/,A,2026-08-16,unknown,not_checked,,青山祭公式アカウントの公開フォロワーから手動確認。学年表記は年齢推測には使わずサービス適合性は未確認
saaya_.07,https://www.instagram.com/saaya_.07/,表示名なし,393,393,individual,public,profile_explicit,hub_followers,aoyamafes,プロフィールに04 aguと明記,https://www.instagram.com/saaya_.07/,A,2026-08-16,unknown,not_checked,,青山祭公式アカウントの公開フォロワーから手動確認。年代表記は年齢推測には使わずサービス適合性は未確認
hana.__315,https://www.instagram.com/hana.__315/,表示名なし,663,663,individual,public,profile_explicit,hub_followers,aoyamafes,プロフィールに05(21) / aguと明記,https://www.instagram.com/hana.__315/,A,2026-08-16,unknown,not_checked,,青山祭公式アカウントの公開フォロワーから手動確認。年代表記は年齢推測には使わずサービス適合性は未確認
mahiro_0430,https://www.instagram.com/mahiro_0430/,表示名なし,1243,1243,individual,public,profile_explicit,hub_followers,aoyamafes,プロフィールにaogaku 経営と明記,https://www.instagram.com/mahiro_0430/,A,2026-08-16,unknown,not_checked,,青山祭公式アカウントの公開フォロワーから手動確認。学部表記は年齢推測には使わずサービス適合性は未確認
__04.moe_,https://www.instagram.com/__04.moe_/,表示名なし,1120,1120,individual,public,profile_explicit,hub_followers,aoyamafes,プロフィールにaguと明記,https://www.instagram.com/__04.moe_/,A,2026-08-16,unknown,not_checked,,青山祭公式アカウントの公開フォロワーから手動確認。年代表記は年齢推測には使わずサービス適合性は未確認
aogaku_syukatsu1313,https://www.instagram.com/aogaku_syukatsu1313/,表示名なし,691,691,other,public,profile_explicit,hub_followers,aoyama_miss1_2026,プロフィールに青学就活コミュニティ、青学生による青学生のための就活支援団体と明記,https://www.instagram.com/aogaku_syukatsu1313/,A,2026-08-16,unknown,not_checked,,ミス青山候補者アカウントの公開フォロワーから手動確認。団体アカウントのため個人年齢は対象外
aoyamagakuin_unofficial,https://www.instagram.com/aoyamagakuin_unofficial/,青山学院広報,20,20,individual,public,ambiguous_context,keyword_search,Instagram検索:AoyamaGakuin,検索結果の表示名は青山学院広報だがプロフィール本文は理系大学生（一般受験）のみ,https://www.instagram.com/aoyamagakuin_unofficial/,C,2026-08-16,unknown,not_checked,,検索結果の表示名とハンドルから青学っぽい候補。大学名のプロフィール本文明記はないため初回DM対象外
sa._08k,https://www.instagram.com/sa._08k/,表示名なし,95,95,individual,public,ambiguous_context,hub_followers,aoyamafes,プロフィールは経済のみで、青山祭公式アカウントの公開フォロワーであること以外に大学名の明記なし,https://www.instagram.com/sa._08k/,C,2026-08-16,unknown,not_checked,,青山祭公式アカウントの公開フォロワーかつ経済表記のみで青学所属は断定できないため初回DM対象外
bigbird__agu2026,https://www.instagram.com/bigbird__agu2026/,表示名なし,601,601,circle_official,public,profile_explicit,hub_followers,aogaku.magazine,プロフィールに青山学院大学公認フットサルサークルと明記し公式サブアカウントへのリンクあり,https://www.instagram.com/bigbird__agu2026/,A,2026-08-16,unknown,not_checked,,青学マガジンの公開フォロワーから手動確認。公開プロフィールだがサービス適合性は未確認のため初回DM対象外
ume.8718,https://www.instagram.com/ume.8718/,表示名なし,587,587,individual,public,profile_explicit,hub_followers,aogaku__for_fresh,プロフィールにhino→agh→aguと明記,https://www.instagram.com/ume.8718/,A,2026-08-16,unknown,not_checked,,青山学院大学新入生特化メディアの公開フォロワーから手動確認。表記から青学関連性は高いがサービス適合性は未確認
adamiiii1_,https://www.instagram.com/adamiiii1_/,表示名なし,139,139,individual,public,profile_explicit,hub_followers,aogaku__for_fresh,プロフィールに08' aguと明記,https://www.instagram.com/adamiiii1_/,A,2026-08-16,unknown,not_checked,,青山学院大学新入生特化メディアの公開フォロワーから手動確認。年代表記は年齢推測には使わずサービス適合性は未確認
uuuchantan,https://www.instagram.com/uuuchantan/,表示名なし,285,285,individual,public,profile_explicit,hub_followers,aogaku__for_fresh,プロフィールに青山学院大学教育人間科学部教育学科卒と明記,https://www.instagram.com/uuuchantan/,A,2026-08-16,unknown,not_checked,,青山学院大学新入生特化メディアの公開フォロワーから手動確認。卒業表記は年齢推測には使わずサービス適合性は未確認
yuto_ka_138,https://www.instagram.com/yuto_ka_138/,表示名なし,455,455,individual,public,profile_explicit,hub_followers,aogaku__for_fresh,プロフィールに07 agu 経済と明記,https://www.instagram.com/yuto_ka_138/,A,2026-08-16,unknown,not_checked,,青山学院大学新入生特化メディアの公開フォロワーから手動確認。年代表記は年齢推測には使わずサービス適合性は未確認
arupaka520,https://www.instagram.com/arupaka520/,表示名なし,288,288,individual,public,profile_explicit,hub_followers,aogaku__for_fresh,プロフィールにaguと明記,https://www.instagram.com/arupaka520/,A,2026-08-16,unknown,not_checked,,青山学院大学新入生特化メディアの公開フォロワーから手動確認。表示名中の表記は年齢推測には使わずサービス適合性は未確認
amitam_1206_,https://www.instagram.com/amitam_1206_/,表示名なし,345,345,individual,public,profile_explicit,hub_followers,aogaku__for_fresh,プロフィールにsendai III ⇨ aguと明記,https://www.instagram.com/amitam_1206_/,A,2026-08-16,unknown,not_checked,,青山学院大学新入生特化メディアの公開フォロワーから手動確認。所属表記は年齢推測には使わずサービス適合性は未確認
_2aya7_,https://www.instagram.com/_2aya7_/,表示名なし,1402,1402,individual,public,hashtag_post,keyword_search,,公開投稿に「青山学院大学、法学部法学科卒業」と明記。,https://www.instagram.com/_2aya7_/p/DWWB9NRD3-r/,B,2026-08-16,unknown,not_checked,,公開プロフィールと本人投稿を手動確認。卒業生で現役学生ではないため初回DM対象外。年齢は推測しない
agu_lax.shinkan,https://www.instagram.com/agu_lax.shinkan/,表示名なし,0,0,circle_official,public,mention_or_tag,circle_event,agu_sports_official,体育会学生本部の公式投稿から青学ラクロス新歓アカウントとして確認。プロフィールは公開だが投稿・フォロワーは0。,https://www.instagram.com/agu_lax.shinkan/,B,2026-08-16,unknown,not_checked,,公開プロフィールを手動確認。公式投稿との関係は確認できるがプロフィール根拠が薄く、初回DM対象外
_miosako,https://www.instagram.com/_miosako/,表示名なし,342,342,individual,public,profile_explicit,hashtag,agu_pickleball,プロフィールに「06/gsc 青学」と明記。,https://www.instagram.com/_miosako/,A,2026-08-16,unknown,not_checked,,公開プロフィールを手動確認。学生本人かはプロフィールだけでは断定せず、年齢は推測しない
pyallayp,https://www.instagram.com/pyallayp/,表示名なし,229,229,individual,public,ambiguous_context,circle_event,ardore__official,青山学院大学サークル公式の幹部紹介投稿にコメント。プロフィールに青学明記なし。,https://www.instagram.com/pyallayp/,B,2026-08-16,unknown,not_checked,,公開プロフィールを手動確認。青学との関係は投稿コメントからの推定で、初回DM対象外。年齢は推測しない
aguenglishdept,https://www.instagram.com/aguenglishdept/,青学 英米文学科,183,183,student_media,public,profile_explicit,keyword_search,,プロフィールに「青山学院大学文学部英米文学科の公式Instagramアカウント」と明記。,https://www.instagram.com/aguenglishdept/,A,2026-08-16,unknown,not_checked,,公開プロフィールを手動確認。大学学科の公式ハブであり個人アカウントではないため個人向け初回DM対象外
agulax_aivy,https://www.instagram.com/agulax_aivy/,青山学院大学 体育会女子ラクロス部 AIVY,2863,2863,circle_official,public,profile_explicit,keyword_search,,表示名に「青山学院大学 体育会女子ラクロス部」、プロフィールに青学の理念・新歓アカウントを明記。,https://www.instagram.com/agulax_aivy/,A,2026-08-16,unknown,not_checked,,公開プロフィールを手動確認。体育会公式アカウントのため個人向け初回DM対象外
aivy_shinkan,https://www.instagram.com/aivy_shinkan/,【新歓】青山学院大学女子ラクロス部AIVY,892,892,circle_official,public,profile_explicit,keyword_search,agulax_aivy,表示名に「青山学院大学女子ラクロス部」、プロフィールに公式アカウントと本体アカウントを明記。,https://www.instagram.com/aivy_shinkan/,A,2026-08-16,unknown,not_checked,,公開プロフィールを手動確認。体育会公式の新歓アカウントのため個人向け初回DM対象外
agu_junko_baseball,https://www.instagram.com/agu_junko_baseball/,青山学院大学体育会準硬式野球部【公式】,975,975,circle_official,public,profile_explicit,keyword_search,,表示名とプロフィールに「青山学院大学体育会準硬式野球部公式アカウント」と明記。,https://www.instagram.com/agu_junko_baseball/,A,2026-08-16,unknown,not_checked,,公開プロフィールを手動確認。体育会公式アカウントのため個人向け初回DM対象外
svc_volleyball20250423,https://www.instagram.com/svc_volleyball20250423/,SVC 青学相模原バレーボールサークル,193,193,circle_official,public,profile_explicit,keyword_search,,表示名と自己紹介に「青山学院大学相模原キャンパス バレーボールサークル」と明記。,https://www.instagram.com/svc_volleyball20250423/,A,2026-08-16,unknown,not_checked,,公開プロフィールを手動確認。公認サークルの公式アカウントのため個人向け初回DM対象外
ao.no.kurashi,https://www.instagram.com/ao.no.kurashi/,あお | 大学生のバイト🌱,57000,5.7万人,individual,public,hashtag_post,hashtag,ao.no.kurashi,青学の所在地付き投稿で青学の授業や学生生活を継続発信し投稿文に20歳女子大生と明記。,https://www.instagram.com/ao.no.kurashi/p/CM4p-wWDteV/,B,2026-08-16,unknown,not_checked,,公開プロフィールを手動確認。青学関連投稿は過去のものかつ事業・発信者アカウントのため現在の在籍と個人向け初回DM対象外を未確認として扱う
___noa.o0___,https://www.instagram.com/___noa.o0___/,のあ,14000,1.4万人,individual,public,mention_or_tag,hashtag,aoyamalife,青学公開メディアのスナップ投稿で「文学部比較芸術学科4年」としてユーザーネームを掲載。,https://www.instagram.com/aoyamalife/p/CvPYJfKrBFv/,B,2026-08-16,unknown,not_checked,,公開プロフィールを手動確認。根拠は過去の学生スナップで現在の在籍は未確認のため初回DM対象外
haruki_kubozono,https://www.instagram.com/haruki_kubozono/,久保薗春希,1156,1156,individual,public,profile_explicit,hashtag,,公開投稿で「青山学院大学を卒業しました」と明記。プロフィールに「Mr. Aoyama Contest 2023準グランプリ」と明記。,https://www.instagram.com/p/DWtcuENE-ZW/,A,2026-08-16,unknown,not_checked,,公開プロフィールと青学関連投稿を手動確認。過去の卒業投稿を根拠とするため現在の在籍は未確認
02_kanane_28,https://www.instagram.com/02_kanane_28/,奏音 / kanane,9337,9337,individual,public,hashtag_post,hashtag,,公開投稿に#青山学院大学を付け青山学院大学青山キャンパスの位置情報を設定。プロフィールの別投稿にも「青学」と記載。,https://www.instagram.com/p/DWSa0tjAaoo/,B,2026-08-16,unknown,not_checked,,公開プロフィールを手動確認。卒業投稿を根拠とするため現在の在籍は未確認で初回DM対象外
hikaru_stoooo,https://www.instagram.com/hikaru_stoooo/,ひかる,398,398,individual,public,ambiguous_context,circle_event,mint_agu_2026,公開プロフィールの自己紹介に「agu」と明記し、青学バドミントンサークル公式投稿への公開コメントも確認。ただし大学名の完全一致はなく青学在籍は未確認。,https://www.instagram.com/mint_agu_2026/p/DWLMariAYl0/,C,2026-08-16,unknown,not_checked,,公開プロフィールを手動確認。AGUの指す大学が不明なため青学っぽい候補として残し、初回DM対象外
_.kanacham,https://www.instagram.com/_.kanacham/,𝑲𝒂𝒏𝒂𝒎𝒊,1112,1112,individual,public,mention_or_tag,hashtag,alsfeld_agu,青学サークルの公開投稿で新歓代表としてアカウントをメンション。プロフィールには大学名の明記がない。,https://www.instagram.com/p/Dar39_jgZqC/,C,2026-08-16,unknown,not_checked,,公開プロフィールを手動確認。青学との関係は公開サークル投稿からの推定で、現在の在籍は未確認のため初回DM対象外
s4_ss54,https://www.instagram.com/s4_ss54/,表示名なし,1646,1646,individual,public,mention_or_tag,circle_event,ardore__official,青学サークルArdoreの2026幹部紹介公開投稿で女代表としてタグ付け。プロフィールにも青山学院高等部の公開投稿がある。,https://www.instagram.com/p/DbAu7KNCdn1/,B,2026-08-16,unknown,not_checked,,公開プロフィールを手動確認。大学在籍・年齢・18歳以上サービス適格性は未確認のため初回DM対象外
h1nyqa,https://www.instagram.com/h1nyqa/,陽奈乃,1323,1323,individual,public,mention_or_tag,circle_event,ardore__official,青学サークルArdoreの2026幹部紹介公開投稿で副女代表としてタグ付け。プロフィールは公開。,https://www.instagram.com/ardore__official/p/Da7hOlECUj6/,B,2026-08-16,unknown,not_checked,,公開プロフィールを手動確認。大学在籍・年齢・18歳以上サービス適格性は未確認のため初回DM対象外
___joeee_______,https://www.instagram.com/___joeee_______/,じょう,891,891,individual,public,mention_or_tag,circle_event,ardore__official,青学サークルArdoreの2026幹部紹介公開投稿で代表JOEとしてタグ付け。プロフィールは公開。,https://www.instagram.com/ardore__official/p/DbAvUu_CUV3/,B,2026-08-16,unknown,not_checked,,公開プロフィールを手動確認。大学在籍・年齢・18歳以上サービス適格性は未確認のため初回DM対象外
aoyama_michi,https://www.instagram.com/aoyama_michi/,ⓐⓜⓘⓒⓗⓘ,1341,1341,individual,public,profile_explicit,hub_followers,aogaku_caps,公開プロフィールに「青学インカレサークルstabtこどものまち愛好会代表」と明記。,https://www.instagram.com/aoyama_michi/,A,2026-08-16,unknown,not_checked,,公開プロフィールを手動確認。個人プロフィールのため年齢・18歳以上サービス適格性は未確認
ncqxll,https://www.instagram.com/ncqxll/,ami,1518,1518,individual,public,profile_explicit,circle_event,agu_milfolha,公開プロフィールの自己紹介に「青山学院」と明記。青山学院大学公認フットサルサークルmilfolhaの公開投稿でタグ付け確認,https://www.instagram.com/agu_milfolha/p/DamtR5ige2K/,A,2026-08-16,unknown,not_checked,,公開プロフィールを手動確認。大学在籍・年齢・18歳以上サービス適格性は未確認
n2deep___i,https://www.instagram.com/n2deep___i/,Haruki,700,700,individual,public,mention_or_tag,circle_event,agu_milfolha,青山学院大学公認フットサルサークルmilfolhaの公開投稿でタグ付け。プロフィールは公開で表示名はHaruki、自己紹介に「agu」と記載。,https://www.instagram.com/agu_milfolha/p/DapTOd9AVow/,B,2026-08-16,unknown,not_checked,,公開プロフィールを手動確認。青学関連性は公認サークル投稿とプロフィールのagu表記からの推定。大学在籍・年齢・18歳以上サービス適格性は未確認
nl7xq_,https://www.instagram.com/nl7xq_/,表示名なし,1127,1127,individual,public,profile_explicit,circle_event,agu_milfolha,公開プロフィールの自己紹介に「青山学院」と明記。青山学院大学公認フットサルサークルmilfolhaの公開投稿でタグ付け確認,https://www.instagram.com/agu_milfolha/p/Daua70hASN4/,A,2026-08-16,unknown,not_checked,,公開プロフィールを手動確認。大学在籍・年齢・18歳以上サービス適格性は未確認
e1taa_,https://www.instagram.com/e1taa_/,福富 英太,829,829,individual,public,profile_explicit,circle_event,agu_milfolha,公開プロフィールの自己紹介に「青山学院」と明記。青山学院大学公認フットサルサークルmilfolhaの公開投稿でタグ付け確認,https://www.instagram.com/agu_milfolha/p/DaubFAVgRxp/,A,2026-08-16,unknown,not_checked,,公開プロフィールを手動確認。大学在籍・年齢・18歳以上サービス適格性は未確認
littletwnn,https://www.instagram.com/littletwnn/,nonoka,425,425,individual,public,profile_explicit,circle_event,agu_milfolha,公開プロフィールの自己紹介に「青山学院」と明記。青山学院大学公認フットサルサークルmilfolhaの公開投稿でタグ付け確認,https://www.instagram.com/agu_milfolha/p/DbdT3DjAeo5/,A,2026-08-16,unknown,not_checked,,公開プロフィールを手動確認。大学在籍・年齢・18歳以上サービス適格性は未確認
iearn_sipec,https://www.instagram.com/iearn_sipec/,iEARN@sipec 青山学院大学,211,211,student_media,public,profile_explicit,hub_followers,agu_info,公開プロフィールにAoyama Gakuin University SIPECおよび国際政治経済学部公認団体と明記。,https://www.instagram.com/iearn_sipec/,A,2026-08-16,unknown,not_checked,,公開プロフィールを手動確認。団体アカウントのため個人年齢は対象外
agu_sipec_seminar,https://www.instagram.com/agu_sipec_seminar/,国際政治経済ゼミまとめ！,250,250,student_media,public,profile_explicit,hub_followers,agu_info,公開プロフィールに国際政治経済学部のゼミと大学生活向け情報発信を明記。,https://www.instagram.com/agu_sipec_seminar/,A,2026-08-16,unknown,not_checked,,公開プロフィールを手動確認。団体アカウントのため個人年齢は対象外
jshitsu,https://www.instagram.com/jshitsu/,Ｊ室（青山学院大学ジャーナリズム指導室）,171,171,circle_official,public,profile_explicit,hub_followers,agu_info,公開プロフィールに青山学院大学公認団体ジャーナリズム指導室と明記。,https://www.instagram.com/jshitsu/,A,2026-08-16,unknown,not_checked,,公開プロフィールを手動確認。団体アカウントのため個人年齢は対象外
agu_saruhashi_seminar,https://www.instagram.com/agu_saruhashi_seminar/,猿橋ゼミナール｜国際政治経済学部,76,76,circle_official,public,profile_explicit,hub_followers,agu_info,公開プロフィールに青山学院大学国際政治経済学部の猿橋ゼミナールと明記。,https://www.instagram.com/agu_saruhashi_seminar/,A,2026-08-16,unknown,not_checked,,公開プロフィールを手動確認。団体アカウントのため個人年齢は対象外
unlimited_agu,https://www.instagram.com/unlimited_agu/,青山学院大学 UN:LIMITED,497,497,circle_official,public,profile_explicit,hub_followers,iearn_sipec,公開プロフィールに青山学院大学公認フィールドスタディ愛好会と明記。,https://www.instagram.com/unlimited_agu/,A,2026-08-16,unknown,not_checked,,公開プロフィールを手動確認。団体アカウントのため個人年齢は対象外
seeds2025_agu,https://www.instagram.com/seeds2025_agu/,SEEDs,85,85,circle_official,public,profile_explicit,hub_followers,iearn_sipec,公開プロフィールに学生団体およびAOGAKUボランティアネットワーク加盟団体と明記。,https://www.instagram.com/seeds2025_agu/,A,2026-08-16,unknown,not_checked,,公開プロフィールを手動確認。団体アカウントのため個人年齢は対象外
tetote_agu,https://www.instagram.com/tetote_agu/,Tetote（テトテ）,457,457,circle_official,public,profile_explicit,hub_followers,iearn_sipec,公開プロフィールに青学公認ジェンダー研究・ボランティア愛好会と明記。,https://www.instagram.com/tetote_agu/,A,2026-08-17,unknown,not_checked,,2026-08-17にInstagram公開プロフィールを再確認。団体アカウントのため個人年齢は対象外
agu_sweetsadg,https://www.instagram.com/agu_sweetsadg/,青山学院大学スイーツアドグル,113,113,circle_official,public,profile_explicit,hub_followers,iearn_sipec,公開プロフィールに青山学院大学スイーツアドバイザーグループ公式アカウントと明記。,https://www.instagram.com/agu_sweetsadg/,A,2026-08-16,unknown,not_checked,,公開プロフィールを手動確認。団体アカウントのため個人年齢は対象外
greenpeace_agu,https://www.instagram.com/greenpeace_agu/,グリーンピース,80,80,student_media,public,profile_explicit,hub_followers,iearn_sipec,公開プロフィールに青山学院大学国際政治経済学部岩井ゼミと明記。青学周辺の情報発信アカウント。,https://www.instagram.com/greenpeace_agu/,A,2026-08-16,unknown,not_checked,,公開プロフィールを手動確認。団体アカウントのため個人年齢は対象外
lelien.agu,https://www.instagram.com/lelien.agu/,青山学院大学Le Lien（ルリアン）,140,140,circle_official,public,profile_explicit,hub_followers,iearn_sipec,公開プロフィールに青学で初のユネスコサークル化を目指す活動と明記。,https://www.instagram.com/lelien.agu/,A,2026-08-16,unknown,not_checked,,公開プロフィールを手動確認。団体アカウントのため個人年齢は対象外
organicthings_agu,https://www.instagram.com/organicthings_agu/,ORGANIC THINGS,185,185,other,public,profile_explicit,hub_followers,unlimited_agu,公開プロフィールに青山学院大学およびunlimited_aguのプロジェクトと明記。,https://www.instagram.com/organicthings_agu/,A,2026-08-16,unknown,not_checked,,公開プロフィールを手動確認。青学関連プロジェクトのアカウントで個人年齢は対象外
veganchoice_agu,https://www.instagram.com/veganchoice_agu/,VEGAN CHOICE,20,20,other,public,hub_follower,hub_followers,unlimited_agu,公開プロフィールに現役青学生による発信と記載。ユーザーネームのaguと青学団体unlimited_aguとの関係から青学関連候補と判定。,https://www.instagram.com/veganchoice_agu/,B,2026-08-16,unknown,not_checked,,公開プロフィールを手動確認。大学名の直接明記はないため初回DM対象外
cherir_unlimited_agu,https://www.instagram.com/cherir_unlimited_agu/,cherir,141,141,other,public,profile_explicit,hub_followers,unlimited_agu,公開プロフィールに青山学院大学およびunlimited_aguと学生向け国際交流活動を明記。,https://www.instagram.com/cherir_unlimited_agu/,A,2026-08-16,unknown,not_checked,,公開プロフィールを手動確認。青学関連プロジェクトのアカウントで個人年齢は対象外
agu_fujino,https://www.instagram.com/agu_fujino/,青山学院大学CEC 藤野プロジェクト,73,73,event,public,profile_explicit,hub_followers,unlimited_agu,公開プロフィールに青山学院大学CECと青学生による藤野地域の社会貢献プロジェクトを明記。,https://www.instagram.com/agu_fujino/,A,2026-08-16,unknown,not_checked,,公開プロフィールを手動確認。イベント・プロジェクトアカウントで個人年齢は対象外
aogaku_sagamihara_pictures,https://www.instagram.com/aogaku_sagamihara_pictures/,青山学院大学 相模原キャンパス,97,97,student_media,public,profile_explicit,hub_followers,unlimited_agu,公開プロフィールに青山学院大学相模原キャンパスの魅力を発信するアカウントと明記。,https://www.instagram.com/aogaku_sagamihara_pictures/,A,2026-08-16,unknown,not_checked,,公開プロフィールを手動確認。学生メディア系アカウントで個人年齢は対象外
roote_indonesia,https://www.instagram.com/roote_indonesia/,青山学院大学 Roote インドネシアプログラム,318,318,event,public,profile_explicit,hub_followers,unlimited_agu,公開プロフィールに青山学院大学ボランティアセンターRooteのインドネシアプログラムと明記。,https://www.instagram.com/roote_indonesia/,A,2026-08-16,unknown,not_checked,,公開プロフィールを手動確認。イベント・プロジェクトアカウントで個人年齢は対象外
agu_roote,https://www.instagram.com/agu_roote/,青山学院大学ボランティアセンター学生スタッフRoote,298,298,circle_official,public,profile_explicit,hub_followers,roote_indonesia,公開プロフィールに青山学院大学ボランティアセンター学生スタッフRooteと明記。,https://www.instagram.com/agu_roote/,A,2026-08-16,unknown,not_checked,,公開プロフィールを手動確認。団体アカウントのため個人年齢は対象外
agu.roote.kumamoto,https://www.instagram.com/agu.roote.kumamoto/,青学Roote熊本プログラム,111,111,event,public,profile_explicit,hub_followers,agu_roote,公開プロフィールに青山学院大学Roote熊本プログラムと明記。,https://www.instagram.com/agu.roote.kumamoto/,A,2026-08-16,unknown,not_checked,,公開プロフィールを手動確認。イベント・プロジェクトアカウントで個人年齢は対象外
agu.kabuki,https://www.instagram.com/agu.kabuki/,青山学院大学 歌舞伎研究会,24,24,circle_official,public,profile_explicit,hub_followers,agu_roote,公開プロフィールに青山学院大学歌舞伎研究会と青山キャンパスでの活動を明記。,https://www.instagram.com/agu.kabuki/,A,2026-08-16,unknown,not_checked,,公開プロフィールを手動確認。団体アカウントのため個人年齢は対象外
sudgestions_agu,https://www.instagram.com/sudgestions_agu/,SuDGestions（青学SDGs愛好会）,271,271,circle_official,public,profile_explicit,hub_followers,agu_roote,公開プロフィールに青学公認SDGs愛好会と明記。,https://www.instagram.com/sudgestions_agu/,A,2026-08-16,unknown,not_checked,,公開プロフィールを手動確認。団体アカウントのため個人年齢は対象外
we_are_masuken,https://www.instagram.com/we_are_masuken/,青学マス研イベント班,49,49,event,public,profile_explicit,hub_followers,agu_roote,公開プロフィールの表示名に青学マス研イベント班と明記。,https://www.instagram.com/we_are_masuken/,A,2026-08-16,unknown,not_checked,,公開プロフィールを手動確認。イベントアカウントで個人年齢は対象外
aoyama_riconan,https://www.instagram.com/aoyama_riconan/,青山学院大学理工軟式野球部,115,115,circle_official,public,profile_explicit,hub_followers,agu_roote,公開プロフィールの表示名に青山学院大学理工軟式野球部と明記。,https://www.instagram.com/aoyama_riconan/,A,2026-08-16,unknown,not_checked,,公開プロフィールを手動確認。団体アカウントのため個人年齢は対象外
aoyamainawashiro,https://www.instagram.com/aoyamainawashiro/,青山学院大学福島応援スタディーツアー,79,79,event,public,profile_explicit,hub_followers,agu_roote,公開プロフィールに青山学院大学学生による福島応援スタディーツアーと明記。,https://www.instagram.com/aoyamainawashiro/,A,2026-08-16,unknown,not_checked,,公開プロフィールを手動確認。イベント・プロジェクトアカウントで個人年齢は対象外
shibukko_aoyama,https://www.instagram.com/shibukko_aoyama/,しぶっこ（渋谷区こどもテーブルボランティア愛好会）,996,996,circle_official,public,profile_explicit,hub_followers,agu_roote,公開プロフィールに青山学院大学学生ボランティア団体と明記。,https://www.instagram.com/shibukko_aoyama/,A,2026-08-17,unknown,not_checked,,2026-08-17にInstagram公開プロフィールを手動確認。団体アカウントのため個人年齢は対象外
sugasuga_gram,https://www.instagram.com/sugasuga_gram/,菅本ゼミナール,372,372,student_media,public,profile_explicit,hub_followers,agu_info,公開プロフィールに青山学院大学経営学部の菅本ゼミナールと明記。,https://www.instagram.com/sugasuga_gram/,A,2026-08-16,unknown,not_checked,,公開プロフィールを手動確認。団体アカウントのため個人年齢は対象外
kbtlab,https://www.instagram.com/kbtlab/,久保田ゼミナール,373,373,student_media,public,profile_explicit,hub_followers,agu_info,公開プロフィールに青山学院大学経営学部の久保田ゼミと明記。,https://www.instagram.com/kbtlab/,A,2026-08-16,unknown,not_checked,,公開プロフィールを手動確認。団体アカウントのため個人年齢は対象外
ohmichi.seminar.agu,https://www.instagram.com/ohmichi.seminar.agu/,青山学院大学 大道ゼミナール,271,271,student_media,public,profile_explicit,hub_followers,agu_info,公開プロフィールに青山学院大学経営学部の大道ゼミナールと明記。,https://www.instagram.com/ohmichi.seminar.agu/,A,2026-08-16,unknown,not_checked,,公開プロフィールを手動確認。団体アカウントのため個人年齢は対象外
aoyama_yamashita,https://www.instagram.com/aoyama_yamashita/,青山学院大学 山下勝ゼミ,253,253,student_media,public,profile_explicit,hub_followers,agu_info,公開プロフィールに青山学院大学山下勝ゼミと明記。,https://www.instagram.com/aoyama_yamashita/,A,2026-08-16,unknown,not_checked,,公開プロフィールを手動確認。団体アカウントのため個人年齢は対象外
uda_seminar,https://www.instagram.com/uda_seminar/,青山学院大学 宇田ゼミナール,327,327,student_media,public,profile_explicit,hub_followers,agu_info,公開プロフィールに青山学院大学経営学部の宇田ゼミナールと明記。,https://www.instagram.com/uda_seminar/,A,2026-08-16,unknown,not_checked,,公開プロフィールを手動確認。団体アカウントのため個人年齢は対象外
agu_kunimaru,https://www.instagram.com/agu_kunimaru/,高橋邦丸ゼミナール2025 公式,659,659,student_media,public,profile_explicit,hub_followers,agu_info,公開プロフィールに青山学院大学経営学部高橋邦丸ゼミの公式アカウントと明記。,https://www.instagram.com/agu_kunimaru/,A,2026-08-16,unknown,not_checked,,公開プロフィールを手動確認。団体アカウントのため個人年齢は対象外
morimoto_seminar,https://www.instagram.com/morimoto_seminar/,青山学院大学森本ゼミ,203,203,student_media,public,profile_explicit,hub_followers,agu_info,公開プロフィールに青山学院大学コミュニティ人間科学部の森本ゼミと明記。,https://www.instagram.com/morimoto_seminar/,A,2026-08-16,unknown,not_checked,,公開プロフィールを手動確認。団体アカウントのため個人年齢は対象外
hattori.seminar,https://www.instagram.com/hattori.seminar/,服部ゼミナール,430,430,student_media,public,profile_explicit,hub_followers,agu_info,公開プロフィールに青山学院大学経営学部服部ゼミナールと明記。,https://www.instagram.com/hattori.seminar/,A,2026-08-16,unknown,not_checked,,公開プロフィールを手動確認。団体アカウントのため個人年齢は対象外
yamamoto_seminar_agu,https://www.instagram.com/yamamoto_seminar_agu/,山本寛ゼミナール,191,191,student_media,public,profile_explicit,hub_followers,agu_info,公開プロフィールに青山学院大学経営学部山本ゼミと明記。,https://www.instagram.com/yamamoto_seminar_agu/,A,2026-08-16,unknown,not_checked,,公開プロフィールを手動確認。団体アカウントのため個人年齢は対象外
agu_kouken2022,https://www.instagram.com/agu_kouken2022/,青山学院大学広告研究会2022,432,432,circle_official,public,profile_explicit,hub_followers,agu_info,公開プロフィールに青山学院大学広告研究会と明記。2022年度アカウントのため活動状況は別途確認が必要。,https://www.instagram.com/agu_kouken2022/,A,2026-08-16,unknown,not_checked,,公開プロフィールを手動確認。投稿0件のため現在の活動状況は未確認
agu_creative_culture,https://www.instagram.com/agu_creative_culture/,創造的文化研究会,23,23,circle_official,public,profile_explicit,hub_followers,agu_info,公開プロフィールに青山学院大学創造的文化研究会（非公認サークル）と明記。,https://www.instagram.com/agu_creative_culture/,A,2026-08-16,unknown,not_checked,,公開プロフィールを手動確認。団体アカウントのため個人年齢は対象外
inkare_amigo,https://www.instagram.com/inkare_amigo/,インカレサークル Amigo,1354,1354,other,public,mention_or_tag,hashtag,aogaku_caps,青学キャップスの公開投稿で青学新歓向けサークルとして紹介された公開アカウント。プロフィールは複数大学の学生が在籍するインカレで、青学専属とは断定できない。,https://www.instagram.com/aogaku_caps/p/DWfOSD8E69G/,C,2026-08-16,unknown,not_checked,,公開プロフィールを手動確認。青学との関係は公開ハブ投稿からの推定で、初回DM対象外
agu_fwa_staff,https://www.instagram.com/agu_fwa_staff/,F.W.A. staff,101,101,student_media,public,profile_explicit,hub_followers,agu_fwa_official,公開プロフィールに青学マスコミ研究会雑誌班およびagu_fwa_officialとの関係を明記。,https://www.instagram.com/agu_fwa_staff/,A,2026-08-16,unknown,not_checked,,公開プロフィールを手動確認。団体アカウントのため個人年齢は対象外
aoyama.alpine.club,https://www.instagram.com/aoyama.alpine.club/,青山学院大学体育会山岳部,1119,1119,circle_official,public,profile_explicit,keyword_search,aoyama_sports,公開プロフィールに青山学院大学山岳部公式アカウントと明記。青山スポーツの体育会各部一覧から確認。,https://www.instagram.com/aoyama.alpine.club/,A,2026-08-16,unknown,not_checked,,公開プロフィールを手動確認。団体アカウントのため個人年齢は対象外
aogaku_climbing,https://www.instagram.com/aogaku_climbing/,青山学院大学山岳部クライミング班,106,106,circle_official,public,profile_explicit,hub_followers,aoyama.alpine.club,公開プロフィールに青山学院大学山岳部クライミング班と明記。山岳部公式プロフィールから関連アカウントとして確認。,https://www.instagram.com/aogaku_climbing/,A,2026-08-16,unknown,not_checked,,公開プロフィールを手動確認。団体アカウントのため個人年齢は対象外
re1ka29,https://www.instagram.com/re1ka29/,れいか,123000,12.3万,individual,public,profile_explicit,hashtag,mami0s,公開プロフィールの自己紹介に青山学院大学と明記。青山学院大学入学式を扱う公開投稿で本人アカウントがタグ付けされている。,https://www.instagram.com/re1ka29/,A,2026-08-16,unknown,not_checked,,公開プロフィールを手動確認。個人プロフィールのため年齢・18歳以上サービス適格性は推測しない
agu_sbsl,https://www.instagram.com/agu_sbsl/,青山学院大学 SBSL,730,730,student_media,public,profile_explicit,keyword_search,,公開プロフィールに青山学院大学SBSL（School of Business Student Leaders）と明記。,https://www.instagram.com/agu_sbsl/,A,2026-08-16,unknown,not_checked,,団体アカウントのため個人年齢は対象外
agu_mei,https://www.instagram.com/agu_mei/,さとう めい,336,336,individual,public,ambiguous_context,keyword_search,,ユーザーネームにagu_を含むが、公開プロフィールはSOYON池袋の記載のみで青学は未明記。,https://www.instagram.com/agu_mei/,C,2026-08-16,unknown,not_checked,,曖昧候補。青学との直接根拠がないため初回DM対象外
agu_bullets,https://www.instagram.com/agu_bullets/,青山学院大学ソングリーディング BULLETS【公式】,2042,2042,circle_official,public,profile_explicit,keyword_search,,公開プロフィールに青山学院大学ソングリーディング（チアダンス）チームBULLETSと明記。,https://www.instagram.com/agu_bullets/,A,2026-08-16,unknown,not_checked,,団体アカウントのため個人年齢は対象外
agu_capbaseball,https://www.instagram.com/agu_capbaseball/,青山学院大学キャップ投げ愛好会,545,545,circle_official,public,profile_explicit,keyword_search,,公開プロフィールに青学で活動するペットボトルキャップ野球サークルと明記。代表アカウントへのリンクも確認。,https://www.instagram.com/agu_capbaseball/,A,2026-08-16,unknown,not_checked,,団体アカウントのため個人年齢は対象外
agu_fdio,https://www.instagram.com/agu_fdio/,青山学院大学 外交・国際公務指導室【公式】,286,286,student_media,public,profile_explicit,keyword_search,,公開プロフィールに青山学院大学国際政治経済学部公認の学生団体と明記。,https://www.instagram.com/agu_fdio/,A,2026-08-16,unknown,not_checked,,団体アカウントのため個人年齢は対象外
agu_handbell,https://www.instagram.com/agu_handbell/,青山学院大学ハンドベル・クワイア,367,367,circle_official,public,profile_explicit,keyword_search,,公開プロフィールに青山学院大学宗教センター公認団体と明記。,https://www.instagram.com/agu_handbell/,A,2026-08-16,unknown,not_checked,,団体アカウントのため個人年齢は対象外
agu_tanka_spect,https://www.instagram.com/agu_tanka_spect/,青学短歌研究会SPeCT,132,132,circle_official,public,profile_explicit,keyword_search,,公開プロフィールに「青山学院大学のインカレ短歌会」と明記。青学キャンパスで歌会を予定。,https://www.instagram.com/agu_tanka_spect/,A,2026-08-17,unknown,not_checked,,団体アカウント。公認化に向け活動中との記載があるため学校公認とは断定しない
aoyamakotori_0819,https://www.instagram.com/aoyamakotori_0819/,青山ことり🐥⸒,943,943,individual,public,hub_follower,hub_followers,aoyamagakuinuniversity,公開プロフィールを確認。青山学院大学公式アカウントの公開フォロワー一覧から遷移した候補で、プロフィール自体に青学在籍の明記はない。,https://www.instagram.com/aoyamagakuinuniversity/,B,2026-08-17,unknown,not_checked,,公式ハブの公開フォロワー。所属・年齢は推測せず、初回DM対象外
kkk_au2026,https://www.instagram.com/kkk_au2026/,青学 起業研究会｜起業家育成・キャリア教育コミュニティ,1083,1083,circle_official,public,profile_explicit,keyword_search,,公開プロフィールに青学起業研究会と明記。起業家育成・キャリア教育コミュニティとして活動内容を確認。,https://www.instagram.com/kkk_au2026/,A,2026-08-17,unknown,not_checked,,団体アカウント。学校公認とは断定しない
agu_hougaku_gr,https://www.instagram.com/agu_hougaku_gr/,【公式】青山学院大学法学部学生連合,171,171,other,public,profile_explicit,hub_followers,agu_info,公開プロフィールに青山学院大学法学部学生連合と明記。法学部を盛り上げる活動や交流会を発信。,https://www.instagram.com/agu_hougaku_gr/,A,2026-08-17,unknown,not_checked,,団体アカウントのため個人年齢は対象外
harujion_agu,https://www.instagram.com/harujion_agu/,学生映画『ハルジオン』,240,240,event,public,profile_explicit,hub_followers,agu_info,公開プロフィールに「制作: 青山学院大学総合文化政策学部木ノ内ラボ」と明記。短編映画の制作過程を発信。,https://www.instagram.com/harujion_agu/,A,2026-08-17,unknown,not_checked,,学生映画プロジェクトのため個人向け初回DM対象外
agu_kouken2026,https://www.instagram.com/agu_kouken2026/,青山学院大学広告研究会2026,296,296,circle_official,public,profile_explicit,hub_followers,agtimes_agu,公開プロフィールに「青山学院大学第69代広告研究会」と明記。,https://www.instagram.com/agu_kouken2026/,A,2026-08-17,unknown,not_checked,,,広告研究会アカウント。学校公認とは断定しない
agu_bikers,https://www.instagram.com/agu_bikers/,青山学院大学バイクサークル,77,77,circle_official,public,profile_explicit,hub_followers,agtimes_agu,公開プロフィールに「AGUのバイクサークル」と明記。現時点で不公認・公認予定との記載も確認。,https://www.instagram.com/agu_bikers/,A,2026-08-17,unknown,not_checked,,,団体アカウント。学校公認とは断定しない
mtm_ic2022,https://www.instagram.com/mtm_ic2022/,青学インカレサークル_mtm,39,39,circle_official,public,profile_explicit,keyword_search,,公開プロフィールの表示名に「青学インカレサークル_mtm」と明記。,https://www.instagram.com/mtm_ic2022/,A,2026-08-17,unknown,not_checked,,,2022年開設の団体アカウント。現在の活動状況は未確認
agu_ami.16th,https://www.instagram.com/agu_ami.16th/,青山学院大学 Ami,652,652,circle_official,public,profile_explicit,hub_followers,agu_kouken2026,公開プロフィールに「青山学院大学」「六代サークル」「Ami」と明記。,https://www.instagram.com/agu_ami.16th/,A,2026-08-17,unknown,not_checked,,,団体アカウント。学校公認とは断定しない
ami_official.com.jp,https://www.instagram.com/ami_official.com.jp/,Ami indoor sports 愛好会,589,589,circle_official,public,profile_explicit,circle_event,agu_ami.16th,公開プロフィールに「青山学院大学」「非公認オールラウンドサークルAmi」と明記。青山・相模原キャンパス双方を歓迎。,https://www.instagram.com/ami_official.com.jp/,A,2026-08-17,unknown,not_checked,,,非公認サークルと明記されているため学校公認とは断定しない
yuri.s_0919,https://www.instagram.com/yuri.s_0919/,Yurika,22,22,individual,public,hub_follower,hub_followers,agu_pickleball,公開プロフィールは青学の明記なし。公開の青山学院大学ピックルボール愛好会（agu_pickleball）のフォロワーとして確認したため、青学関係者の可能性がある候補として記録。,https://www.instagram.com/agu_pickleball/,B,2026-08-17,unknown,not_checked,,,個人アカウント。青学在籍・年齢・サービス対象可否は推測しない。学校公認や本人との関係は断定しない
agu_choir_official,https://www.instagram.com/agu_choir_official/,青山学院大学聖歌隊,591,591,circle_official,public,profile_explicit,keyword_search,,表示名と自己紹介に青山学院大学聖歌隊およびAoyama Gakuin Universityの公式ページを明記,https://www.instagram.com/agu_choir_official/,A,2026-08-17,unknown,not_checked,,2026-08-17にInstagram公開プロフィールを手動確認。団体アカウントのため個人年齢は対象外
aoyamacats,https://www.instagram.com/aoyamacats/,青山猫愛好会,1397,1397,circle_official,public,profile_explicit,keyword_search,,公開プロフィールに「青山学院大学のサークル『青山猫愛好会』」と明記。,https://www.instagram.com/aoyamacats/,A,2026-08-17,unknown,not_checked,,2026-08-17にInstagram公開プロフィールを手動確認。団体アカウントのため個人年齢は対象外。学校公認とは断定しない
pocket_aps,https://www.instagram.com/pocket_aps/,AoyamaPocketSociety【青山学院大学ポケモン愛好会】,8,8,circle_official,public,profile_explicit,keyword_search,,公開プロフィールに青山学院大学ポケモン愛好会（青山支部）の公式アカウントと明記。,https://www.instagram.com/pocket_aps/,A,2026-08-17,unknown,not_checked,,2026-08-17にInstagram公開プロフィールを手動確認。団体アカウントのため個人年齢は対象外。学校公認とは断定しない
nerdgraphy2023au,https://www.instagram.com/nerdgraphy2023au/,Nerdgraphyミュージカル愛好会Nerdmusicalcircle,100,100,circle_official,public,profile_explicit,keyword_search,,公開プロフィールにミュージカル愛好会の活動内容と青山祭への参加実績を明記。,https://www.instagram.com/nerdgraphy2023au/,A,2026-08-17,unknown,not_checked,,2026-08-17にInstagram公開プロフィールを手動確認。青山学院大学での活動をプロフィール内で確認。学校公認とは断定しない
aguouendan_2022,https://www.instagram.com/aguouendan_2022/,青山学院大学応援団【2022新歓アカウント】,92,92,circle_official,public,profile_explicit,keyword_search,,公開プロフィールに青山学院大学応援団の2022新歓アカウントと明記し、@agu_ouendanへの案内を掲載。,https://www.instagram.com/aguouendan_2022/,A,2026-08-17,unknown,not_checked,,2026-08-17にInstagram公開プロフィールを手動確認。団体アカウントのため個人年齢は対象外。学校公認とは断定しない
amigoamiganext,https://www.instagram.com/amigoamiganext/,AmigoAmiga,443,443,circle_official,public,profile_explicit,keyword_search,,公開プロフィールに青山学院大学軽音サークルAmigoAmigaの公式アカウントと明記。,https://www.instagram.com/amigoamiganext/,A,2026-08-17,unknown,not_checked,,2026-08-17にInstagram公開プロフィールを手動確認。団体アカウントのため個人年齢は対象外
agu_british_tea_party,https://www.instagram.com/agu_british_tea_party/,青山学院大学英国茶会愛好会,117,117,circle_official,public,profile_explicit,keyword_search,,公開プロフィールに青山学院大学英国茶会愛好会および青山学院大学公認団体との自己記載。,https://www.instagram.com/agu_british_tea_party/,A,2026-08-17,unknown,not_checked,,2026-08-17にInstagram公開プロフィールを手動確認。プロフィールの自己記載であり、学校公認を外部検証したものではない
astea.agu,https://www.instagram.com/astea.agu/,青山学院大学理工 人工衛星サークル【ASTEA】,22,22,circle_official,public,profile_explicit,keyword_search,,表示名に青山学院大学理工人工衛星サークル【ASTEA】と明記。,https://www.instagram.com/astea.agu/,A,2026-08-17,unknown,not_checked,,2026-08-17にInstagram公開プロフィールを手動確認。プロフィールに「公認化に向けて活動中」と記載されているため、学校公認とは断定しない
shanti_shinkan_2025,https://www.instagram.com/shanti_shinkan_2025/,SHANTI 新歓 2025 青山学院大学,331,331,circle_official,public,profile_explicit,keyword_search,,公開プロフィールに青山学院大学公認SHANTI SHANTI国際ボランティア愛好会の2025年度新歓アカウントと明記。,https://www.instagram.com/shanti_shinkan_2025/,A,2026-08-17,unknown,not_checked,,2025年度の新歓アカウント。2026-08-17に公開プロフィールを手動確認し、現在の活動状況は要再確認
nack_dance,https://www.instagram.com/nack_dance/,青山学院大学 NACK,1706,1706,circle_official,public,profile_explicit,keyword_search,,表示名と自己紹介に青山学院大学公認ダンスサークルと明記。,https://www.instagram.com/nack_dance/,A,2026-08-17,unknown,not_checked,,2026-08-17にInstagram公開プロフィールを手動確認。団体アカウントのため個人年齢は対象外
comte_geraniol0730,https://www.instagram.com/comte_geraniol0730/,表示名なし,435,435,individual,public,mention_or_tag,circle_event,agu_british_tea_party,公開プロフィールに英国茶会愛好会主宰と記載し、青山学院大学英国茶会愛好会（agu_british_tea_party）へのリンクを掲載。,https://www.instagram.com/agu_british_tea_party/,B,2026-08-17,unknown,not_checked,,個人アカウント。年齢・サービス対象可否は推測しない。学校公認や本人との関係を過度に断定しない
bodogebu_,https://www.instagram.com/bodogebu_/,青学ボードゲーム愛好会,417,417,circle_official,public,profile_explicit,keyword_search,,プロフィールに「青山学院大学の公認サークルです」と明記。,https://www.instagram.com/bodogebu_/,A,2026-08-17,unknown,not_checked,,2026-08-17にInstagram公開プロフィールを手動確認。公認はプロフィール上の自己記載であり、学校公式情報による外部確認ではない。団体アカウント
agu_paradhipla,https://www.instagram.com/agu_paradhipla/,パラディプラ創作演劇愛好会,132,132,circle_official,public,profile_explicit,keyword_search,,プロフィールに「青山学院大学の公認演劇愛好団体“パラディプラ”」と明記。,https://www.instagram.com/agu_paradhipla/,A,2026-08-17,unknown,not_checked,,2026-08-17にInstagram公開プロフィールを手動確認。公認はプロフィール上の自己記載であり、学校公式情報による外部確認ではない。団体アカウント
aomoryuugaku,https://www.instagram.com/aomoryuugaku/,🍑青山学院大学 AOMO留学応援クラブ🍑,388,388,circle_official,public,profile_explicit,keyword_search,,表示名と自己紹介に青山学院大学および青学生による留学応援団体と明記。,https://www.instagram.com/aomoryuugaku/,A,2026-08-17,unknown,not_checked,,2026-08-17にInstagram公開プロフィールを手動確認。団体アカウント
nanchara_project.official,https://www.instagram.com/nanchara_project.official/,なんちゃらプロジェクト,114,114,other,public,mention_or_tag,keyword_search,,プロフィールに青山フォークウェイズ(AFW)所属のバンド、青山祭テーマソング2022と記載。青学との関係は関連団体経由のため確度B。,https://www.instagram.com/nanchara_project.official/,B,2026-08-17,unknown,not_checked,,AGUとの関係はプロフィールの青山フォークウェイズ所属・青山祭記載からの推定。大学公認や現在の所属はプロフィール単独では外部確認しない
namimati_aoyama,https://www.instagram.com/namimati_aoyama/,AOMATI,182,182,circle_official,public,profile_explicit,keyword_search,,プロフィールにAOMATIと「青学生がおくるサステナブルライフ」と明記。,https://www.instagram.com/namimati_aoyama/,A,2026-08-17,unknown,not_checked,,2026-08-17にInstagram公開プロフィールを手動確認。団体プロフィール内の青学生表記を根拠とする
agudiving_cairns,https://www.instagram.com/agudiving_cairns/,青山学院大学CAIRNSスキューバダイビング愛好会,425,425,circle_official,public,profile_explicit,keyword_search,,プロフィールに2026年度青山学院大学公認スキューバダイビングサークルCAIRNSと明記。,https://www.instagram.com/agudiving_cairns/,A,2026-08-17,unknown,not_checked,,2026-08-17にInstagram公開プロフィールを手動確認。新歓用団体アカウント
_.26momo,https://www.instagram.com/_.26momo/,も,282,282,individual,public,hashtag_post,hashtag,,公開投稿で青学駅伝選手を複数回タグし青学駅伝関連の投稿を継続,https://www.instagram.com/p/C2FiOpvPY8T/,C,2026-08-17,unknown,not_checked,,青学との関係は駅伝選手へのタグ付け・青学駅伝ハッシュタグから確認できるが在学・所属はプロフィール単独で未確認。初回DM対象外
agu_miniature,https://www.instagram.com/agu_miniature/,ちっちゃいもの愛好会,244,244,circle_official,public,profile_explicit,keyword_search,,プロフィールに青山学院大学公認愛好会と明記,https://www.instagram.com/agu_miniature/,A,2026-08-17,unknown,not_checked,,2026-08-17にInstagram公開プロフィールを手動確認。団体アカウント
agu_bunsan,https://www.instagram.com/agu_bunsan/,文学散歩の会,61,61,circle_official,public,profile_explicit,keyword_search,,プロフィールに青山学院大学唯一の公認文芸部と明記,https://www.instagram.com/agu_bunsan/,A,2026-08-17,unknown,not_checked,,2026-08-17にInstagram公開プロフィールを手動確認。公認はプロフィール上の自己記載であり学校公式情報による外部確認ではない。団体アカウント
nichiryoken,https://www.instagram.com/nichiryoken/,日料研,276,276,circle_official,public,profile_explicit,keyword_search,,プロフィールに2023年設立の青学公認お笑いコミュニティと明記,https://www.instagram.com/nichiryoken/,A,2026-08-17,unknown,not_checked,,2026-08-17にInstagram公開プロフィールを手動確認。どの大学・学年でも参加可能との自己記載があるため個人学生とは断定しない。団体アカウント
agu_sands,https://www.instagram.com/agu_sands/,SANDS,706,706,circle_official,public,profile_explicit,keyword_search,,プロフィールに青山学院大学国際政治経済学部公認学生団体SANDSと明記,https://www.instagram.com/agu_sands/,A,2026-08-17,unknown,not_checked,,2026-08-17にInstagram公開プロフィールを手動確認。公認はプロフィール上の自己記載であり学校公式情報による外部確認ではない。団体アカウント
tsunagu_tft,https://www.instagram.com/tsunagu_tft/,TsunAGU(ツナグ)ボランティア愛好会,281,281,circle_official,public,profile_explicit,keyword_search,,プロフィールにTable For Twoの青学支部と明記,https://www.instagram.com/tsunagu_tft/,A,2026-08-17,unknown,not_checked,,2026-08-17にInstagram公開プロフィールを手動確認。青学支部の団体アカウント
agukyudo,https://www.instagram.com/agukyudo/,青山学院大学体育会弓道部,1022,1022,circle_official,public,profile_explicit,keyword_search,,プロフィールに青山学院大学体育会弓道部の広報と明記,https://www.instagram.com/agukyudo/,A,2026-08-17,unknown,not_checked,,2026-08-17にInstagram公開プロフィールを手動確認。体育会公式の団体アカウント
fairtrade.lab.sccs,https://www.instagram.com/fairtrade.lab.sccs/,青山学院大学フェアトレードラボ 2026,1266,1266,student_media,public,profile_explicit,hub_followers,agu_info,プロフィールに青山学院大学総合文化政策学部フェアトレードラボと明記,https://www.instagram.com/fairtrade.lab.sccs/,A,2026-08-17,unknown,not_checked,,2026-08-17にInstagram公開プロフィールを手動確認。団体アカウント
aogaku.ochiken,https://www.instagram.com/aogaku.ochiken/,青山学院大学 落語研究会,467,467,circle_official,public,profile_explicit,hub_followers,agu_info,表示名とプロフィールに青山学院大学落語研究会と明記,https://www.instagram.com/aogaku.ochiken/,A,2026-08-17,unknown,not_checked,,2026-08-17にInstagram公開プロフィールを手動確認。団体アカウント
squash_agu2026,https://www.instagram.com/squash_agu2026/,【新歓2026】青山学院大学スカッシュラケット愛好会,153,153,event,public,profile_explicit,circle_event,squash_agu,プロフィールに青山学院大学スカッシュラケット愛好会の2026年新歓アカウントと明記,https://www.instagram.com/squash_agu2026/,A,2026-08-17,unknown,not_checked,,2026-08-17にInstagram公開プロフィールを手動確認。新歓用団体アカウント
fujishige_seminar,https://www.instagram.com/fujishige_seminar/,青山学院大学 藤重ゼミ,90,90,student_media,public,profile_explicit,hub_followers,agu_info,プロフィールに青山学院大学国際政治経済学部藤重ゼミと明記,https://www.instagram.com/fujishige_seminar/,A,2026-08-17,unknown,not_checked,,2026-08-17にInstagram公開プロフィールを手動確認。ゼミの団体アカウント
agu_tapioca,https://www.instagram.com/agu_tapioca/,青学タピオカ愛好会,63,63,circle_official,public,profile_explicit,hub_followers,aogaku.magazine,自己紹介に青山学院大学非公認サークルのタピオカ愛好会と明記,https://www.instagram.com/agu_tapioca/,A,2026-08-17,unknown,not_checked,,2026-08-17にInstagram公開プロフィールを手動確認。非公認サークルである旨をプロフィールに記載。投稿は2018年中心のため活動状況は要確認
to_se_ta1106,https://www.instagram.com/to_se_ta1106/,冨永晴太,207,207,individual,public,profile_explicit,circle_event,t_and_f_lovers_agu,プロフィールにaoyama gakuin univ. ccsと明記され青学陸上愛好会の投稿で部員紹介,https://www.instagram.com/p/DWeU7t-D3yb/,A,2026-08-17,unknown,not_checked,,2026-08-17にInstagram公開プロフィールを手動確認。公開プロフィール上の大学表記を根拠にし、年齢は推測しない。初回DM対象外
aresahino,https://www.instagram.com/aresahino/,aretha,4924,4924,individual,public,hub_follower,hub_followers,agu_info,青学情報局の公開フォロワーとして画面上で確認。プロフィール自体に青学表記なし,https://www.instagram.com/aresahino/,B,2026-08-17,unknown,not_checked,,2026-08-17に公開プロフィールを手動確認。ハブとのフォロー関係のみで青学所属は未確認。初回DM対象外
yukioku_623,https://www.instagram.com/yukioku_623/,ゆうき,736,736,individual,public,hub_follower,hub_followers,agu_info,青学情報局の公開フォロワーとして画面上で確認。プロフィール自体に青学表記なし,https://www.instagram.com/yukioku_623/,B,2026-08-17,unknown,not_checked,,2026-08-17に公開プロフィールを手動確認。ハブとのフォロー関係のみで青学所属は未確認。初回DM対象外
alejandroconsolez,https://www.instagram.com/alejandroconsolez/,Alessandro Consoli 🌞,6412,6412,individual,public,hub_follower,hub_followers,savor.youth,AGU国際交流団体Savor Youthの公開フォロワーとして画面上で確認。プロフィール自体に青学表記なし,https://www.instagram.com/alejandroconsolez/,B,2026-08-17,unknown,not_checked,,2026-08-17に公開プロフィールを手動確認。国際交流団体との関係のみで青学所属は未確認。初回DM対象外
meredith_yuxin,https://www.instagram.com/meredith_yuxin/,チン ユシン,235,235,individual,public,profile_explicit,hub_followers,savor.youth,プロフィールにAGUとUSYDを明記。Savor Youthの公開フォロワーとしても確認,https://www.instagram.com/meredith_yuxin/,A,2026-08-17,unknown,not_checked,,2026-08-17にInstagram公開プロフィールを手動確認。公開プロフィール上の大学表記を根拠にし、年齢は推測しない。初回DM対象外
chenyuwang.wang,https://www.instagram.com/chenyuwang.wang/,Chen Yu Wang,93,93,individual,public,hub_follower,hub_followers,savor.youth,Savor Youthの公開フォロワーとして画面上で確認。プロフィール自体に青学表記なし,https://www.instagram.com/chenyuwang.wang/,B,2026-08-17,unknown,not_checked,,2026-08-17に公開プロフィールを手動確認。国際交流団体との関係のみで青学所属は未確認。初回DM対象外
mariamadad,https://www.instagram.com/mariamadad/,Mari Joy,517,517,individual,public,hub_follower,hub_followers,savor.youth,Savor Youthの公開フォロワーとして画面上で確認。プロフィール自体に青学表記なし,https://www.instagram.com/mariamadad/,B,2026-08-17,unknown,not_checked,,2026-08-17に公開プロフィールを手動確認。国際交流団体との関係のみで青学所属は未確認。初回DM対象外
mi_rere,https://www.instagram.com/mi_rere/,Mire/미래,419,419,individual,public,hub_follower,hub_followers,savor.youth,Savor Youthの公開フォロワーとして画面上で確認。プロフィール自体に青学表記なし,https://www.instagram.com/mi_rere/,B,2026-08-17,unknown,not_checked,,2026-08-17に公開プロフィールを手動確認。国際交流団体との関係のみで青学所属は未確認。初回DM対象外
vivek_desu,https://www.instagram.com/vivek_desu/,Vivek,2044,2044,individual,public,profile_explicit,hub_followers,savor.youth,プロフィールにVBU-青学-国際教養と明記。Savor Youthの公開フォロワーとしても確認,https://www.instagram.com/vivek_desu/,A,2026-08-17,unknown,not_checked,,2026-08-17にInstagram公開プロフィールを手動確認。大学表記を根拠にし、年齢は推測しない。初回DM対象外
des_tiny1207,https://www.instagram.com/des_tiny1207/,DJ 🫶🏾🥰,1150,1150,individual,public,hub_follower,hub_followers,savor.youth,Savor Youthの公開フォロワーとして画面上で確認。プロフィール自体に青学表記なし,https://www.instagram.com/des_tiny1207/,B,2026-08-17,unknown,not_checked,,2026-08-17に公開プロフィールを手動確認。国際交流団体との関係のみで青学所属は未確認。初回DM対象外
honoka_lovely.disney,https://www.instagram.com/honoka_lovely.disney/,Honoka,753,753,individual,public,profile_explicit,hub_followers,savor.youth,プロフィールにAoyama Gakuinと明記。Savor Youthの公開フォロワーとしても確認,https://www.instagram.com/honoka_lovely.disney/,A,2026-08-17,unknown,not_checked,,2026-08-17にInstagram公開プロフィールを手動確認。大学表記を根拠にし、年齢は推測しない。初回DM対象外
eito185,https://www.instagram.com/eito185/,EITO/瑛人,1363,1363,individual,public,profile_explicit,hub_followers,savor.youth,プロフィールにネパール在住青学生と明記。Savor Youthの公開フォロワーとしても確認,https://www.instagram.com/eito185/,A,2026-08-17,unknown,not_checked,,2026-08-17にInstagram公開プロフィールを手動確認。大学名は未記載だが青学生の自己記載を根拠にする。年齢は推測しない。初回DM対象外
freebirdkanto,https://www.instagram.com/freebirdkanto/,日中学生交流団体freebird関東支部,1270,1270,other,public,hub_follower,hub_followers,savor.youth,AGU国際交流団体Savor Youthの公開フォロワーとして画面上で確認。プロフィールは日中学生交流団体で青学表記なし,https://www.instagram.com/freebirdkanto/,B,2026-08-17,unknown,not_checked,,2026-08-17に公開プロフィールを手動確認。青学所属は未確認の関連学生団体。初回DM対象外
alanguo.611,https://www.instagram.com/alanguo.611/,郭 一 / Guo Alan,518,518,individual,public,profile_explicit,hub_followers,savor.youth,プロフィールにAGU SIPEC 2022と明記。Savor Youthの公開フォロワーとしても確認,https://www.instagram.com/alanguo.611/,A,2026-08-17,unknown,not_checked,,2026-08-17にInstagram公開プロフィールを手動確認。大学関連表記を根拠にし、年齢は推測しない。初回DM対象外
hinayyyyy_0,https://www.instagram.com/hinayyyyy_0/,yang,275,275,individual,public,profile_explicit,hub_followers,savor.youth,プロフィールにagu sipecと明記。Savor Youthの公開フォロワーとしても確認,https://www.instagram.com/hinayyyyy_0/,A,2026-08-17,unknown,not_checked,,2026-08-17にInstagram公開プロフィールを手動確認。大学関連表記を根拠にし、年齢は推測しない。初回DM対象外
aoyamagakuinrugbygallery,https://www.instagram.com/aoyamagakuinrugbygallery/,青山学院大学ラグビーOB・OG倶楽部,492,492,other,public,profile_explicit,keyword_search,,プロフィール名に青山学院大学ラグビーOB・OG倶楽部と明記。公開プロフィールと投稿を画面上で確認,https://www.instagram.com/aoyamagakuinrugbygallery/,A,2026-08-17,unknown,not_checked,,2026-08-17にInstagram公開プロフィールを手動確認。OB・OG団体のため個人向け初回DM対象外
ardore__official,https://www.instagram.com/ardore__official/,Ardore / aoyama gakuin univ,704,704,circle_official,public,profile_explicit,keyword_search,,プロフィール名と自己紹介にaoyama gakuin univ・based at Aoyama Gakuin Univと明記。公開プロフィールと投稿を画面上で確認,https://www.instagram.com/ardore__official/,A,2026-08-17,unknown,not_checked,,2026-08-17にInstagram公開プロフィールを手動確認。大学公認かはプロフィール上で外部確認できないため自己記載として記録
aoyama_miss3_2026,https://www.instagram.com/aoyama_miss3_2026/,ミス青山No.3 長谷川百々花,2552,2552,individual,public,ambiguous_context,hub_followers,aoyama.hack,表示名にミス青山と明記し公開プロフィールを確認。青山ミスコン公式プロフィールは青山学院大学と無関係と明記,https://www.instagram.com/aoyama_miss3_2026/,C,2026-08-17,unknown,not_checked,,青山表記はあるが青山学院大学との関係を確認できないためC。年齢は推測せず初回DM対象外
aoyama.gakuin.food,https://www.instagram.com/aoyama.gakuin.food/,AGF,32,32,other,public,profile_explicit,keyword_search,,表示名と自己紹介にAoyama Gakuin Foodと明記。公開プロフィールと継続投稿を画面上で確認,https://www.instagram.com/aoyama.gakuin.food/,A,2026-08-17,unknown,not_checked,,2026-08-17にInstagram公開プロフィールを手動確認。青学関連の食情報アカウントで、大学公認かは外部確認なし
aogakuseidesu,https://www.instagram.com/aogakuseidesu/,青学生です。こんにちは。,9713,9713,individual,public,profile_explicit,keyword_search,,表示名と継続投稿に青学生・青学・大学生活を明記。公開プロフィールを画面上で確認,https://www.instagram.com/aogakuseidesu/,A,2026-08-17,unknown,not_checked,,2026-08-17にInstagram公開プロフィールを手動確認。青学在籍は自己記載ベースで外部確認なし。年齢は推測せず初回DM対象外
taka_english.vlog,https://www.instagram.com/taka_english.vlog/,たか|1日10時間勉強する青学生,2491,2491,individual,public,profile_explicit,keyword_search,,表示名と自己紹介に青学生・青学生の勉強と明記。公開プロフィールと大学生向け投稿を画面上で確認,https://www.instagram.com/taka_english.vlog/,A,2026-08-17,unknown,not_checked,,2026-08-17にInstagram公開プロフィールを手動確認。青学在籍は自己記載ベースで外部確認なし。年齢は推測せず初回DM対象外
aogaku_de_foodtrip,https://www.instagram.com/aogaku_de_foodtrip/,青学生はグルメであれ🍽,58,58,student_media,public,profile_explicit,keyword_search,,自己紹介に青山学院大学稲村ゼミの観光チームと明記。青学周辺の紹介投稿を画面上で確認,https://www.instagram.com/aogaku_de_foodtrip/,A,2026-08-17,unknown,not_checked,,2026-08-17にInstagram公開プロフィールを手動確認。ゼミ運用アカウントで大学公認かは外部確認なし
r.t._75,https://www.instagram.com/r.t._75/,青学生社長(05),1441,1441,individual,public,profile_explicit,keyword_search,,表示名に青学生と明記し公開プロフィールを画面上で確認。年齢・生年は推測せず表記は原文のまま記録,https://www.instagram.com/r.t._75/,A,2026-08-17,unknown,not_checked,,2026-08-17にInstagram公開プロフィールを手動確認。学生在籍は自己記載ベースで外部確認なし。初回DM対象外
rising_agu,https://www.instagram.com/rising_agu/,Rising 青学バスケサークル,1055,1055,circle_official,public,profile_explicit,keyword_search,,表示名と自己紹介に青山学院大学公認バスケサークルと明記。相模原キャンパス・青学関連の継続投稿を画面上で確認,https://www.instagram.com/rising_agu/,A,2026-08-17,unknown,not_checked,,2026-08-17にInstagram公開プロフィールを手動確認。公認表記はプロフィール上の自己記載として記録
yeti_agu,https://www.instagram.com/yeti_agu/,青学スノーボードサークル Yeti,1220,1220,circle_official,public,profile_explicit,keyword_search,,表示名と自己紹介に青学スノーボードサークルと明記。青学関連ハッシュタグと活動投稿を画面上で確認,https://www.instagram.com/yeti_agu/,A,2026-08-17,unknown,not_checked,,2026-08-17にInstagram公開プロフィールを手動確認。サークル運用アカウントで年齢推測なし
freiheit___2026,https://www.instagram.com/freiheit___2026/,【 青山学院大学フットサルサークル Freiheit 】,1352,1352,circle_official,public,profile_explicit,keyword_search,,表示名に青山学院大学フットサルサークルFreiheitと明記。新歓投稿とタグ付けを画面上で確認,https://www.instagram.com/freiheit___2026/,A,2026-08-17,unknown,not_checked,,2026-08-17にInstagram公開プロフィールを手動確認。サークル運用アカウントで年齢推測なし
agu_galopin,https://www.instagram.com/agu_galopin/,青学ドッジボールサークルGalopin,1127,1127,circle_official,public,profile_explicit,keyword_search,,自己紹介に青山学院大学の競技ドッジボールインカレサークルと明記。青学関連ハッシュタグ・新歓投稿を画面上で確認,https://www.instagram.com/agu_galopin/,A,2026-08-17,unknown,not_checked,,2026-08-17にInstagram公開プロフィールを手動確認。サークル運用アカウントで年齢推測なし
sagasai_aogaku,https://www.instagram.com/sagasai_aogaku/,第24回相模原祭,1760,1760,event,public,profile_explicit,keyword_search,,表示名と自己紹介に相模原祭の開催情報を明記。公式ホームページリンクと継続投稿を画面上で確認,https://www.instagram.com/sagasai_aogaku/,A,2026-08-17,unknown,not_checked,,2026-08-17にInstagram公開プロフィールを手動確認。青学関連イベントの運用アカウント
aoyama_golf,https://www.instagram.com/aoyama_golf/,青山学院大学体育会ゴルフ部,1621,1621,circle_official,public,profile_explicit,keyword_search,,表示名と自己紹介に青山学院大学体育会ゴルフ部公式と明記。新歓・競技活動の継続投稿を画面上で確認,https://www.instagram.com/aoyama_golf/,A,2026-08-17,unknown,not_checked,,2026-08-17にInstagram公開プロフィールを手動確認。部活動運用アカウント
agr_shinkan,https://www.instagram.com/agr_shinkan/,青山学院大学ラグビー部『2026新歓アカウント』,424,424,circle_official,public,profile_explicit,keyword_search,,表示名と自己紹介に青山学院体育会ラグビー部2026年度新歓アカウントと明記。公式アカウントへのリンクと練習情報を確認,https://www.instagram.com/agr_shinkan/,A,2026-08-17,unknown,not_checked,,2026-08-17にInstagram公開プロフィールを手動確認。部活新歓アカウント
agufencingclub,https://www.instagram.com/agufencingclub/,青山学院大学体育会フェンシング部2026,735,735,circle_official,public,profile_explicit,hub_followers,aogaku.magazine,表示名・自己紹介・投稿に青山学院大学体育会フェンシング部と明記。公開フォロワーとして表示され、青学関連ハッシュタグも確認,https://www.instagram.com/agufencingclub/,A,2026-08-17,unknown,not_checked,,2026-08-17にInstagram公開プロフィールを手動確認。部活運用アカウント
aoyama_rowing,https://www.instagram.com/aoyama_rowing/,青山学院大学 体育会ボート部,1322,1322,circle_official,public,profile_explicit,hub_followers,agu_info,表示名と自己紹介に青山学院大学体育会ボート部と明記。新歓・大会投稿と新歓アカウントへのリンクを画面上で確認,https://www.instagram.com/aoyama_rowing/,A,2026-08-17,unknown,not_checked,,2026-08-17にInstagram公開プロフィールを手動確認。部活運用アカウント
aoyama__msb,https://www.instagram.com/aoyama__msb/,青山学院大学軟式野球サークル 青山MSB,901,901,circle_official,public,profile_explicit,hub_followers,aogaku_tencha,表示名・自己紹介に青山学院大学軟式野球サークルと明記。青学で野球をする旨と新歓・試合投稿を画面上で確認,https://www.instagram.com/aoyama__msb/,A,2026-08-17,unknown,not_checked,,2026-08-17にInstagram公開プロフィールを手動確認。サークル運用アカウント
aas_agu,https://www.instagram.com/aas_agu/,青山学院大学アナウンス研究会 AAS,966,966,circle_official,public,profile_explicit,hub_followers,aogaku_tencha,表示名と自己紹介に青山学院大学アナウンス研究会・青山キャンパスで活動と明記。練習・案件・イベントのハイライトを確認,https://www.instagram.com/aas_agu/,A,2026-08-17,unknown,not_checked,,2026-08-17にInstagram公開プロフィールを手動確認。研究会運用アカウント
aospa_2026,https://www.instagram.com/aospa_2026/,青山SPA / Aoyama Gakuin Univ.,125,125,circle_official,public,profile_explicit,hub_followers,aoyama.hack,表示名・自己紹介にAoyama Gakuin Univ.とサウナ・温泉サークルを明記。新歓・活動投稿を画面上で確認,https://www.instagram.com/aospa_2026/,A,2026-08-17,unknown,not_checked,,2026-08-17にInstagram公開プロフィールを手動確認。サークル運用アカウント
aoyama_miss2_2026,https://www.instagram.com/aoyama_miss2_2026/,ミス青山No.2 安江唯,1621,1621,individual,public,ambiguous_context,hub_followers,aoyama.hack,表示名にミス青山と明記しプロフィールに文学部英米文学科2年と記載。青山ミスコン公式プロフィールは青山学院大学と無関係と明記,https://www.instagram.com/aoyama_miss2_2026/,C,2026-08-17,unknown,not_checked,,青山表記はあるが青山学院大学との関係を確認できないためC。年齢は推測せず初回DM対象外
aoyama_mr2_2026,https://www.instagram.com/aoyama_mr2_2026/,ミスター青山No.2星野陸,541,541,individual,public,ambiguous_context,hub_followers,aoyama.hack,表示名にミスター青山と明記し公開プロフィールを確認。青山ミスコン公式プロフィールは青山学院大学と無関係と明記,https://www.instagram.com/aoyama_mr2_2026/,C,2026-08-17,unknown,not_checked,,青山表記はあるが青山学院大学との関係を確認できないためC。年齢は推測せず初回DM対象外
aoyama.rikonan,https://www.instagram.com/aoyama.rikonan/,青山学院大学理工軟式野球部,834,834,circle_official,public,profile_explicit,hub_followers,aoyama.hack,表示名とプロフィールに青山学院大学理工軟式野球部を明記。首都学生軟式野球連盟所属と活動内容も確認,https://www.instagram.com/aoyama.rikonan/,A,2026-08-17,unknown,not_checked,,2026-08-17にInstagram公開プロフィールを手動確認。部活動運用アカウント
aoyamavrc,https://www.instagram.com/aoyamavrc/,青山学院大学VRサークル(非公認),18,18,circle_official,public,profile_explicit,hub_followers,aoyama.hack,表示名とプロフィールに青山学院大学非公認VRサークルと明記,https://www.instagram.com/aoyamavrc/,A,2026-08-17,unknown,not_checked,,2026-08-17にInstagram公開プロフィールを手動確認。非公認表記をそのまま記録
aoyama_mr6_2026,https://www.instagram.com/aoyama_mr6_2026/,ミスター青山No.6橋本大凱,627,627,individual,public,ambiguous_context,hub_followers,aoyama.hack,表示名にミスター青山と明記し青山ハックの公開フォロワーとして確認。青山学院大学との関係は確認できず,https://www.instagram.com/aoyama_mr6_2026/,C,2026-08-17,unknown,not_checked,,青山表記はあるが青山学院大学との関係を確認できないためC。年齢は推測せず初回DM対象外
aoyama.photo.club,https://www.instagram.com/aoyama.photo.club/,青山学院大学写真研究部,1391,1391,circle_official,public,profile_explicit,keyword_search,,表示名とプロフィールに青山学院大学写真研究部・公式アカウントと明記。作品投稿と新歓ハイライトを確認,https://www.instagram.com/aoyama.photo.club/,A,2026-08-17,unknown,not_checked,,2026-08-17にInstagram公開プロフィールを手動確認。研究部運用アカウント
aogakugekiken,https://www.instagram.com/aogakugekiken/,青山学院大学 演劇研究会,463,463,circle_official,public,profile_explicit,keyword_search,,表示名とプロフィールに青山学院大学演劇研究会の公式Instagramと明記。活動日・見学案内を確認,https://www.instagram.com/aogakugekiken/,A,2026-08-17,unknown,not_checked,,2026-08-17にInstagram公開プロフィールを手動確認。研究会運用アカウント
aoyamaorchestra,https://www.instagram.com/aoyamaorchestra/,青山学院管弦楽団,1715,1715,circle_official,public,profile_explicit,keyword_search,,表示名とプロフィールに青山学院管弦楽団の公式アカウントと明記。新歓アカウントへのリンクを確認,https://www.instagram.com/aoyamaorchestra/,A,2026-08-17,unknown,not_checked,,2026-08-17にInstagram公開プロフィールを手動確認。団体本体アカウント
new_ago2026,https://www.instagram.com/new_ago2026/,青山学院管弦楽団新歓2026,113,113,event,public,profile_explicit,keyword_search,,プロフィールに青山学院大学管弦楽団の2026年度新歓アカウントと明記。本体アカウントへのリンクを確認,https://www.instagram.com/new_ago2026/,A,2026-08-17,unknown,not_checked,,2026-08-17にInstagram公開プロフィールを手動確認。新歓運用アカウント
aoyamacuba_2026,https://www.instagram.com/aoyamacuba_2026/,青山学院大学 CUBA,1258,1258,circle_official,public,profile_explicit,keyword_search,,表示名とプロフィールに青山学院大学・青学公認バスケサークルCUBAと明記。新歓・イベント情報を確認,https://www.instagram.com/aoyamacuba_2026/,A,2026-08-17,unknown,not_checked,,2026-08-17にInstagram公開プロフィールを手動確認。公認表記はプロフィール上の自己記載として記録
acf_welcome,https://www.instagram.com/acf_welcome/,青山キリスト教学生会(ACF),806,806,circle_official,public,profile_explicit,keyword_search,,表示名とプロフィールに青山学院大学公認のキリスト教学生団体と明記。活動内容・新歓案内を確認,https://www.instagram.com/acf_welcome/,A,2026-08-17,unknown,not_checked,,2026-08-17にInstagram公開プロフィールを手動確認。公認表記はプロフィール上の自己記載として記録
amsrock_2026,https://www.instagram.com/amsrock_2026/,青学軽音 AMS(Rock) 青山ミュージックソサエティ,1279,1279,circle_official,public,profile_explicit,keyword_search,,表示名とプロフィールに青学軽音・青山ミュージックソサエティと明記。青山文化連合公認の軽音楽部と活動内容を確認,https://www.instagram.com/amsrock_2026/,A,2026-08-17,unknown,not_checked,,2026-08-17にInstagram公開プロフィールを手動確認。公認表記はプロフィール上の自己記載として記録
afw_agu2026,https://www.instagram.com/afw_agu2026/,青学/サークル/軽音 青山フォークウェイズ,564,564,circle_official,public,profile_explicit,keyword_search,,表示名とプロフィールに青学・青山フォークウェイズと明記。青山学院大学文化連合会加盟の活動内容を確認,https://www.instagram.com/afw_agu2026/,A,2026-08-17,unknown,not_checked,,2026-08-17にInstagram公開プロフィールを手動確認。団体運用アカウント
agu.international_commons,https://www.instagram.com/agu.international_commons/,青山学院大学International Commons,1144,1144,student_media,public,profile_explicit,keyword_search,,表示名とプロフィールに青山学院大学インターナショナルコモンズの公式アカウントと明記。大学サイトへのリンクを確認,https://www.instagram.com/agu.international_commons/,A,2026-08-17,unknown,not_checked,,2026-08-17にInstagram公開プロフィールを手動確認。国際交流イベント情報アカウント
sonick_aoyama.agu,https://www.instagram.com/sonick_aoyama.agu/,Sonickers国際交流愛好会,832,832,circle_official,public,profile_explicit,keyword_search,,プロフィールに青学・春から青学・AGUの国際交流サークルと明記。活動ハイライトを確認,https://www.instagram.com/sonick_aoyama.agu/,A,2026-08-17,unknown,not_checked,,2026-08-17にInstagram公開プロフィールを手動確認。サークル運用アカウント
agu_ess,https://www.instagram.com/agu_ess/,青山学院大学 E.S.S.,2305,2305,circle_official,public,profile_explicit,keyword_search,,表示名とプロフィールに青山学院大学E.S.S.・青学最大規模の公認部活と明記。セクション活動の案内を確認,https://www.instagram.com/agu_ess/,A,2026-08-17,unknown,not_checked,,2026-08-17にInstagram公開プロフィールを手動確認。公認表記はプロフィール上の自己記載として記録
ess_126_2022,https://www.instagram.com/ess_126_2022/,青学 ESS 126Daily 2022,77,77,other,public,profile_explicit,keyword_search,,表示名とプロフィールに青学ESSの活動アカウントと明記。イベント・メンバー紹介の投稿を確認,https://www.instagram.com/ess_126_2022/,A,2026-08-17,unknown,not_checked,,2026-08-17にInstagram公開プロフィールを手動確認。過年度グループ運用の可能性はあるが公開アカウントとして記録
aoyamagakuinuniversityrc,https://www.instagram.com/aoyamagakuinuniversityrc/,青山学院大学ラグビークリニック,508,508,other,public,profile_explicit,keyword_search,,表示名とプロフィールに青山学院大学ラグビークリニックと明記。青山キャンパスを拠点とする活動内容を確認,https://www.instagram.com/aoyamagakuinuniversityrc/,A,2026-08-17,unknown,not_checked,,2026-08-17にInstagram公開プロフィールを手動確認。社会連携・ラグビー活動アカウント
agutatekan,https://www.instagram.com/agutatekan/,青山学院大学立て看同好会／Aoyama Gakuin University Tatekan Club,495,495,other,public,profile_explicit,keyword_search,,表示名とプロフィールに青山学院大学の学生団体と明記。団体の活動方針と公開投稿を確認,https://www.instagram.com/agutatekan/,A,2026-08-17,unknown,not_checked,,2026-08-17にInstagram公開プロフィールを手動確認。大学公認かはプロフィール上で確認できないため団体種別はその他
agufc_official,https://www.instagram.com/agufc_official/,青山学院大学体育会サッカー部【公式】,4009,4009,circle_official,public,profile_explicit,keyword_search,,表示名に青山学院大学体育会サッカー部公式と明記。試合・練習の継続投稿を確認,https://www.instagram.com/agufc_official/,A,2026-08-17,unknown,not_checked,,2026-08-17にInstagram公開プロフィールを手動確認。体育会公式アカウント
aori_2026,https://www.instagram.com/aori_2026/,青山学院大学理工サッカー部 【新歓2026】,973,973,event,public,profile_explicit,keyword_search,,表示名とプロフィールに青山学院大学理工サッカー部の新歓2026と明記。活動情報を確認,https://www.instagram.com/aori_2026/,A,2026-08-17,unknown,not_checked,,2026-08-17にInstagram公開プロフィールを手動確認。新歓運用アカウント
grantare_aoyama_univ,https://www.instagram.com/grantare_aoyama_univ/,青山学院大学【Grantare】サッカー&フットサル,322,322,circle_official,public,profile_explicit,keyword_search,,表示名とプロフィールに青山学院大学の公認サッカー・フットサルサークルと明記,https://www.instagram.com/grantare_aoyama_univ/,A,2026-08-17,unknown,not_checked,,2026-08-17にInstagram公開プロフィールを手動確認。公認表記はプロフィール上の自己記載として記録
agu_eagles,https://www.instagram.com/agu_eagles/,青山学院大学男子バスケットボール部,4592,4592,circle_official,public,profile_explicit,keyword_search,,表示名とプロフィールに青山学院大学男子バスケットボール部の公式Instagramと明記。競技投稿を確認,https://www.instagram.com/agu_eagles/,A,2026-08-17,unknown,not_checked,,2026-08-17にInstagram公開プロフィールを手動確認。体育会公式アカウント
agu_be_friend,https://www.instagram.com/agu_be_friend/,青学バスケットボールサークル Be-Friend2026新歓,994,994,circle_official,public,profile_explicit,keyword_search,,表示名とプロフィールに青学バスケットボールサークル・青山学院大学公認と明記。新歓投稿を確認,https://www.instagram.com/agu_be_friend/,A,2026-08-17,unknown,not_checked,,2026-08-17にInstagram公開プロフィールを手動確認。新歓運用アカウント
agu_girlsbb,https://www.instagram.com/agu_girlsbb/,青山学院大学女子バスケットボール部,999,999,circle_official,public,profile_explicit,keyword_search,,表示名とプロフィールに青山学院大学女子バスケットボール部公式と明記。試合・部員情報の投稿を確認,https://www.instagram.com/agu_girlsbb/,A,2026-08-17,unknown,not_checked,,2026-08-17にInstagram公開プロフィールを手動確認。体育会公式アカウント
agu_wmvb,https://www.instagram.com/agu_wmvb/,青山学院大学体育会女子バレーボール部【公式】,1775,1775,circle_official,public,profile_explicit,keyword_search,,表示名とプロフィールに青山学院大学女子バレーボール部公式と明記。公式サイトリンクと試合情報を確認,https://www.instagram.com/agu_wmvb/,A,2026-08-17,unknown,not_checked,,2026-08-17にInstagram公開プロフィールを手動確認。DM返信不可の記載あり
avc2026_,https://www.instagram.com/avc2026_/,【AVC】青山学院大学バレーボール愛好会,1227,1227,circle_official,public,profile_explicit,keyword_search,,表示名に青山学院大学バレーボール愛好会と明記。2026年度新歓・活動案内を確認,https://www.instagram.com/avc2026_/,A,2026-08-17,unknown,not_checked,,2026-08-17にInstagram公開プロフィールを手動確認。新歓運用アカウント
aoyamamenvolley_,https://www.instagram.com/aoyamamenvolley_/,青山学院大学男子バレーボール部,953,953,circle_official,public,profile_explicit,keyword_search,,表示名とプロフィールに青山学院大学男子バレーボール部と明記。部活動案内・公式サイトを確認,https://www.instagram.com/aoyamamenvolley_/,A,2026-08-17,unknown,not_checked,,2026-08-17にInstagram公開プロフィールを手動確認。体育会公式アカウント
windy_official_,https://www.instagram.com/windy_official_/,青学テニスサークル WINDY硬式テニス愛好会,946,946,circle_official,public,profile_explicit,keyword_search,,表示名とプロフィールに青学公認テニスサークルと明記。活動場所・新歓情報を確認,https://www.instagram.com/windy_official_/,A,2026-08-17,unknown,not_checked,,2026-08-17にInstagram公開プロフィールを手動確認。公認表記はプロフィール上の自己記載として記録
agu_alice_2026,https://www.instagram.com/agu_alice_2026/,青山学院大学 アリス テニスサークル,500,500,circle_official,public,profile_explicit,keyword_search,,表示名とプロフィールに青山学院大学・青学公認テニスサークルAliceと明記。新歓案内を確認,https://www.instagram.com/agu_alice_2026/,A,2026-08-17,unknown,not_checked,,2026-08-17にInstagram公開プロフィールを手動確認。公認表記はプロフィール上の自己記載として記録
aogaku_tabletennis,https://www.instagram.com/aogaku_tabletennis/,青山学院大学体育会男子卓球部,692,692,circle_official,public,profile_explicit,keyword_search,,表示名に青山学院大学体育会男子卓球部と明記。青山・相模原両キャンパスの活動案内を確認,https://www.instagram.com/aogaku_tabletennis/,A,2026-08-17,unknown,not_checked,,2026-08-17にInstagram公開プロフィールを手動確認。体育会公式アカウント
agu_kuairo,https://www.instagram.com/agu_kuairo/,青学クアイロー卓球愛好会,297,297,circle_official,public,profile_explicit,keyword_search,,表示名とプロフィールに青山学院大学公認卓球サークルと明記。青学・AGU・春から青学のタグを確認,https://www.instagram.com/agu_kuairo/,A,2026-08-17,unknown,not_checked,,2026-08-17にInstagram公開プロフィールを手動確認。公認表記はプロフィール上の自己記載として記録
aoyama.takkyu,https://www.instagram.com/aoyama.takkyu/,青山学院大学女子卓球部,1427,1427,circle_official,public,profile_explicit,keyword_search,,表示名とプロフィールに青山学院大学体育会女子卓球部と明記。公式SNS案内を確認,https://www.instagram.com/aoyama.takkyu/,A,2026-08-17,unknown,not_checked,,2026-08-17にInstagram公開プロフィールを手動確認。体育会公式アカウント
agujudo,https://www.instagram.com/agujudo/,青山学院大学体育会柔道部,740,740,circle_official,public,profile_explicit,keyword_search,,表示名とプロフィールに青山学院大学体育会柔道部の公式アカウントと明記。練習・新歓案内を確認,https://www.instagram.com/agujudo/,A,2026-08-17,unknown,not_checked,,2026-08-17にInstagram公開プロフィールを手動確認。体育会公式アカウント
agukendo,https://www.instagram.com/agukendo/,青山学院大学体育会剣道部【公式】,1465,1465,circle_official,public,profile_explicit,keyword_search,,表示名に青山学院大学体育会剣道部公式と明記。大会実績・公式サイトを確認,https://www.instagram.com/agukendo/,A,2026-08-17,unknown,not_checked,,2026-08-17にInstagram公開プロフィールを手動確認。体育会公式アカウント
agu_swim_team,https://www.instagram.com/agu_swim_team/,青山学院大学体育会水泳部,3198,3198,circle_official,public,profile_explicit,keyword_search,,表示名に青山学院大学体育会水泳部と明記。大会実績・新歓ハイライトを確認,https://www.instagram.com/agu_swim_team/,A,2026-08-17,unknown,not_checked,,2026-08-17にInstagram公開プロフィールを手動確認。体育会公式アカウント
agust_shinkan2026,https://www.instagram.com/agust_shinkan2026/,【新歓】青山学院大学体育会水泳部,46,46,event,public,profile_explicit,keyword_search,,プロフィールに青山学院大学体育会水泳部の2026年度新歓公式アカウントと明記。本体アカウントへのリンクを確認,https://www.instagram.com/agust_shinkan2026/,A,2026-08-17,unknown,not_checked,,2026-08-17にInstagram公開プロフィールを手動確認。新歓運用アカウント
esperanzaaoyama,https://www.instagram.com/esperanzaaoyama/,青山学院大学 Esperanza 2026,699,699,circle_official,public,profile_explicit,hub_followers,aogaku_tv,自己紹介に青山学院大学のサッカー・フットサルサークルと明記,https://www.instagram.com/esperanzaaoyama/,A,2026-08-17,unknown,not_checked,,青学TVの公開フォロー中一覧から確認。公認表記はプロフィール本文で未確認
leone_agu,https://www.instagram.com/leone_agu/,LEONEスポーツ愛好会,1228,1228,circle_official,public,profile_explicit,hub_followers,aogaku_tv,自己紹介に青山学院大学公認オールラウンドサークルと明記,https://www.instagram.com/leone_agu/,A,2026-08-17,unknown,not_checked,,青学TVの公開フォロー中一覧から確認
aorock_official,https://www.instagram.com/aorock_official/,軽音楽振興愛好会（ARF）,868,868,circle_official,public,profile_explicit,hub_followers,aogaku_tv,自己紹介に青学の音楽系広報企画団体と明記,https://www.instagram.com/aorock_official/,A,2026-08-17,unknown,not_checked,,青学TVの公開フォロー中一覧から確認。公認表記はプロフィール本文で未確認
salvatore_aoyama,https://www.instagram.com/salvatore_aoyama/,青山学院大学 SALVATORE サッカー愛好会,692,692,circle_official,public,profile_explicit,hub_followers,aogaku_tv,表示名と自己紹介に青学公認サッカーサークルと明記,https://www.instagram.com/salvatore_aoyama/,A,2026-08-17,unknown,not_checked,,青学TVの公開フォロー中一覧から確認
aoyamafes,https://www.instagram.com/aoyamafes/,青山祭 -Balloon-,7292,7292,event,public,profile_explicit,hub_followers,aogaku_tv,自己紹介に青山学院大学青山祭公式アカウントと明記,https://www.instagram.com/aoyamafes/,A,2026-08-17,unknown,not_checked,,青学TVの公開フォロー中一覧から確認
agu_harpseal,https://www.instagram.com/agu_harpseal/,青山学院大学ダイビングサークル HARPSEAL,1215,1215,circle_official,public,profile_explicit,hub_followers,aogaku_tv,表示名と自己紹介に青山学院大学スキューバダイビングサークルと明記,https://www.instagram.com/agu_harpseal/,A,2026-08-17,unknown,not_checked,,青学TVの公開フォロー中一覧から確認
agufleet_03,https://www.instagram.com/agufleet_03/,青山学院大学 ウィンドサーフィンチームFLEET,692,692,circle_official,public,profile_explicit,hub_followers,aogaku_tv,表示名と自己紹介に青山学院大学サークルと明記,https://www.instagram.com/agufleet_03/,A,2026-08-17,unknown,not_checked,,青学TVの公開フォロー中一覧から確認
aguensemble,https://www.instagram.com/aguensemble/,Moderato吹奏楽愛好会,150,150,circle_official,public,profile_explicit,hub_followers,aogaku_tv,自己紹介に青学公認吹奏楽愛好会と明記,https://www.instagram.com/aguensemble/,A,2026-08-17,unknown,not_checked,,青学TVの公開フォロー中一覧から確認
agu_all_volleys,https://www.instagram.com/agu_all_volleys/,All Volley's 愛好会,1043,1043,circle_official,public,profile_explicit,hub_followers,aogaku_tv,自己紹介に青学の男女混合バレーボールサークルと明記,https://www.instagram.com/agu_all_volleys/,A,2026-08-17,unknown,not_checked,,青学TVの公開フォロー中一覧から確認。公認表記はプロフィール本文で未確認
espoir_agu,https://www.instagram.com/espoir_agu/,espoir_agu,963,963,other,public,hub_follower,hub_followers,aogaku_tv,青学TVの公開フォロー中一覧で確認した公開プロフィールだが青学表記は本文で未確認,https://www.instagram.com/aogaku_tv/,B,2026-08-17,unknown,not_checked,,プロフィール本文の青学表記がないためB。初回DM対象外候補
rubberaoyama_forfreshers,https://www.instagram.com/rubberaoyama_forfreshers/,青山学院大学体育会軟式野球部 【新歓アカウント2026】,310,310,circle_official,public,profile_explicit,hub_followers,aogaku_tv,表示名と自己紹介に青山学院大学体育会軟式野球部と明記,https://www.instagram.com/rubberaoyama_forfreshers/,A,2026-08-17,unknown,not_checked,,青学TVの公開フォロー中一覧から確認
squash_agu,https://www.instagram.com/squash_agu/,青山学院大学スカッシュラケット愛好会,1030,1030,circle_official,public,profile_explicit,hub_followers,aogaku_tv,表示名と自己紹介に青山学院大学スカッシュサークル公式アカウントと明記,https://www.instagram.com/squash_agu/,A,2026-08-17,unknown,not_checked,,青学TVの公開フォロー中一覧から確認
agu_railways,https://www.instagram.com/agu_railways/,青山学院大学鉄道同好会,489,489,circle_official,public,profile_explicit,hub_followers,aogaku_tv,表示名と自己紹介に青山学院大学公認サークル鉄道同好会と明記,https://www.instagram.com/agu_railways/,A,2026-08-17,unknown,not_checked,,青学TVの公開フォロー中一覧から確認
agugh_chorus,https://www.instagram.com/agugh_chorus/,青山学院大学グリーンハーモニー合唱団(GH),1184,1184,circle_official,public,profile_explicit,hub_followers,aogaku_tv,表示名と自己紹介に青山学院大学公認の混声合唱団と明記,https://www.instagram.com/agugh_chorus/,A,2026-08-17,unknown,not_checked,,青学TVの公開フォロー中一覧から確認
aoriofficial,https://www.instagram.com/aoriofficial/,青山学院大学理工サッカー部,846,846,circle_official,public,profile_explicit,hub_followers,aogaku_tv,表示名と自己紹介に青山学院大学理工サッカー部と明記,https://www.instagram.com/aoriofficial/,A,2026-08-17,unknown,not_checked,,青学TVの公開フォロー中一覧から確認
fcblumonte,https://www.instagram.com/fcblumonte/,青山学院大学公認サッカーサークルFC Blumonte,1316,1316,circle_official,public,profile_explicit,hub_followers,aogaku_tv,表示名とプロフィールに青山学院大学公認サッカーサークルと明記,https://www.instagram.com/fcblumonte/,A,2026-08-17,unknown,not_checked,,青学TVの公開フォロー中一覧から確認
aoyama.nohgaku,https://www.instagram.com/aoyama.nohgaku/,青山能楽愛好会,493,493,circle_official,public,profile_explicit,hub_followers,aogaku_tv,自己紹介に青山学院大学公認の能楽サークルと明記,https://www.instagram.com/aoyama.nohgaku/,A,2026-08-17,unknown,not_checked,,青学TVの公開フォロー中一覧から確認
agu_milfolha,https://www.instagram.com/agu_milfolha/,青山学院大学 milfolha,1366,1366,circle_official,public,profile_explicit,hub_followers,aogaku_tv,表示名と自己紹介に青山学院大学公認フットサルサークルと明記,https://www.instagram.com/agu_milfolha/,A,2026-08-17,unknown,not_checked,,青学TVの公開フォロー中一覧から確認
aoyamabs,https://www.instagram.com/aoyamabs/,青山学院大学 放送研究部(ABS),586,586,circle_official,public,profile_explicit,hub_followers,aogaku_tv,表示名と自己紹介に青山学院大学放送研究部公式アカウントと明記,https://www.instagram.com/aoyamabs/,A,2026-08-17,unknown,not_checked,,青学TVの公開フォロー中一覧から確認
joker_aoyama,https://www.instagram.com/joker_aoyama/,青山学院大学JOKER【ジョーカー】,1285,1285,circle_official,public,profile_explicit,hub_followers,aogaku_tv,表示名と自己紹介に青学バスケサークルJOKERと明記,https://www.instagram.com/joker_aoyama/,A,2026-08-17,unknown,not_checked,,青学TVの公開フォロー中一覧から確認
aogaku_hiking,https://www.instagram.com/aogaku_hiking/,青山学院大学体育会ハイキング部,1008,1008,circle_official,public,profile_explicit,hub_followers,aogaku_tv,表示名と自己紹介に青山学院大学体育会ハイキング部公式アカウントと明記,https://www.instagram.com/aogaku_hiking/,A,2026-08-17,unknown,not_checked,,青学TVの公開フォロー中一覧から確認
agu_bken,https://www.instagram.com/agu_bken/,青山学院大学 ビートルズ訳詞研究会,557,557,circle_official,public,profile_explicit,hub_followers,aogaku_tv,表示名と自己紹介に青山学院大学公認の軽音団体と明記,https://www.instagram.com/agu_bken/,A,2026-08-17,unknown,not_checked,,青学TVの公開フォロー中一覧から確認
aoyama_cairns,https://www.instagram.com/aoyama_cairns/,青山学院大学CAIRNSスキューバダイビング愛好会,361,361,circle_official,public,profile_explicit,hub_followers,aogaku_tv,表示名と自己紹介に青山学院大学公認スキューバダイビングサークルと明記,https://www.instagram.com/aoyama_cairns/,A,2026-08-17,unknown,not_checked,,プロフィール本文で新アカウントへの移行告知を確認。旧アカウントのためDM対象外
agu_guitarensemble,https://www.instagram.com/agu_guitarensemble/,青山学院大学ギターアンサンブル部【公式】,467,467,circle_official,public,profile_explicit,hub_followers,aogaku_tv,表示名と自己紹介に青山学院大学公認の部活と明記,https://www.instagram.com/agu_guitarensemble/,A,2026-08-17,unknown,not_checked,,青学TVの公開フォロー中一覧から確認
haga.seminar,https://www.instagram.com/haga.seminar/,青山学院大学 芳賀ゼミナール,475,475,other,public,profile_explicit,hub_followers,agu_info,表示名と自己紹介に青山学院大学経営学部の芳賀ゼミナールと明記,https://www.instagram.com/haga.seminar/,A,2026-08-17,unknown,not_checked,,青学情報局の公開フォロー中一覧から確認
agu_itftaekwondo,https://www.instagram.com/agu_itftaekwondo/,青山学院大学ITFテコンドー愛好会,401,401,circle_official,public,profile_explicit,hub_followers,agu_info,表示名に青山学院大学ITFテコンドー愛好会と明記。大学公認サークルの自己紹介あり,https://www.instagram.com/agu_itftaekwondo/,A,2026-08-17,unknown,not_checked,,青学情報局の公開フォロー中一覧から確認
aile__community,https://www.instagram.com/aile__community/,aileバドミントン愛好会,391,391,circle_official,public,profile_explicit,hub_followers,agu_info,自己紹介に青山学院大学公認サークルaileバドミントン愛好会と明記,https://www.instagram.com/aile__community/,A,2026-08-17,unknown,not_checked,,青学情報局の公開フォロー中一覧から確認
_.shu.18,https://www.instagram.com/_.shu.18/,shuta.david,929,929,individual,public,hub_follower,hub_followers,agu_info,青学情報局の公開フォロー中一覧で確認した公開プロフィール。プロフィール本文に青学表記はなく関係はハブ経由のみ,https://www.instagram.com/agu_info/,B,2026-08-17,unknown,not_checked,,個人アカウント。年齢・サービス対象可否は推測せず初回DM対象外
sayo_shimokado,https://www.instagram.com/sayo_shimokado/,下角紗世 Sayo Shimokado,5288,5288,individual,public,ambiguous_context,hub_followers,agu_info,自己紹介にMiss Aoyama2024とあるが青山学院大学の明記はなく関係は断定不可,https://www.instagram.com/agu_info/,C,2026-08-17,unknown,not_checked,,個人アカウント。青山ミスコン由来の曖昧信号として記録。年齢・サービス対象可否は推測せずDM対象外
utana_0730,https://www.instagram.com/utana_0730/,𝑈𝑡𝑎𝑛𝑎,3166,3166,individual,public,ambiguous_context,hub_followers,agu_info,自己紹介はMiss University 2024等で青山学院大学の明記はなく関係は断定不可,https://www.instagram.com/agu_info/,C,2026-08-17,unknown,not_checked,,個人アカウント。青学との関係が確認できない曖昧信号として記録。年齢・サービス対象可否は推測せずDM対象外
sunrise_agu,https://www.instagram.com/sunrise_agu/,青山学院大学 朝活サークル sunrise （サンライズ）,521,521,circle_official,public,profile_explicit,hub_followers,agu_info,表示名と自己紹介に青学の朝活サークルと明記,https://www.instagram.com/sunrise_agu/,A,2026-08-17,unknown,not_checked,,青学情報局の公開フォロー中一覧から確認
aoyama_agm_golf,https://www.instagram.com/aoyama_agm_golf/,青山学院大学AGMゴルフ愛好会,184,184,circle_official,public,profile_explicit,hub_followers,agu_info,表示名と自己紹介に青学公認ゴルフサークルと明記,https://www.instagram.com/aoyama_agm_golf/,A,2026-08-17,unknown,not_checked,,青学情報局の公開フォロー中一覧から確認
elle_agu_tennis,https://www.instagram.com/elle_agu_tennis/,ELLEテニスチーム愛好会2026,131,131,circle_official,public,hub_follower,hub_followers,agu_info,青学情報局の公開フォロー中一覧で確認した公開サークルアカウント。プロフィールに青学表記はないためハブ経由のB判定,https://www.instagram.com/agu_info/,B,2026-08-17,unknown,not_checked,,プロフィールに青学表記がなく投稿も未確認のため初回DM対象外
tabinori_agu,https://www.instagram.com/tabinori_agu/,たびのり,77,77,circle_official,public,profile_explicit,hub_followers,agu_info,自己紹介に青山学院大学相模原キャンパス付近で活動する旅サークルと明記。青学関連アカウントによるタグ付け投稿も確認,https://www.instagram.com/tabinori_agu/,A,2026-08-17,unknown,not_checked,,青学情報局の公開フォロー中一覧から確認
ethnique_agu,https://www.instagram.com/ethnique_agu/,ETHNIQUE（エスニック）,154,154,circle_official,public,profile_explicit,hub_followers,agu_info,自己紹介に青山学院大学エスニック料理愛好会と明記,https://www.instagram.com/ethnique_agu/,A,2026-08-17,unknown,not_checked,,青学情報局の公開フォロー中一覧から確認
agu_fwa_official,https://www.instagram.com/agu_fwa_official/,F.W.A.（FreeWalkerAoyama）,1340,1340,student_media,public,profile_explicit,hub_followers,agu_info,自己紹介に青山学院大学公認フリーペーパーF.W.A.編集部と明記,https://www.instagram.com/agu_fwa_official/,A,2026-08-17,unknown,not_checked,,青学情報局の公開フォロー中一覧から確認
agu_neuer_baseball,https://www.instagram.com/agu_neuer_baseball/,青山学院大学 Neuer軟式野球愛好会,54,54,circle_official,public,profile_explicit,hub_followers,agu_info,表示名と自己紹介に青学公認Neuer軟式野球愛好会と明記,https://www.instagram.com/agu_neuer_baseball/,A,2026-08-17,unknown,not_checked,,青学情報局の公開フォロー中一覧から確認。投稿は旧年のものが中心
agu_tap,https://www.instagram.com/agu_tap/,青山学院大学公認タップダンス愛好会 Belle Son,194,194,circle_official,public,profile_explicit,hub_followers,agu_info,表示名と自己紹介に青山学院大学公認のタップダンスサークルと明記,https://www.instagram.com/agu_tap/,A,2026-08-17,unknown,not_checked,,青学情報局の公開フォロー中一覧から確認
agukobiken,https://www.instagram.com/agukobiken/,青山学院大学古美術研究会,48,48,circle_official,public,profile_explicit,hub_followers,agu_info,表示名と自己紹介に青山学院大学文化連合所属の古美術研究会と明記,https://www.instagram.com/agukobiken/,A,2026-08-17,unknown,not_checked,,青学情報局の公開フォロー中一覧から確認。最終投稿が2020年のため活動状況を別途確認
pumpkintennis_agu,https://www.instagram.com/pumpkintennis_agu/,青山学院大学パンプキンテニス愛好会,184,184,circle_official,public,profile_explicit,hub_followers,agu_info,表示名と自己紹介に青山学院大学パンプキンテニス愛好会と明記。青学生を募集する記載も確認,https://www.instagram.com/pumpkintennis_agu/,A,2026-08-17,unknown,not_checked,,青学情報局の公開フォロー中一覧から確認。最新投稿時期は別途確認
agu_iwaiseminar,https://www.instagram.com/agu_iwaiseminar/,青山学院大学 岩井ゼミ,122,122,other,public,profile_explicit,hub_followers,agu_info,表示名と自己紹介に青山学院大学国際政治経済学部岩井ゼミと明記,https://www.instagram.com/agu_iwaiseminar/,A,2026-08-17,unknown,not_checked,,青学情報局の公開フォロー中一覧から確認。プロフィール上の活動案内が旧年のため現状を別途確認
aguminton,https://www.instagram.com/aguminton/,青山学院大学 バドミントン愛好会,824,824,circle_official,public,profile_explicit,hub_followers,agu_info,青学公認サークルで青山学院大学バドミントン愛好会と明記。2026新歓ハイライトも確認,https://www.instagram.com/aguminton/,A,2026-08-17,unknown,not_checked,,青学情報局の公開フォロー中一覧から確認
agubookstore,https://www.instagram.com/agubookstore/,AGU Book Store,173,173,other,public,profile_explicit,hub_followers,agu_info,自己紹介に青山学院大学1号館1階の書店と明記,https://www.instagram.com/agubookstore/,A,2026-08-17,unknown,not_checked,,青学情報局の公開フォロー中一覧から確認。学生団体ではなく大学関連店舗
muna_agu,https://www.instagram.com/muna_agu/,青山学院大学模擬国連愛好会【MUNA】,254,254,circle_official,public,profile_explicit,hub_followers,agu_info,自己紹介に青山学院大学公認団体サークルの模擬国連愛好会MUNAと明記,https://www.instagram.com/muna_agu/,A,2026-08-17,unknown,not_checked,,青学情報局の公開フォロー中一覧から確認。プロフィール上の最新年度表記は要確認
osanpo_agu,https://www.instagram.com/osanpo_agu/,青学おさんぽ愛好会,97,97,circle_official,public,profile_explicit,hub_followers,agu_info,自己紹介に青学のおさんぽ愛好会と活動内容を明記,https://www.instagram.com/osanpo_agu/,A,2026-08-17,unknown,not_checked,,青学情報局の公開フォロー中一覧から確認。最新活動時期は別途確認
agu_flower2024,https://www.instagram.com/agu_flower2024/,青山学院大学華道部,96,96,circle_official,public,profile_explicit,hub_followers,agu_info,表示名に青山学院大学華道部と明記。自己紹介に2026年度も同じアカウントを使用する旨と青学タグを確認,https://www.instagram.com/agu_flower2024/,A,2026-08-17,unknown,not_checked,,青学情報局の公開フォロー中一覧から確認
agu_soccergirl,https://www.instagram.com/agu_soccergirl/,青山学院大学女子サッカーサークル,130,130,circle_official,public,profile_explicit,hub_followers,agu_info,自己紹介に今年創設の青山学院大学初女子サッカーサークルと明記,https://www.instagram.com/agu_soccergirl/,A,2026-08-17,unknown,not_checked,,青学情報局の公開フォロー中一覧から確認
agu_asff,https://www.instagram.com/agu_asff/,青山ショートフィルムフェスティバル,166,166,event,public,profile_explicit,hub_followers,agu_info,自己紹介に青山学院大学国際政治経済学部岩井ゼミ主催の学生映画祭と明記,https://www.instagram.com/agu_asff/,A,2026-08-17,unknown,not_checked,,青学情報局の公開フォロー中一覧から確認。青山祭2023の表記があり活動年度は旧い可能性
sauna._.agu,https://www.instagram.com/sauna._.agu/,青山学院大学サウナ部 職業サウナー。,133,133,circle_official,public,profile_explicit,hub_followers,agu_info,自己紹介に青学のサウナサークルと入サー案内を明記,https://www.instagram.com/sauna._.agu/,A,2026-08-17,unknown,not_checked,,青学情報局の公開フォロー中一覧から確認。青学以外の学生も募集する旨あり
squash_agu2024,https://www.instagram.com/squash_agu2024/,青山学院大学スカッシュラケット愛好会 新歓2024,280,280,event,public,profile_explicit,hub_followers,agu_info,表示名と自己紹介に青山学院大学公認スカッシュラケット愛好会の2024新歓アカウントと明記,https://www.instagram.com/squash_agu2024/,A,2026-08-17,unknown,not_checked,,青学情報局の公開フォロー中一覧から確認。2024新歓アカウントのため初回DM対象外
agu_camping,https://www.instagram.com/agu_camping/,青山学院大学キャンプ愛好会（CEA）,174,174,circle_official,public,profile_explicit,hub_followers,agu_info,自己紹介に青学公認キャンプサークルであることと青学生参加案内を明記。2026年度ハイライトも確認,https://www.instagram.com/agu_camping/,A,2026-08-17,unknown,not_checked,,青学情報局の公開フォロー中一覧から確認
aoyama_teaclub,https://www.instagram.com/aoyama_teaclub/,青山学院大学茶道部公式インスタグラム,128,128,circle_official,public,profile_explicit,hub_followers,aogaku_tv,表示名に青山学院大学茶道部公式インスタグラムと明記,https://www.instagram.com/aoyama_teaclub/,A,2026-08-17,unknown,not_checked,,青学TVの公開フォロー中一覧から確認。最終投稿が2017年のため活動終了または移行の可能性あり
aoyamafilmate,https://www.instagram.com/aoyamafilmate/,Aoyama Filmate 2020,184,184,event,public,ambiguous_context,hub_followers,aogaku_tv,表示名にAoyamaと学生映画祭の説明があるが青山学院大学の明記はなく青学TVのフォロー経由の曖昧信号,https://www.instagram.com/aogaku_tv/,C,2026-08-17,unknown,not_checked,,青学との関係は断定不可。2020表記の旧イベントアカウントのため初回DM対象外
ajs_officialgram,https://www.instagram.com/ajs_officialgram/,AJS - Aoyama Jam Session -,767,767,circle_official,public,profile_explicit,hub_followers,aogaku.magazine,自己紹介に青山学院大学文化部連合公認の青山ジャムセッションAJS公式アカウントと明記。2026新歓ハイライトも確認,https://www.instagram.com/ajs_officialgram/,A,2026-08-17,unknown,not_checked,,青学マガジンの公開フォロー中一覧から確認
aoyama.__yu_,https://www.instagram.com/aoyama.__yu_/,ゆー,254,254,individual,public,hub_follower,hub_followers,aogaku.magazine,公開プロフィールの自己紹介に青学生と明記。青学マガジンの公開フォロー中一覧で確認したが大学名の明記はないためB判定,https://www.instagram.com/aogaku.magazine/,B,2026-08-17,unknown,not_checked,,個人アカウント。年齢やサービス対象可否は推測せず初回DM対象外
kanannan_245,https://www.instagram.com/kanannan_245/,Kanan,828,828,individual,public,profile_explicit,hub_followers,aogaku.magazine,自己紹介にAGUとsccsを明記。青学マガジンの公開フォロー中一覧で確認,https://www.instagram.com/kanannan_245/,A,2026-08-17,unknown,not_checked,,個人アカウント。年齢やサービス対象可否は推測せず初回DM対象外
rita_suzu,https://www.instagram.com/rita_suzu/,すずきりた,850,850,individual,public,profile_explicit,hub_followers,aogaku.magazine,自己紹介にagu sipecと明記。青学マガジンの公開フォロー中一覧で確認,https://www.instagram.com/rita_suzu/,A,2026-08-17,unknown,not_checked,,個人アカウント。年齢情報は収集・記録せずサービス対象可否は不明のため初回DM対象外
ajino_hiraki_j,https://www.instagram.com/ajino_hiraki_j/,𝓢𝓾𝔃𝓾𝓴𝓪,338,338,individual,public,profile_explicit,hub_followers,aogaku.magazine,自己紹介にagu lawと明記。青学マガジンの公開フォロー中一覧で確認,https://www.instagram.com/ajino_hiraki_j/,A,2026-08-17,unknown,not_checked,,個人アカウント。年齢情報は収集・記録せずサービス対象可否は不明のため初回DM対象外
parkjack.dd,https://www.instagram.com/parkjack.dd/,青学 ParkJack ダブルダッチ愛好会,845,845,circle_official,public,profile_explicit,hub_followers,aogaku.magazine,自己紹介に青山学院大学公認ダブルダッチサークルParkJackと明記。2026新歓ハイライトも確認,https://www.instagram.com/parkjack.dd/,A,2026-08-17,unknown,not_checked,,青学マガジンの公開フォロー中一覧から確認
aogaku_poker_reraise_2025,https://www.instagram.com/aogaku_poker_reraise_2025/,青学ポーカーサークル リレイズ,508,508,circle_official,public,profile_explicit,hub_followers,aogaku.magazine,表示名と自己紹介に青学のインカレポーカーサークルと明記,https://www.instagram.com/aogaku_poker_reraise_2025/,A,2026-08-17,unknown,not_checked,,青学マガジンの公開フォロー中一覧から確認。2025表記の旧アカウントかは要確認
aogaku_archery,https://www.instagram.com/aogaku_archery/,青山学院大学体育会アーチェリー部 公式,904,904,circle_official,public,profile_explicit,hub_followers,aogaku.magazine,表示名に青山学院大学体育会アーチェリー部と明記。2026年度の新歓・試合ハイライトを確認,https://www.instagram.com/aogaku_archery/,A,2026-08-17,unknown,not_checked,,青学マガジンの公開フォロー中一覧から確認
aogakuspochan,https://www.instagram.com/aogakuspochan/,青山学院大学スポーツチャンバラサークル修刀会,398,398,circle_official,public,profile_explicit,hub_followers,aogaku.magazine,自己紹介に青山学院大学スポーツチャンバラサークルと明記。青学・AGUタグと投稿も確認,https://www.instagram.com/aogakuspochan/,A,2026-08-17,unknown,not_checked,,青学マガジンの公開フォロー中一覧から確認
aoyama_drama,https://www.instagram.com/aoyama_drama/,青学ドラマ愛好会（非公認サークル）,71,71,circle_official,public,profile_explicit,hub_followers,agu_info,表示名と自己紹介に青学ドラマ愛好会と明記。活動終了の告知を確認,https://www.instagram.com/aoyama_drama/,A,2026-08-17,unknown,not_checked,,青学情報局の公開フォロー中一覧から確認。活動終了済みのためDM対象外
aogaku_jinrou,https://www.instagram.com/aogaku_jinrou/,青学人狼サークル wolf,43,43,circle_official,public,profile_explicit,hub_followers,agu_info,自己紹介に青学人狼サークルで青学生を募集する旨と青山学院大学構内で活動予定と明記,https://www.instagram.com/aogaku_jinrou/,A,2026-08-17,unknown,not_checked,,青学情報局の公開フォロー中一覧から確認。プロフィールの活動予定年が旧いため現状を別途確認
agu_nadayama.seminar,https://www.instagram.com/agu_nadayama.seminar/,灘山ゼミナール,213,213,other,public,profile_explicit,hub_followers,agu_info,自己紹介に青山学院大学経営学部灘山ゼミ公式アカウントと明記。2025年の投稿も確認,https://www.instagram.com/agu_nadayama.seminar/,A,2026-08-17,unknown,not_checked,,青学情報局の公開フォロー中一覧から確認
agu_matsuo_seminar,https://www.instagram.com/agu_matsuo_seminar/,松尾ゼミナール2025,186,186,other,public,profile_explicit,hub_followers,agu_info,自己紹介に青山学院大学経営学部松尾睦ゼミと明記,https://www.instagram.com/agu_matsuo_seminar/,A,2026-08-17,unknown,not_checked,,青学情報局の公開フォロー中一覧から確認。2025年ゼミ情報のため現状を別途確認
seozemi.agu,https://www.instagram.com/seozemi.agu/,瀬尾ゼミ,51,51,other,public,profile_explicit,hub_followers,agu_info,自己紹介に青山学院大学国際経済学科の環境経済リスク学ゼミと明記,https://www.instagram.com/seozemi.agu/,A,2026-08-17,unknown,not_checked,,青学情報局の公開フォロー中一覧から確認。投稿は未掲載のため活動状況を別途確認
agu_yanai,https://www.instagram.com/agu_yanai/,矢内一利ゼミナール【公式】,61,61,other,public,profile_explicit,hub_followers,agu_info,自己紹介に青山学院大学経営学部の矢内ゼミナールと明記。青山学院大学内の投稿位置情報も確認,https://www.instagram.com/agu_yanai/,A,2026-08-17,unknown,not_checked,,青学情報局の公開フォロー中一覧から確認
eme_agu_2025,https://www.instagram.com/eme_agu_2025/,EME,47,47,circle_official,public,profile_explicit,hub_followers,agu_info,自己紹介に青山学院大学非公認オールラウンドサークルと明記。青山学院・青学タグも確認,https://www.instagram.com/eme_agu_2025/,A,2026-08-17,unknown,not_checked,,青学情報局の公開フォロー中一覧から確認。2025年投稿のため活動状況を別途確認
sumiyoshi_zemi_agu,https://www.instagram.com/sumiyoshi_zemi_agu/,青山学院大学 住吉ゼミ,74,74,other,public,profile_explicit,hub_followers,agu_info,表示名と自己紹介に青山学院大学法学部住吉ゼミナールと明記。青山学院大学の位置情報投稿も確認,https://www.instagram.com/sumiyoshi_zemi_agu/,A,2026-08-17,unknown,not_checked,,青学情報局の公開フォロー中一覧から確認。2024表記のため現状を別途確認
agu_itcircle,https://www.instagram.com/agu_itcircle/,青学ITサークル,19,19,circle_official,public,profile_explicit,hub_followers,agu_info,自己紹介に2025年度新設の青学ITサークルと活動予定を明記。青学タグも確認,https://www.instagram.com/agu_itcircle/,A,2026-08-17,unknown,not_checked,,青学情報局の公開フォロー中一覧から確認。投稿未掲載のため活動状況を別途確認
urc_agu_info,https://www.instagram.com/urc_agu_info/,青山学院大学 URC United Rhythm Carriers,219,219,circle_official,public,profile_explicit,hub_followers,agu_info,自己紹介に青山学院大学所属部会のUnited Rhythm Carriersと明記。2026年春ライブのハイライトも確認,https://www.instagram.com/urc_agu_info/,A,2026-08-17,unknown,not_checked,,青学情報局の公開フォロー中一覧から確認
yosshi_psycho_agu,https://www.instagram.com/yosshi_psycho_agu/,はらちゃん,297,297,individual,public,hub_follower,hub_followers,agu_info,公開プロフィールに教育人間科学部心理学科とAJS等の青学関連団体名があるが青山学院大学の明記はないためB判定,https://www.instagram.com/agu_info/,B,2026-08-17,unknown,not_checked,,個人アカウント。年齢情報は収集・記録せずサービス対象可否は不明のため初回DM対象外
tsuchihashi.seminar,https://www.instagram.com/tsuchihashi.seminar/,土橋ゼミナール,436,436,other,public,profile_explicit,hub_followers,agu_info,自己紹介に青山学院大学経営学部土橋ゼミナールと明記。オープンゼミのハイライトも確認,https://www.instagram.com/tsuchihashi.seminar/,A,2026-08-17,unknown,not_checked,,青学情報局の公開フォロー中一覧から確認
_azuma_zemi_,https://www.instagram.com/_azuma_zemi_/,東伸一ゼミ,149,149,other,public,profile_explicit,hub_followers,agu_info,自己紹介に青山学院大学経営学部東ゼミと明記。青山祭2025のハイライトと投稿を確認,https://www.instagram.com/_azuma_zemi_/,A,2026-08-17,unknown,not_checked,,青学情報局の公開フォロー中一覧から確認
aoyama_ikuozemi,https://www.instagram.com/aoyama_ikuozemi/,髙橋郁夫ゼミ Takahashi seminar,176,176,other,public,profile_explicit,hub_followers,agu_info,自己紹介に青山学院大学経営学部と明記。ゼミ紹介ページへのリンクも確認,https://www.instagram.com/aoyama_ikuozemi/,A,2026-08-17,unknown,not_checked,,青学情報局の公開フォロー中一覧から確認。ハイライトが2024年度表記のため現状を別途確認
apdc_official,https://www.instagram.com/apdc_official/,青山学院大学 森島ゼミ【APDC】,207,207,other,public,profile_explicit,hub_followers,agu_info,表示名に青山学院大学森島ゼミと明記。自己紹介に青学生向けプロジェクトセンターと明記,https://www.instagram.com/apdc_official/,A,2026-08-17,unknown,not_checked,,青学情報局の公開フォロー中一覧から確認
fujisawa_seminar,https://www.instagram.com/fujisawa_seminar/,藤澤ゼミナール,44,44,other,public,profile_explicit,hub_followers,agu_info,自己紹介に青山学院大学経営学部と明記。2025年のゼミ投稿を確認,https://www.instagram.com/fujisawa_seminar/,A,2026-08-17,unknown,not_checked,,青学情報局の公開フォロー中一覧から確認。最新活動時期は別途確認
agu_vken,https://www.instagram.com/agu_vken/,青学V研,160,160,circle_official,public,profile_explicit,hub_followers,agu_info,自己紹介に青山学院大学VTuber研究会公式アカウントと公認サークルである旨を明記,https://www.instagram.com/agu_vken/,A,2026-08-17,unknown,not_checked,,青学情報局の公開フォロー中一覧から個別確認
thuban.db,https://www.instagram.com/thuban.db/,青山学院大学THUBANドラゴンボートサークル,127,127,circle_official,public,profile_explicit,hub_followers,aogaku_tv,表示名に青山学院大学THUBANドラゴンボートサークルと明記。公開プロフィールを確認,https://www.instagram.com/thuban.db/,A,2026-08-17,unknown,not_checked,,投稿が2021年中心のため活動状況は要確認
urc__records,https://www.instagram.com/urc__records/,青山学院大学 URC【活動記録】,927,927,other,public,profile_explicit,hub_followers,aogaku_tv,表示名に青山学院大学URCと明記。青山連合会所属団体の活動記録アカウントで現行連絡先も案内,https://www.instagram.com/urc__records/,A,2026-08-17,unknown,not_checked,,活動記録・アーカイブ用のため現行アカウントを優先確認
agubadminton,https://www.instagram.com/agubadminton/,青山学院大学バドミントン部,253,253,circle_official,public,profile_explicit,hub_followers,aogaku_tv,表示名に青山学院大学バドミントン部と明記。公開プロフィールで公式移転先を案内,https://www.instagram.com/agubadminton/,A,2026-08-17,unknown,not_checked,,移転案内済みの旧アカウント
sakusakuagu,https://www.instagram.com/sakusakuagu/,青山学院大学作詞作曲愛好会,52,52,circle_official,public,profile_explicit,hub_followers,aogaku_tv,表示名と自己紹介に青山学院大学の作詞作曲愛好会である旨を明記,https://www.instagram.com/sakusakuagu/,A,2026-08-17,unknown,not_checked,,投稿が少なく活動状況は要確認
letstennis40th,https://www.instagram.com/letstennis40th/,【青山学院大学レッツテニス愛好会】▶️lets41st,178,178,circle_official,public,profile_explicit,hub_followers,aogaku_tv,表示名に青山学院大学レッツテニス愛好会と明記。最新アカウントへの移行案内を確認,https://www.instagram.com/letstennis40th/,A,2026-08-17,unknown,not_checked,,旧年度アカウントのため最新アカウントを優先確認
aoyama_sado,https://www.instagram.com/aoyama_sado/,青山学院大学茶道部（青学茶道部）,355,355,circle_official,public,profile_explicit,hub_followers,agu_info,表示名に青山学院大学茶道部と明記。青山キャンパスでの活動と2026年度新歓案内を確認,https://www.instagram.com/aoyama_sado/,A,2026-08-17,unknown,not_checked,,青学情報局の公開フォロー中一覧から個別確認
aomeshi_rice,https://www.instagram.com/aomeshi_rice/,青山炊飯文化研究会,232,232,circle_official,public,hub_follower,hub_followers,agu_info,プロフィールに青学明記はないが投稿の位置情報に青山学院大学を確認,https://www.instagram.com/aomeshi_rice/,B,2026-08-17,unknown,not_checked,,プロフィール明記なし。2023年投稿中心のため関係・活動状況を要確認
adagio_art2026,https://www.instagram.com/adagio_art2026/,学生団体adagio｜アダージョ,200,200,other,public,hub_follower,hub_followers,agu_info,公開プロフィールは学生団体・アート活動を示すが青学明記はなく青学情報局の公開フォロー中一覧との関係で候補化,https://www.instagram.com/adagio_art2026/,B,2026-08-17,unknown,not_checked,,青学関連の直接根拠が弱いため初回DM対象外候補
aoyama_cycling2022,https://www.instagram.com/aoyama_cycling2022/,青山学院大学サイクリングクラブ,42,42,circle_official,public,profile_explicit,hub_followers,agu_info,表示名に青山学院大学サイクリングクラブと明記。活動案内を確認,https://www.instagram.com/aoyama_cycling2022/,A,2026-08-17,unknown,not_checked,,投稿がなく活動状況は要確認
aoyama_deutsch,https://www.instagram.com/aoyama_deutsch/,青山学院 ドイツ愛好家,112,112,circle_official,public,profile_explicit,hub_followers,agu_info,表示名に青山学院ドイツ愛好家と明記。公開プロフィールを確認,https://www.instagram.com/aoyama_deutsch/,A,2026-08-17,unknown,not_checked,,2023-24年度の案内中心のため現状を要確認
aoyamahamburg,https://www.instagram.com/aoyamahamburg/,青山ハンバーグ愛好会,63,63,circle_official,public,profile_explicit,hub_followers,agu_info,自己紹介に青山学院大学の愛好会である旨を明記,https://www.instagram.com/aoyamahamburg/,A,2026-08-17,unknown,not_checked,,青学情報局の公開フォロー中一覧から個別確認
aoyama_mr4__2025,https://www.instagram.com/aoyama_mr4__2025/,かっきー,515,515,individual,public,hub_follower,hub_followers,agu_info,Miss Aoyama 2025ファイナリストの公開プロフィールを青学関連ハブの一覧から確認,https://www.instagram.com/aoyama_mr4__2025/,B,2026-08-17,unknown,not_checked,,個人アカウント。年齢情報は収集・記録せずサービス対象可否は不明のため初回DM対象外
ethical_aoyama,https://www.instagram.com/ethical_aoyama/,エシカル青山,245,245,other,public,profile_explicit,hub_followers,agu_info,自己紹介に青学生が運営している旨を明記,https://www.instagram.com/ethical_aoyama/,A,2026-08-17,unknown,not_checked,,青学公式・公認を示す表現は付していない
yamashita_zemi_aoyama,https://www.instagram.com/yamashita_zemi_aoyama/,山下ゼミ,48,48,other,public,profile_explicit,hub_followers,agu_info,自己紹介に青山学院大学の山下ゼミである旨を明記,https://www.instagram.com/yamashita_zemi_aoyama/,A,2026-08-17,unknown,not_checked,,青学情報局の公開フォロー中一覧から個別確認
adl_46th,https://www.instagram.com/adl_46th/,青山学院大学 ADL46th,3586,3586,circle_official,public,profile_explicit,hub_followers,agu_info,表示名と自己紹介に青山学院大学の公認ダンスサークルである旨を明記,https://www.instagram.com/adl_46th/,A,2026-08-17,unknown,not_checked,,青学公式・公認の断定はプロフィール記載に基づく候補メモ
aoyama_rikou.tea,https://www.instagram.com/aoyama_rikou.tea/,青山学院大学理工茶道部（裏千家）,406,406,circle_official,public,profile_explicit,hub_followers,agu_info,表示名に青山学院大学理工茶道部と明記,https://www.instagram.com/aoyama_rikou.tea/,A,2026-08-17,unknown,not_checked,,青学情報局の公開フォロー中一覧から個別確認
enosanhappy,https://www.instagram.com/enosanhappy/,えのきだ,619,619,individual,public,hashtag_post,hashtag,#青学,プロフィールにAGUと学科名を記載し青山学院大学キャンパス投稿も確認,https://www.instagram.com/p/DWlX4MWEjJH/,B,2026-08-17,unknown,not_checked,,個人アカウント。年齢情報は収集・記録せずサービス対象可否は不明のため初回DM対象外
miharunicycle,https://www.instagram.com/miharunicycle/,miharunicycle,6965,6965,individual,public,hashtag_post,hashtag,#青学,2019年の青山学院大学入学に関する公開投稿を確認。現在の在籍・関係は未確認,https://www.instagram.com/p/Bvtzm5glmQM/,C,2026-08-17,unknown,not_checked,,古い投稿のみのため現状不明。個人アカウントで初回DM対象外
somatagawamusical,https://www.instagram.com/somatagawamusical/,田川颯眞（Tagawa Soma）,1835,1835,individual,public,hashtag_post,hashtag,#春から青学,過去の公開投稿に青山学院大学の学部在籍記載を確認。現在の関係は未確認,https://www.instagram.com/p/B9R1ExsFba2/,C,2026-08-17,unknown,not_checked,,古い投稿のみのため現状不明。個人アカウントで初回DM対象外
raiki_yoshikawa_,https://www.instagram.com/raiki_yoshikawa_/,吉川来希 / Raiki Yoshikawa,3758,3758,individual,public,hashtag_post,hashtag,#青山学院,公開投稿に青山学院大学国際政治経済学部の卒業記載を確認。現在の関係は未確認,https://www.instagram.com/p/DHvr_AlTtsg/,B,2026-08-17,unknown,not_checked,,個人アカウント。卒業生・サービス対象可否は不明のため初回DM対象外
gaku_uni,https://www.instagram.com/gaku_uni/,ガクユニ gaku-uni,383,383,other,public,hub_follower,hub_followers,agu_info,青学情報局の公開フォロワーとして確認。プロフィールは大学祭Tシャツ・サークルユニフォーム等の学生向けサービスだが青学特化とは未確認,https://www.instagram.com/agu_info/,B,2026-08-17,unknown,not_checked,,公開サービスアカウント。青学との直接関係は未確認
ikuto_0108,https://www.instagram.com/ikuto_0108/,神谷育利 / Ikuto Kamiya,157000,15.7万,individual,public,hashtag_post,hashtag,#青山学院大学,公開投稿が#青山学院大学の検索結果に表示され、大学卒業を示す投稿を確認。プロフィールに大学名の記載はない,https://www.instagram.com/p/DWQuV19Gomg/,B,2026-08-17,unknown,not_checked,,個人の公開クリエイターアカウント。年齢情報は収集・記録せずサービス適合性不明のため初回DM対象外
ardkano,https://www.instagram.com/ardkano/,ロジャース歌乃｜Kano Rogers,50000,5万,individual,public,hashtag_post,hashtag,#青山学院大学,公開投稿が#青山学院大学の検索結果に表示され、大学生活終了を示す投稿を確認。プロフィールに大学名の記載はない,https://www.instagram.com/p/DWYqujakS12/,B,2026-08-17,unknown,not_checked,,個人の公開クリエイターアカウント。年齢情報は収集・記録せずサービス適合性不明のため初回DM対象外
sawahage,https://www.instagram.com/sawahage/,サワ(エリマネ),124000,12.4万,individual,public,hashtag_post,hashtag,#青山学院大学,公開投稿が#青山学院大学の検索結果に表示されたがプロフィールと投稿見出しだけでは青学との直接関係を断定できない,https://www.instagram.com/p/DH5e1diRHsI/,C,2026-08-17,unknown,not_checked,,個人の公開クリエイターアカウント。青学根拠はハッシュタグ検索結果のみのため初回DM対象外
lumiday_mio,https://www.instagram.com/lumiday_mio/,佐伯澪【LumiDay】,60000,6万,other,public,hashtag_post,hashtag,#青山学院大学,公開投稿が#青山学院大学の検索結果に表示されたがプロフィールに青学の記載はなく関連を断定できない,https://www.instagram.com/p/DAaIPI1PgkP/,C,2026-08-17,unknown,not_checked,,アイドル活動の公開アカウント。青学根拠はハッシュタグ検索結果のみのため初回DM対象外
aogaku__for_fresh,https://www.instagram.com/aogaku__for_fresh/,青山学院大学｜新入生特化メディア @春から青学,2753,2753,student_media,public,profile_explicit,hashtag,#青学新歓,プロフィールに青山学院大学新入生特化メディア・現役大学生運営と明記,https://www.instagram.com/aogaku__for_fresh/,A,2026-08-17,unknown,not_checked,,青学新入生向けの公開メディア。サービス対象適合性は未確認
mtrl.tokyo,https://www.instagram.com/mtrl.tokyo/,マテリアル | 明日の「モテる」を配信中！,9095,9095,student_media,public,hashtag_post,hashtag,#青学サークル,公開投稿の見出しに「青山学院大学サークル紹介」とあり、青学サークルの紹介投稿を確認,https://www.instagram.com/p/CQs-Fx7sRwl/,B,2026-08-17,unknown,not_checked,,男子大学生向け公開メディア。青学専用ではないため個別確認が必要
keio.navi,https://www.instagram.com/keio.navi/,慶應インカレスノボーサークル《𝐍𝐀𝐕𝐈》,1765,1765,circle_official,public,hashtag_post,hashtag,#春から青学,プロフィールは慶應中心で、公開投稿に#春から青学を確認。青学専用ではないためC,https://www.instagram.com/keio.navi/p/DWvM7zIk6Xj/,C,2026-08-17,unknown,not_checked,,インカレサークル。青学向け初回DM対象外
flhzon,https://www.instagram.com/flhzon/,大起,630,630,individual,public,hub_follower,hub_followers,aogaku_caps,青学キャップスの公開フォロー中一覧で確認。本人プロフィールに青学明記はない,https://www.instagram.com/aogaku_caps/,B,2026-08-17,unknown,not_checked,,個人アカウント。年齢情報は収集・記録せずサービス適合性不明のため初回DM対象外
miu._.miu4425,https://www.instagram.com/miu._.miu4425/,miu._.miu4425,274,274,individual,public,profile_explicit,hub_followers,aogaku_caps,プロフィールにAGU・総文と#夏も青学を明記,https://www.instagram.com/miu._.miu4425/,A,2026-08-17,unknown,not_checked,,個人アカウント。年齢情報は収集・記録せずサービス適合性不明のため初回DM対象外
mimikingsz,https://www.instagram.com/mimikingsz/,翔太,46,46,individual,public,hub_follower,hub_followers,aogaku_caps,青学キャップスの公開フォロー中一覧で確認。本人プロフィールに青学明記はない,https://www.instagram.com/aogaku_caps/,B,2026-08-17,unknown,not_checked,,個人アカウント。年齢情報は収集・記録せずサービス適合性不明のため初回DM対象外
tulezulle,https://www.instagram.com/tulezulle/,West River,49,49,individual,public,hub_follower,hub_followers,aogaku_caps,青学キャップスの公開フォロー中一覧で確認。本人プロフィールに青学明記はない,https://www.instagram.com/aogaku_caps/,B,2026-08-17,unknown,not_checked,,個人アカウント。年齢情報は収集・記録せずサービス適合性不明のため初回DM対象外
sugar_051481,https://www.instagram.com/sugar_051481/,Sugar,10,10,individual,public,hub_follower,hub_followers,aogaku_caps,青学キャップスの公開フォロー中一覧で確認。プロフィールに「v研」とあるが青学との関係は未確認,https://www.instagram.com/aogaku_caps/,B,2026-08-17,unknown,not_checked,,個人アカウント。曖昧な表示のため初回DM対象外
suzuudsk,https://www.instagram.com/suzuudsk/,大輔,496,496,individual,public,hub_follower,hub_followers,aogaku_caps,青学キャップスの公開フォロー中一覧で確認。本人プロフィールに青学明記はない,https://www.instagram.com/aogaku_caps/,B,2026-08-17,unknown,not_checked,,個人アカウント。年齢情報は収集・記録せずサービス適合性不明のため初回DM対象外
yoshi_h0755,https://www.instagram.com/yoshi_h0755/,はるよし,5,5,individual,public,hub_follower,hub_followers,aogaku_caps,青学キャップスの公開フォロー中一覧で確認。本人プロフィールに青学明記はない,https://www.instagram.com/aogaku_caps/,B,2026-08-17,unknown,not_checked,,個人アカウント。年齢情報は収集・記録せずサービス適合性不明のため初回DM対象外
koooo_oosk,https://www.instagram.com/koooo_oosk/,kosuke,310,310,individual,public,hub_follower,hub_followers,aogaku_caps,青学キャップスの公開フォロー中一覧で確認。本人プロフィールに青学明記はない,https://www.instagram.com/aogaku_caps/,B,2026-08-17,unknown,not_checked,,個人アカウント。年齢情報は収集・記録せずサービス適合性不明のため初回DM対象外
shunki6317,https://www.instagram.com/shunki6317/,Shunki,29,29,individual,public,hub_follower,hub_followers,aogaku_caps,青学キャップスの公開フォロー中一覧で確認。本人プロフィールに青学明記はない,https://www.instagram.com/aogaku_caps/,B,2026-08-18,unknown,not_checked,,個人アカウント。年齢情報は収集・記録せずサービス適合性不明のため初回DM対象外
ningen____chan,https://www.instagram.com/ningen____chan/,SORA,581,581,individual,public,profile_explicit,hub_followers,aogaku_caps,プロフィールに「07 青学法法」と明記,https://www.instagram.com/ningen____chan/,A,2026-08-18,unknown,not_checked,,個人アカウント。年齢情報は収集・記録せずサービス適合性不明のため初回DM対象外
taka_shi_0521,https://www.instagram.com/taka_shi_0521/,たか,255,255,individual,public,hub_follower,hub_followers,aogaku_caps,青学キャップスの公開フォロー中一覧で確認。本人プロフィールに青学明記はない,https://www.instagram.com/aogaku_caps/,B,2026-08-18,unknown,not_checked,,個人アカウント。年齢情報は収集・記録せずサービス適合性不明のため初回DM対象外
banken_gaogao_,https://www.instagram.com/banken_gaogao_/,イワカミリク,408,408,individual,public,hub_follower,hub_followers,aogaku_caps,青学キャップスの公開フォロー中一覧で確認。本人プロフィールに青学明記はない,https://www.instagram.com/aogaku_caps/,B,2026-08-18,unknown,not_checked,,個人アカウント。年齢情報は収集・記録せずサービス適合性不明のため初回DM対象外
ono_onodesuo,https://www.instagram.com/ono_onodesuo/,オノノクス小町です男,219,219,individual,public,profile_explicit,hub_followers,aogaku_caps,プロフィールに「Agu 英米」と明記,https://www.instagram.com/ono_onodesuo/,A,2026-08-18,unknown,not_checked,,個人アカウント。プロフィールに生年らしき表示があるが年齢情報は収集・記録せず、サービス適合性不明のため初回DM対象外
yushin309,https://www.instagram.com/yushin309/,山田悠心,275,275,individual,public,ambiguous_context,hub_followers,aogaku_caps,青学キャップスの公開フォロー中一覧で確認したがプロフィールには「tcu」とあり青学との関係を断定できない,https://www.instagram.com/aogaku_caps/,C,2026-08-18,unknown,not_checked,,個人アカウント。別大学表記があるため初回DM対象外
kazusa.0319,https://www.instagram.com/kazusa.0319/,かずさ,271,271,individual,public,profile_explicit,hub_followers,aogaku_caps,公開プロフィールに「07 agu」と明記,https://www.instagram.com/kazusa.0319/,A,2026-08-18,unknown,not_checked,,個人アカウント。年齢情報は収集・記録せずサービス適合性不明のため初回DM対象外
k.r.m1213,https://www.instagram.com/k.r.m1213/,Kurumi,90,90,individual,public,hub_follower,hub_followers,aogaku_caps,青学キャップスの公開フォロー中一覧で確認。本人プロフィールに青学明記はない,https://www.instagram.com/aogaku_caps/,B,2026-08-18,unknown,not_checked,,個人アカウント。年齢情報は収集・記録せずサービス適合性不明のため初回DM対象外
c_y_ou,https://www.instagram.com/c_y_ou/,cyou,48,48,individual,public,hub_follower,hub_followers,aogaku_caps,青学キャップスの公開フォロー中一覧で確認。本人プロフィールに青学明記はない,https://www.instagram.com/aogaku_caps/,B,2026-08-18,unknown,not_checked,,個人アカウント。年齢情報は収集・記録せずサービス適合性不明のため初回DM対象外
korosukeke,https://www.instagram.com/korosukeke/,Takeru Kikuchi,960,960,individual,public,hub_follower,hub_followers,aogaku_caps,青学キャップスの公開フォロー中一覧で確認。本人プロフィールに青学明記はない,https://www.instagram.com/aogaku_caps/,B,2026-08-18,unknown,not_checked,,個人アカウント。年齢情報は収集・記録せずサービス適合性不明のため初回DM対象外
hiroshi_gilbert,https://www.instagram.com/hiroshi_gilbert/,ひろし,343,343,individual,public,hub_follower,hub_followers,aogaku_caps,青学キャップスの公開フォロー中一覧で確認。本人プロフィールに青学明記はない,https://www.instagram.com/aogaku_caps/,B,2026-08-18,unknown,not_checked,,個人アカウント。年齢情報は収集・記録せずサービス適合性不明のため初回DM対象外
yuki.shizukiiiiiiiii,https://www.instagram.com/yuki.shizukiiiiiiiii/,志築優季,104,104,individual,public,hub_follower,hub_followers,aogaku_caps,青学キャップスの公開フォロー中一覧で確認。本人プロフィールに青学明記はない,https://www.instagram.com/aogaku_caps/,B,2026-08-18,unknown,not_checked,,個人アカウント。年齢情報は収集・記録せずサービス適合性不明のため初回DM対象外
masa_agu0528,https://www.instagram.com/masa_agu0528/,Masahiro Yoshihara,636,636,individual,public,profile_explicit,hub_followers,aogaku_caps,プロフィール表示に「青学院→しがない社会人」と明記,https://www.instagram.com/masa_agu0528/,A,2026-08-18,unknown,not_checked,,個人アカウント。年齢情報は収集・記録せずサービス適合性不明のため初回DM対象外
39rak0,https://www.instagram.com/39rak0/,櫻子,883,883,individual,public,hub_follower,hub_followers,aogaku_caps,青学キャップスの公開フォロー中一覧で確認。本人プロフィールに青学明記はない,https://www.instagram.com/aogaku_caps/,B,2026-08-18,unknown,not_checked,,個人アカウント。年齢情報は収集・記録せずサービス適合性不明のため初回DM対象外
shintaro_yoshizumi,https://www.instagram.com/shintaro_yoshizumi/,Shintaro_yoshizumi,21,21,individual,public,hub_follower,hub_followers,aogaku_caps,青学キャップスの公開フォロー中一覧で確認。プロフィールにムナッシュソフトボールサークルと経営学部経営学科の記載がある,https://www.instagram.com/aogaku_caps/,B,2026-08-18,unknown,not_checked,,個人アカウント。年齢情報は収集・記録せずサービス適合性不明のため初回DM対象外
acfresh04,https://www.instagram.com/acfresh04/,駿佑,306,306,individual,public,profile_explicit,hub_followers,aogaku_caps,プロフィールに「青山学院」と表示,https://www.instagram.com/acfresh04/,A,2026-08-18,unknown,not_checked,,個人アカウント。年齢情報は収集・記録せずサービス適合性不明のため初回DM対象外
marin__fm1017,https://www.instagram.com/marin__fm1017/,瀬乃まりん,102000,10.2万,individual,public,hashtag_post,hashtag,#春から青学,公開投稿のキャプションとプロフィールを確認。青学関連ハッシュタグの入学投稿だがプロフィールに青学明記はない,https://www.instagram.com/p/C5V193svXnb/,B,2026-08-18,unknown,not_checked,,公開クリエイター。年齢情報は収集・記録せずサービス適合性不明のため初回DM対象外
shiho.vphoto,https://www.instagram.com/shiho.vphoto/,sakura-shiho.gram ❤️💙,1739,1739,individual,public,hub_follower,hub_followers,aogaku_tv,青学TVの公開フォロワー一覧で確認。本人プロフィールに青学明記はないためハブ経由のB判定,https://www.instagram.com/aogaku_tv/,B,2026-08-18,unknown,not_checked,,個人・公開プロフィール。年齢情報は収集・記録せずサービス適合性不明のため初回DM対象外
rrisa.o,https://www.instagram.com/rrisa.o/,りさ,3498,3498,individual,public,hub_follower,hub_followers,agu_info,青学情報局の公開フォロー中一覧で確認。本人プロフィールに青学明記はないためハブ経由のB判定,https://www.instagram.com/agu_info/,B,2026-08-18,unknown,not_checked,,個人・公開プロフィール。年齢情報は収集・記録せずサービス適合性不明のため初回DM対象外
tom.soya092538,https://www.instagram.com/tom.soya092538/,片山宗哉,8016,8016,individual,public,hub_follower,hub_followers,agu_info,青学情報局の公開フォロー中一覧で確認。本人プロフィールに青学明記はないためハブ経由のB判定,https://www.instagram.com/agu_info/,B,2026-08-18,unknown,not_checked,,個人・公開プロフィール。年齢情報は収集・記録せずサービス適合性不明のため初回DM対象外
shima_yuuki_,https://www.instagram.com/shima_yuuki_/,悠木紫真,4231,4231,individual,public,hub_follower,hub_followers,agu_info,青学情報局の公開フォロー中一覧で確認。本人プロフィールに青学明記はないためハブ経由のB判定,https://www.instagram.com/agu_info/,B,2026-08-18,unknown,not_checked,,公開プロフィール。年齢情報は収集・記録せずサービス適合性不明のため初回DM対象外
takahitosasaki_,https://www.instagram.com/takahitosasaki_/,佐々木崇仁 / Takahito Sasaki,1970,1970,individual,public,profile_explicit,hub_followers,agu_info,プロフィールにAoyama misscon2022と明記。青学情報局の公開フォロー中一覧で確認,https://www.instagram.com/takahitosasaki_/,A,2026-08-18,unknown,not_checked,,個人・公開プロフィール。年齢情報は収集・記録せずサービス適合性不明のため初回DM対象外
ewan__prince,https://www.instagram.com/ewan__prince/,プリンス優杏/ Ewan Prince,652,652,individual,public,profile_explicit,hub_followers,agu_info,プロフィールに「青山学院」と明記。青学情報局の公開フォロー中一覧で確認,https://www.instagram.com/ewan__prince/,A,2026-08-18,unknown,not_checked,,個人・公開プロフィール。年齢情報は収集・記録せずサービス適合性不明のため初回DM対象外
__lily.jane__,https://www.instagram.com/__lily.jane__/,Yurina🇯🇵🇵🇭｜ゴミ拾い女 𝑖𝑛 𝑇𝑜𝑘𝑦𝑜,3949,3949,individual,public,hub_follower,hub_followers,agu_info,青学情報局の公開フォロー中一覧で確認。本人プロフィールに青学明記はないためハブ経由のB判定,https://www.instagram.com/agu_info/,B,2026-08-18,unknown,not_checked,,個人・公開プロフィール。年齢情報は収集・記録せずサービス適合性不明のため初回DM対象外
mikkly823,https://www.instagram.com/mikkly823/,美久里,4427,4427,individual,public,hub_follower,hub_followers,agu_info,青学情報局の公開フォロー中一覧で確認。本人プロフィールに青学明記はないためハブ経由のB判定,https://www.instagram.com/agu_info/,B,2026-08-18,unknown,not_checked,,個人・公開プロフィール。年齢情報は収集・記録せずサービス適合性不明のため初回DM対象外
banri_kiuchi,https://www.instagram.com/banri_kiuchi/,木内万璃,847,847,individual,public,hub_follower,hub_followers,agu_info,青学情報局の公開フォロー中一覧で確認。本人プロフィールに青学明記はないためハブ経由のB判定,https://www.instagram.com/agu_info/,B,2026-08-18,unknown,not_checked,,公開プロフィール。年齢情報は収集・記録せずサービス適合性不明のため初回DM対象外
fastpass.official_unbnd,https://www.instagram.com/fastpass.official_unbnd/,FASTPASS by UNBENDING.,404,404,event,public,profile_explicit,hub_followers,aogaku_tv,プロフィールに「現役青学生が設計するイベントプロデュース組織」と明記。青学TVの公開フォロー中一覧で確認,https://www.instagram.com/fastpass.official_unbnd/,A,2026-08-18,unknown,not_checked,,イベント・公開プロフィール。18-25歳向けの記載はあるが個人の年齢は推測せず適合性不明
haru_arcana,https://www.instagram.com/haru_arcana/,haru,129,129,individual,public,ambiguous_context,hub_followers,aoyama.hack,プロフィールの「AGU」は曖昧だが青山ハックの公開フォロー中一覧で確認したためB判定,https://www.instagram.com/aoyama.hack/,B,2026-08-18,unknown,not_checked,,個人・公開プロフィール。年齢情報は収集・記録せずサービス適合性不明のため初回DM対象外
anna._irie,https://www.instagram.com/anna._irie/,入江 あんな,67000,6.7万,individual,public,ambiguous_context,hashtag,#青山学院大学,ハッシュタグ検索結果で入学式写真を確認。プロフィールは東大大学院生で青学所属は未確認のためC判定,https://www.instagram.com/p/DPq1qpgEx5p/,C,2026-08-18,unknown,not_checked,,公開クリエイター。青学所属を断定できず初回DM対象外。年齢情報は収集・記録しない
ruka_sonomura,https://www.instagram.com/ruka_sonomura/,園村 留加 / Ruka Sonomura,20000,2万,individual,public,profile_explicit,hashtag,#青山学院大学,プロフィールにMiss Aoyama 2024と明記。卒業投稿も青山学院大学法学部と確認,https://www.instagram.com/p/DH3S8B3J-aZ/,A,2026-08-18,unknown,not_checked,,公開クリエイター。年齢情報は収集・記録せずサービス適合性不明のため初回DM対象外
kjm_noe,https://www.instagram.com/kjm_noe/,のえ,2426,2426,individual,public,hashtag_post,hashtag,#青山学院大学,投稿見出しに「大好きな青山学院大学を卒業しました」と明記。プロフィールに青学明記はないためB判定,https://www.instagram.com/p/DWjFdeLDy-i/,B,2026-08-18,unknown,not_checked,,公開プロフィール。年齢情報は収集・記録せずサービス適合性不明のため初回DM対象外
__mao.3370,https://www.instagram.com/__mao.3370/,__mao.3370,1150,1150,individual,public,ambiguous_context,hashtag,#青山学院大学,青山学院大学の公開位置情報付き投稿を確認。プロフィールに青学明記はないためC判定,https://www.instagram.com/p/DWfjslGk5FG/,C,2026-08-18,unknown,not_checked,,公開プロフィール。青学との現在の関係を断定できず初回DM対象外。年齢情報は収集・記録しない
ohnokakeru,https://www.instagram.com/ohnokakeru/,大野 翔,5738,5738,individual,public,ambiguous_context,hashtag,#青山学院大学,青山学院大学の公開位置情報付き投稿を確認。プロフィールに青学明記はないためC判定,https://www.instagram.com/p/CM9iSYbnkuJ/,C,2026-08-18,unknown,not_checked,,公開プロフィール。青学との現在の関係を断定できず初回DM対象外。年齢情報は収集・記録しない
shison_idol,https://www.instagram.com/shison_idol/,しそん,1251,1251,individual,public,hashtag_post,hashtag,#青学,投稿に#青学と#青山学院大学があるがプロフィールに青学明記はなく関連は曖昧なためC判定,https://www.instagram.com/p/DWV9Xv9Ec_i/,C,2026-08-18,unknown,not_checked,,公開クリエイター。青学との関係を断定できず初回DM対象外。年齢情報は収集・記録しない
shtr.ad13,https://www.instagram.com/shtr.ad13/,Shotaro Ado 阿戸将太朗,6188,6188,individual,public,hub_follower,hub_followers,agu_info,青学情報局の公開フォロー中一覧で確認。本人プロフィールに青学明記はないためハブ経由のB判定,https://www.instagram.com/agu_info/,B,2026-08-18,unknown,not_checked,,公開プロフィール。年齢情報は収集・記録せずサービス適合性不明のため初回DM対象外
00_225r,https://www.instagram.com/00_225r/,00_225r,1394,1394,individual,public,hub_follower,hub_followers,agu_info,青学情報局の公開フォロー中一覧で確認。本人プロフィールに青学明記はないためハブ経由のB判定,https://www.instagram.com/agu_info/,B,2026-08-18,unknown,not_checked,,公開プロフィール。年齢情報は収集・記録せずサービス適合性不明のため初回DM対象外
juken.english.sora,https://www.instagram.com/juken.english.sora/,MARCH受験英語のプロ@そら | sora kirishiki,27000,2.7万,student_media,public,profile_explicit,hashtag,,プロフィールに英語偏差値35から1年で青学合格を明記し青学生向け投稿を確認,https://www.instagram.com/juken.english.sora/,A,2026-08-18,unknown,not_checked,,青学受験情報を扱う公開アカウント。年齢情報は収集・記録せずサービス対象可否不明のため初回DM対象外
news.pickup_event.03,https://www.instagram.com/news.pickup_event.03/,学生団体 𝓮𝓿𝓮𝓷𝓽 𝓹𝓲𝓬𝓴𝓾𝓹,1118,1118,event,public,ambiguous_context,hashtag,,学生向けイベントニュースアカウント。青学関連ハッシュタグ検索に表示されたがプロフィールに青学明記なし,https://www.instagram.com/p/DQdgFryEy2B/,C,2026-08-18,unknown,not_checked,,青学専用ではないため初回DM対象外
venty.incr,https://www.instagram.com/venty.incr/,インカレサークル ベンティー,933,933,circle_official,public,hashtag_post,hashtag,,公開投稿で#春から青学を含む複数大学向け募集を確認。プロフィールはMARCH等のインカレと明記,https://www.instagram.com/p/C8ypEd3S-oq/,C,2026-08-18,unknown,not_checked,,青学専用ではないため初回DM対象外
keiofce.l.f._shinkan2026,https://www.instagram.com/keiofce.l.f._shinkan2026/,慶應義塾大学 FC e.l.f. 2026年新歓,531,531,circle_official,public,hashtag_post,hashtag,,公開投稿で#春から青学を含む複数女子大向け募集を確認。プロフィールは慶應インカレサッカーサークルと明記,https://www.instagram.com/p/DWninGSEwuy/,C,2026-08-18,unknown,not_checked,,青学専用ではないため初回DM対象外
mikstern55bar,https://www.instagram.com/mikstern55bar/,松永 エリック・匡史,2546,2546,other,public,profile_explicit,hashtag,,プロフィールに青山学院大学地球社会共生学部学部長・教授と明記,https://www.instagram.com/mikstern55bar/,A,2026-08-18,unknown,not_checked,,公開教授アカウント。営業対象は要確認
tomomi_okada_official,https://www.instagram.com/tomomi_okada_official/,岡田 朋峰 / Tomomi Okada,33000,3.3万,other,public,hashtag_post,hashtag,,公開投稿に青山学院大学の位置情報があり在学中の講義への言及を確認。プロフィールは事務所所属,https://www.instagram.com/p/DKWm9_ozKEN/,B,2026-08-18,unknown,not_checked,,公開卒業生アカウント。年齢情報は収集・記録せずサービス対象可否不明のため初回DM対象外
chisatofficial_511,https://www.instagram.com/chisatofficial_511/,CHISATO/ちさと/千聖,1128,1128,individual,public,hashtag_post,hashtag,,公開投稿で青山学院大学の位置情報と卒業記載を確認。プロフィールはファッション発信者,https://www.instagram.com/p/CbplUCzJpPi/,B,2026-08-18,unknown,not_checked,,公開卒業生アカウント。年齢情報は収集・記録せずサービス適合性不明のため初回DM対象外
odorinchu_yski,https://www.instagram.com/odorinchu_yski/,学生よさこいチームおどりんちゅ【公式】,2081,2081,circle_official,public,mention_or_tag,circle_event,agu_info,青学情報局の公開投稿でタグ付けを確認。プロフィールは関東学生向けインカレよさこいチームで青学専用の明記はないためC判定,https://www.instagram.com/agu_info/p/DWoPGVVkgOG/,C,2026-08-18,unknown,not_checked,,公開サークル。青学との関係はハブ経由のみで初回DM対象外
odorinchu_26,https://www.instagram.com/odorinchu_26/,おどりんちゅ2026新歓アカウント,967,967,circle_official,public,mention_or_tag,circle_event,agu_info,青学情報局の公開投稿でタグ付けを確認。プロフィールは全国各地のお祭りに参加するインカレよさこいサークルで青学専用の明記はないためC判定,https://www.instagram.com/agu_info/p/DWoPGVVkgOG/,C,2026-08-18,unknown,not_checked,,公開新歓アカウント。青学との関係はハブ経由のみで初回DM対象外
kazuya_seko,https://www.instagram.com/kazuya_seko/,世古口和也/sekoguchi kazuya,655,655,individual,public,hub_follower,hub_followers,agu_info,青学情報局の公開フォロー中一覧で確認。本人プロフィールに青学明記はないためC判定,https://www.instagram.com/agu_info/,C,2026-08-18,unknown,not_checked,,公開プロフィールだが青学との関係はハブ経由のみのため初回DM対象外
udai3_1ove,https://www.instagram.com/udai3_1ove/,yudai tagami,1303,1303,individual,public,hub_follower,hub_followers,agu_info,青学情報局の公開フォロー中一覧で確認。本人プロフィールに青学明記はないためC判定,https://www.instagram.com/agu_info/,C,2026-08-18,unknown,not_checked,,公開クリエイターだが青学との関係はハブ経由のみのため初回DM対象外
rin_ishii0406,https://www.instagram.com/rin_ishii0406/,石井 凜 / Rin Ishii,17000,1.7万,individual,public,ambiguous_context,hub_followers,agu_info,プロフィールにMiss Aoyama 2024 GPの記載があり青山関連イベントとの関係は確認できるが大学名の明記はないためC判定,https://www.instagram.com/rin_ishii0406/,C,2026-08-18,unknown,not_checked,,公開プロフィール。青山学院大学との関係は断定せず初回DM対象外
joe_vny,https://www.instagram.com/joe_vny/,辰田 丈/Joseph,959,959,individual,public,profile_explicit,hub_followers,agu_info,プロフィールにAoyama Gakuin Univ.と明記し青学情報局の公開フォロー中一覧でも確認,https://www.instagram.com/joe_vny/,A,2026-08-18,unknown,not_checked,,公開プロフィール。年齢情報は収集・記録せずサービス適合性不明のため初回DM対象外
aoyama5shiho,https://www.instagram.com/aoyama5shiho/,Shiho.aogaku,62,62,individual,public,profile_explicit,hub_followers,aogaku_tv,プロフィール表示名にaogakuを含み青学TVの公開フォロー中一覧でも確認,https://www.instagram.com/aoyama5shiho/,A,2026-08-18,unknown,not_checked,,公開プロフィール。年齢情報は収集・記録せずサービス適合性不明のため初回DM対象外
prpr047,https://www.instagram.com/prpr047/,海音,11000,1.1万,individual,public,hashtag_post,hashtag,,青山学院大学ハッシュタグの公開投稿で大学生活とキャンパス移動に言及。プロフィールに青学明記はないためC判定,https://www.instagram.com/p/DTx_c60jXaF/,C,2026-08-18,unknown,not_checked,,公開プロフィール。青学との関係は投稿文脈のみで初回DM対象外
kana__watanabe,https://www.instagram.com/kana__watanabe/,渡邉果菜/ Kana Watanabe,5390,5390,individual,public,ambiguous_context,hashtag,,公開投稿の位置情報が青山学院大学で青山関連訪問を確認。本人プロフィールはMiss Rikkyoで青学所属は明記されないためC判定,https://www.instagram.com/p/DQb1Zp8Emgq/,C,2026-08-18,unknown,not_checked,,公開プロフィール。青学との関係は訪問文脈のみで初回DM対象外
rioringram_,https://www.instagram.com/rioringram_/,理央,57000,5.7万,individual,public,hashtag_post,hashtag,,青山学院大学ハッシュタグの公開投稿で大学卒業投稿を確認。プロフィールに青学明記はないためC判定,https://www.instagram.com/p/DWWUw7Ujx2B/,C,2026-08-18,unknown,not_checked,,公開プロフィール。青学との関係は投稿文脈のみで初回DM対象外
yurie_75,https://www.instagram.com/yurie_75/,Yurie Yoshida / 吉田 友里恵,2084,2084,individual,public,ambiguous_context,hashtag,,青山学院高等部の公開投稿位置情報を確認。プロフィールは馬術選手で大学名の明記はないためC判定,https://www.instagram.com/p/B9jTVqqBw9b/,C,2026-08-18,unknown,not_checked,,公開プロフィール。青学との関係は高校の位置情報文脈のみで初回DM対象外
mii__573,https://www.instagram.com/mii__573/,mii,56000,5.6万,individual,public,hashtag_post,hashtag,,青山ミスコン2022の公開投稿でファイナリストNo.4として紹介されていることを確認。プロフィールに大学名はないが青山関連イベントとの関係が確認できる,https://www.instagram.com/p/CgGZtq2LROZ/,B,2026-08-18,unknown,not_checked,,公開プロフィール。年齢情報は収集・記録せずサービス適合性不明のため初回DM対象外
katsuhiro_lab,https://www.instagram.com/katsuhiro_lab/,かつひろラボ｜ニュース・社会をやさしく解説,17000,1.7万,student_media,public,hashtag_post,hashtag,,青山学院タグの公開投稿で青山学院に関する解説動画を確認。プロフィールは大学ニュース系メディアで青学専用アカウントではないためC判定,https://www.instagram.com/p/DW1BYRHkt9M/,C,2026-08-18,unknown,not_checked,,公開メディアアカウント。青学との関係は投稿文脈のみで初回DM対象外
hinako___1022,https://www.instagram.com/hinako___1022/,ひなこ,9284,9284,individual,public,mention_or_tag,circle_event,agu_info,青学情報局の公開投稿でミスミスター青山コンテスト2025ファイナリストとして紹介されタグ付けされていることを確認。プロフィールに大学名はないが青山関連イベントとの関係が確認できる,https://www.instagram.com/agu_info/p/DMfdOFoy9jh/,B,2026-08-18,unknown,not_checked,,公開プロフィール。年齢情報は収集・記録せずサービス適合性不明のため初回DM対象外
rinno_yngt,https://www.instagram.com/rinno_yngt/,𝓡𝓲𝓷𝓷𝓸💍,845,845,individual,public,hashtag_post,hashtag,,青山学院大学タグの公開投稿で青山学院大学の位置情報と卒業投稿を確認。関連投稿にAoyama Collection参加歴もあるがプロフィールに大学名の明記はないためB判定,https://www.instagram.com/p/DWlXTi_kiJA/,B,2026-08-18,unknown,not_checked,,公開プロフィール。年齢情報は収集・記録せずサービス適合性不明のため初回DM対象外
dance_yu,https://www.instagram.com/dance_yu/,ゆう,2799,2799,individual,public,hub_follower,hub_followers,aoyama_collection,青山コレクション公式アカウントの公開フォロー中一覧で確認。本人プロフィールに青学明記はないためC判定,https://www.instagram.com/aoyama_collection/,C,2026-08-18,unknown,not_checked,,公開プロフィールだが青学との関係はハブ経由のみで初回DM対象外
hz__moon__,https://www.instagram.com/hz__moon__/,木谷葉月/ KITANI HAZUKI,2542,2542,individual,public,hub_follower,hub_followers,aoyama_collection,青山コレクション公式アカウントの公開フォロー中一覧で確認。本人プロフィールに青学明記はないためC判定,https://www.instagram.com/aoyama_collection/,C,2026-08-18,unknown,not_checked,,公開プロフィールだが青学との関係はハブ経由のみで初回DM対象外
krkr___819,https://www.instagram.com/krkr___819/,こころ,589,589,individual,public,hub_follower,keyword_search,aoyama_collection,青山コレクション公式のモデル紹介名「高沢こころ」とInstagram検索の表示名「こころ」が一致。プロフィールに青学明記はないためC判定,https://www.instagram.com/p/DY_zpztGD_k/,C,2026-08-18,unknown,not_checked,,公開プロフィール。本人同定は表示名一致のみで初回DM対象外
qingtengjiehua4,https://www.instagram.com/qingtengjiehua4/,清藤結花,3,3,individual,public,hub_follower,keyword_search,aoyama_collection,青山コレクション公式の2026新モデル紹介名「清藤結花」とInstagram検索の表示名が一致。投稿がなくプロフィールに青学明記もないためC判定,https://www.instagram.com/p/DcBH1TrGG4G/,C,2026-08-18,unknown,not_checked,,公開プロフィールだが同定根拠が表示名一致のみのため初回DM対象外
kyoko.m4561,https://www.instagram.com/kyoko.m4561/,松本京子,84,84,individual,public,hub_follower,keyword_search,aoyama_collection,青山コレクション公式の2026新モデル紹介名「松本京子」とInstagram検索の表示名が一致。プロフィールに青学明記はないためC判定,https://www.instagram.com/p/DcJMi8fmJm3/,C,2026-08-18,unknown,not_checked,,公開プロフィールだが同定根拠が表示名一致のみのため初回DM対象外
milmil4747,https://www.instagram.com/milmil4747/,遠野愛,4415,4415,individual,public,profile_explicit,hub_followers,aoyama_misscon,プロフィールに「ミス青山コンテスト」と明記され青山ミスコン関連アカウントの公開フォロー中一覧でも確認。ただし大学公式との関係は記録しない,https://www.instagram.com/milmil4747/,B,2026-08-18,unknown,not_checked,,公開プロフィール。年齢情報は収集・記録せずサービス適合性不明のため初回DM対象外
souta_saito,https://www.instagram.com/souta_saito/,Souta Saito,1173,1173,individual,public,hub_follower,hub_followers,aoyama_misscon,青山ミスコン関連アカウントの公開フォロー中一覧で確認。本人プロフィールに青学明記はないためC判定,https://www.instagram.com/aoyama_misscon/,C,2026-08-18,unknown,not_checked,,公開プロフィールだが青学との関係はハブ経由のみで初回DM対象外
rshgkt,https://www.instagram.com/rshgkt/,rshgkt,2283,2283,individual,public,hub_follower,hub_followers,aoyama_misscon,青山ミスコン関連アカウントの公開フォロー中一覧で確認。プロフィールの表示名は未設定で青学明記もないためC判定,https://www.instagram.com/aoyama_misscon/,C,2026-08-18,unknown,not_checked,,公開プロフィール。青学との関係はハブ経由のみで初回DM対象外
__zengwo_01,https://www.instagram.com/__zengwo_01/,Shun Soga曽我舜,988,988,individual,public,hub_follower,hub_followers,aoyama_misscon,青山ミスコン関連アカウントの公開フォロー中一覧で確認。本人プロフィールに青学明記はないためC判定,https://www.instagram.com/aoyama_misscon/,C,2026-08-18,unknown,not_checked,,公開プロフィールだが青学との関係はハブ経由のみで初回DM対象外
_shotaro_takano_,https://www.instagram.com/_shotaro_takano_/,（shotaro）,1398,1398,individual,public,hub_follower,hub_followers,aoyama_misscon,青山ミスコン関連アカウントの公開フォロー中一覧で確認。本人プロフィールに青学明記はないためC判定,https://www.instagram.com/aoyama_misscon/,C,2026-08-18,unknown,not_checked,,公開プロフィールだが青学との関係はハブ経由のみで初回DM対象外
nao3i_,https://www.instagram.com/nao3i_/,𝐍𝐚𝐨𝐦𝐢 / 奈欧美,9008,9008,individual,public,hub_follower,hub_followers,aoyama_misscon,青山ミスコン関連アカウントの公開フォロー中一覧で確認。本人プロフィールに青学明記はないためC判定,https://www.instagram.com/aoyama_misscon/,C,2026-08-18,unknown,not_checked,,公開プロフィールだが青学との関係はハブ経由のみで初回DM対象外
yuiyoshikuni__,https://www.instagram.com/yuiyoshikuni__/,吉國唯 Yui Yoshikuni,16000,1.6万,individual,public,profile_explicit,hub_followers,aoyama_misscon,プロフィールにAoyama関連のTikTokハンドルagu21_miss6へのリンクがあり青山ミスコン関連アカウントの公開フォロー中一覧でも確認。本人プロフィールに大学名はないためB判定,https://www.instagram.com/yuiyoshikuni__/,B,2026-08-18,unknown,not_checked,,公開プロフィール。年齢情報は収集・記録せずサービス適合性不明のため初回DM対象外
aoyamamiss,https://www.instagram.com/aoyamamiss/,aoyamamiss,9100,9100,event,public,profile_explicit,hub_followers,aoyama_misscon,プロフィールにミス青山GPなどの青山コンテスト関連実績を明記。大学公式ではなく過年度コンテスト関連アカウント,https://www.instagram.com/aoyamamiss/,B,2026-08-18,unknown,not_checked,,公開プロフィール。大学公式や公認サービスと誤認される表現は付けず初回DM対象外
onigokkos_insta,https://www.instagram.com/onigokkos_insta/,インカレ鬼ごっこサークル【Goblin’s】,687,687,circle_official,public,hub_follower,hub_followers,agu_info,青学情報局の公開フォロワー検索で確認。プロフィールはインカレ鬼ごっこサークルで青学専用の明記はないためC判定,https://www.instagram.com/agu_info/,C,2026-08-18,unknown,not_checked,,公開サークル。青学との関係はハブ経由のみで初回DM対象外
tokyowasoukai,https://www.instagram.com/tokyowasoukai/,東京着物インカレサークル 和蒼会,326,326,circle_official,public,hub_follower,hub_followers,agu_info,青学情報局の公開フォロワー検索で確認。プロフィールは都内大学生向けインカレ着物サークルで青学専用の明記はないためC判定,https://www.instagram.com/agu_info/,C,2026-08-18,unknown,not_checked,,公開サークル。青学との関係はハブ経由のみで初回DM対象外
tamekuni_mayu,https://www.instagram.com/tamekuni_mayu/,마유,10000,1万,individual,public,profile_explicit,circle_event,aoyama_collection,プロフィールに青山学院大学と明記し青山コレクションの公開タグ付け投稿でも確認,https://www.instagram.com/tamekuni_mayu/p/DS2LouOD3NS/,A,2026-08-18,unknown,not_checked,,公開プロフィール。年齢情報は収集・記録せずサービス適合性不明のため初回DM対象外
mahiro_kasai,https://www.instagram.com/mahiro_kasai/,shinshin,121,121,individual,public,mention_or_tag,circle_event,aoyama_collection,青山コレクションの公開タグ付け投稿とプロフィールのアオコレ2025ハイライトを確認。大学名は明記されないためB判定,https://www.instagram.com/mahiro_kasai/p/DRYsr2cgY6V/,B,2026-08-18,unknown,not_checked,,公開プロフィール。年齢情報は収集・記録せずサービス適合性不明のため初回DM対象外
etsuko_kanagae,https://www.instagram.com/etsuko_kanagae/,金ヶ江 悦子 / kanagae etsuko,10000,1万,other,public,mention_or_tag,circle_event,aoyama_collection,青山コレクション公式の公開リハーサル投稿で講師としてタグ付けを確認。大学公式ではなく関係者アカウントのためB判定,https://www.instagram.com/etsuko_kanagae/reel/DQIsY3WEU0E/,B,2026-08-18,unknown,not_checked,,公開プロフィール。青学との関係はイベント関係者として記録し初回DM対象外
hrk624_o00,https://www.instagram.com/hrk624_o00/,はるきち,330,330,individual,public,profile_explicit,circle_event,aoyama_collection,プロフィールにagu英米文学科と明記し青山コレクションの公開タグ付け投稿でも確認,https://www.instagram.com/hrk624_o00/,B,2026-08-18,unknown,not_checked,,公開プロフィール。年齢情報は収集・記録せずサービス適合性不明のため初回DM対象外
moca.2812,https://www.instagram.com/moca.2812/,もか,91000,9.1万,individual,public,profile_explicit,circle_event,aoyama_collection,プロフィールに青山学院大学と明記し青山コレクションの公開タグ付け投稿でも確認,https://www.instagram.com/moca.2812/,A,2026-08-18,unknown,not_checked,,公開プロフィール。年齢情報は収集・記録せずサービス適合性不明のため初回DM対象外
_1.glow_,https://www.instagram.com/_1.glow_/,カズキ！！,1189,1189,individual,public,mention_or_tag,circle_event,aoyama_collection,青山コレクションの公開タグ付け投稿を確認。プロフィールに青学明記はないためB判定,https://www.instagram.com/_1.glow_/p/CzYYdGYvjrZ/,B,2026-08-18,unknown,not_checked,,公開プロフィール。年齢情報は収集・記録せずサービス適合性不明のため初回DM対象外
yuna_moments_2026,https://www.instagram.com/yuna_moments_2026/,YUNA MOMENTS｜谷口ゆな,24,24,other,public,profile_explicit,circle_event,aoyama_misscon,プロフィールにAOYAMA CONTEST 2026 No.6 FINALISTと明記。大学公式ではなくファンアカウントのためB判定,https://www.instagram.com/yuna_moments_2026/,B,2026-08-18,unknown,not_checked,,公開プロフィール。大学公式や公認サービスと誤認される表現は付けず初回DM対象外
aoi___tokugawa,https://www.instagram.com/aoi___tokugawa/,🍀徳川あおい🍀ドートマッチ/トモパス,8229,8229,individual,public,hashtag_post,circle_event,aoyamafes,青山祭公式の公開タグ付けページにあり公開投稿本文で青学という環境にいたと明記,https://www.instagram.com/aoi___tokugawa/reel/DQtWD2SgdDm/,B,2026-08-18,unknown,not_checked,,公開プロフィール。青山学院大学との過去の関係は投稿文脈で確認し年齢情報は収集・記録せず初回DM対象外
fuku.momo.0127,https://www.instagram.com/fuku.momo.0127/,福島百香,199,199,individual,public,profile_explicit,circle_event,aoyamafes,プロフィールに青学と明記し青山祭公式の公開タグ付けページでも確認,https://www.instagram.com/fuku.momo.0127/,A,2026-08-18,unknown,not_checked,,公開プロフィール。年齢情報は収集・記録せずサービス適合性不明のため初回DM対象外
kureha_nakagawa,https://www.instagram.com/kureha_nakagawa/,中川紅葉,338000,33.8万,individual,public,mention_or_tag,circle_event,aoyamafes,青山祭公式の公開タグ付けページで青山学院大学の文化祭MV投稿を確認。プロフィールに青学明記はないためC判定,https://www.instagram.com/kureha_nakagawa/p/DPQE_emCce3/,C,2026-08-18,unknown,not_checked,,公開プロフィール。青学との関係はイベント投稿文脈のみで初回DM対象外
aoyamadebate,https://www.instagram.com/aoyamadebate/,Aoyama Debate Forum,147,147,circle_official,public,profile_explicit,circle_event,aogaku_tencha,プロフィールにAGUのEnglish Debate Clubと明記し青学tenchaの公開タグ付け投稿でも確認,https://www.instagram.com/aoyamadebate/,A,2026-08-18,unknown,not_checked,,公開サークル。非公認や活動条件はプロフィール記載の範囲で扱い大学公式とは表現しない
aguaogaku_cosplay,https://www.instagram.com/aguaogaku_cosplay/,AGUコスプレ愛好会,24,24,circle_official,public,profile_explicit,circle_event,aogaku_tencha,プロフィールに青山学院大学非公認サークルと明記し青学tenchaの公開タグ付け投稿でも確認,https://www.instagram.com/aguaogaku_cosplay/,A,2026-08-18,unknown,not_checked,,公開サークル。非公認であることを明記し大学公式や公認サービスとは表現しない
fanfun.ph,https://www.instagram.com/fanfun.ph/,fan×fun,677,677,circle_official,public,profile_explicit,circle_event,aogaku_tencha,プロフィールに青山学院大学公認ボランティア団体と明記し青学tenchaの公開タグ付け投稿でも確認,https://www.instagram.com/fanfun.ph/,A,2026-08-18,unknown,not_checked,,公開団体。大学公認の表現はプロフィール記載として記録し当方が公認と誤認させる表現は追加しない
ozyuji,https://www.instagram.com/ozyuji/,Yuji,1305,1305,individual,public,hub_follower,hub_followers,aogaku_fitness,青山学院大学フィットネスセンターの公開フォロワー検索AGUで確認。本人プロフィールに青学明記はないためC判定,https://www.instagram.com/aogaku_fitness/,C,2026-08-18,unknown,not_checked,,公開プロフィールだが青学との関係はハブ経由のみで初回DM対象外
suger_sugersuger,https://www.instagram.com/suger_sugersuger/,糖 分 ♡,232,232,individual,public,hub_follower,hub_followers,aogaku_fitness,青山学院大学フィットネスセンターの公開フォロワー検索AGUで確認。本人プロフィールに青学明記はないためC判定,https://www.instagram.com/aogaku_fitness/,C,2026-08-18,unknown,not_checked,,公開プロフィールだが青学との関係はハブ経由のみで初回DM対象外
mayu.s.a.s0508,https://www.instagram.com/mayu.s.a.s0508/,まゆ,142,142,individual,public,hub_follower,hub_followers,aogaku_fitness,青山学院大学フィットネスセンターの公開フォロワー検索AGUで確認。本人プロフィールに青学明記はないためC判定,https://www.instagram.com/aogaku_fitness/,C,2026-08-18,unknown,not_checked,,公開プロフィールだが青学との関係はハブ経由のみで初回DM対象外
excuse_idea,https://www.instagram.com/excuse_idea/,excuse_idea,38,38,individual,public,hub_follower,hub_followers,aogaku_fitness,青山学院大学フィットネスセンターの公開フォロワー検索AGUで確認。投稿はなく本人プロフィールに青学明記もないためC判定,https://www.instagram.com/aogaku_fitness/,C,2026-08-18,unknown,not_checked,,公開プロフィールだが青学との関係はハブ経由のみで初回DM対象外
ushikoi,https://www.instagram.com/ushikoi/,赤身焼肉のカリスマ 牛恋【公式】,30000,3万,other,public,mention_or_tag,circle_event,aoyamafes,青山祭公式の公開タグ付けページで青山祭関連投稿へのタグ付けを確認。プロフィールは飲食店のため青学所属とは断定しない,https://www.instagram.com/ushikoi/p/DQ6dNJfFYeR/,B,2026-08-18,unknown,not_checked,,公開店舗アカウント。青山祭協賛や接点の根拠として記録し初回DM対象外
jyukubaito_com,https://www.instagram.com/jyukubaito_com/,塾講師バイトドットコム,4119,4119,other,public,mention_or_tag,circle_event,aoyamafes,青山祭公式の公開タグ付けページで投稿を確認。プロフィールは学生向け求人メディアで青学専用の明記はないためC判定,https://www.instagram.com/jyukubaito_com/p/DQahoGOEjI0/,C,2026-08-18,unknown,not_checked,,公開メディアアカウント。青学との関係はイベントタグ付けのみで初回DM対象外
kashidokoro.miura,https://www.instagram.com/kashidokoro.miura/,株式会社三浦製菓,1449,1449,other,public,mention_or_tag,circle_event,aoyamafes,青山祭公式の公開タグ付けページで青山祭への協賛投稿を確認。プロフィールは菓子店で青学所属とは断定しない,https://www.instagram.com/kashidokoro.miura/p/DP8B9G0Dv5W/,B,2026-08-18,unknown,not_checked,,公開店舗アカウント。青山祭協賛の接点として記録し初回DM対象外
russian_yi,https://www.instagram.com/russian_yi/,Eugene,1749,1749,individual,public,mention_or_tag,circle_event,aoyama_misscon,青山ミスコン関連アカウントの公開タグ付けページでミス青山紹介投稿を確認。プロフィールに青学明記はないためC判定,https://www.instagram.com/russian_yi/reel/Db8qHZqJRlV/,C,2026-08-18,unknown,not_checked,,公開プロフィール。青学との関係は紹介投稿文脈のみで初回DM対象外
sonyo_dress,https://www.instagram.com/sonyo_dress/,SONYO DRESS | 大阪/韓国ドレス/レンタル,4843,4843,other,public,mention_or_tag,circle_event,aoyama_collection,青山コレクションの公開タグ付け投稿でドレス協力先として確認。大学公式ではなくイベント協力先のためB判定,https://www.instagram.com/sonyo_dress/p/DP8CgChD8-8/,B,2026-08-18,unknown,not_checked,,公開事業者アカウント。青山コレクションとの協力関係を根拠として記録し初回DM対象外
onyou_style,https://www.instagram.com/onyou_style/,音遊SHOP,1804,1804,other,public,hub_follower,hub_followers,aoyama_collection,青山コレクション公式の公開フォロー中一覧で確認。プロフィールは衣料品ブランドで青学明記はないためC判定,https://www.instagram.com/aoyama_collection/,C,2026-08-18,unknown,not_checked,,公開事業者アカウント。青学との関係はハブ経由のみで初回DM対象外
yuhak_in_tokyo,https://www.instagram.com/yuhak_in_tokyo/,슬기로운 일본생활🇰🇷🇯🇵,1772,1772,student_media,public,mention_or_tag,circle_event,aoyamafes,青山祭公式の公開タグ付けページで投稿を確認。プロフィールは日本留学メディアで青学専用の明記はないためC判定,https://www.instagram.com/yuhak_in_tokyo/p/DP8wF-6ifpQ/,C,2026-08-18,unknown,not_checked,,公開メディアアカウント。青学との関係はイベント投稿文脈のみで初回DM対象外
rie_yamano_moe,https://www.instagram.com/rie_yamano_moe/,山野里恵,145,145,individual,public,mention_or_tag,circle_event,aoyama_collection,青山コレクション公式の公開リールでSpecial thanksとしてアカウント名を確認。プロフィールは公開だが投稿はなく大学名は未確認のためB判定,https://www.instagram.com/etsuko_kanagae/reel/DQBeUijExUk/,B,2026-08-18,unknown,not_checked,,公開プロフィール。イベント関係者として記録し初回DM対象外
minladybride,https://www.instagram.com/minladybride/,フルオーダードレス | MINLADY BRIDE,5434,5434,other,public,mention_or_tag,circle_event,aoyama_collection,青山コレクション関係の公開タグ付け投稿で衣装協力先として確認。大学公式ではなくイベント協力先のためB判定,https://www.instagram.com/moca.2812/p/DB6QtVbzzKF/,B,2026-08-18,unknown,not_checked,,公開事業者アカウント。青山コレクションとの接点を根拠として記録し初回DM対象外
tokyo_lolita,https://www.instagram.com/tokyo_lolita/,東京ロリィタ ｜ロリィタ服の宅配レンタル,3966,3966,other,public,mention_or_tag,circle_event,aoyama_collection,青山コレクション関連の公開タグ付け投稿で衣装関連アカウントとして確認。プロフィールに青学明記はないためC判定,https://www.instagram.com/akane_tsukishima/p/DQrddTFkish/,C,2026-08-18,unknown,not_checked,,公開事業者アカウント。根拠投稿は過去タグであり青学との直接関係は未確認のため初回DM対象外
25xxm,https://www.instagram.com/25xxm/,真実,1101,1101,individual,public,mention_or_tag,circle_event,freiheit___2026,青山学院大学フットサルサークルFreiheitの公開投稿でタグ付けされプロフィールにも20 Aoyamaと記載,https://www.instagram.com/freiheit___2026/p/DWjHFg9iVcC/,B,2026-08-19,unknown,not_checked,,公開プロフィール。Freiheit投稿のタグ付けとプロフィールの20 Aoyamaを確認。年齢情報は収集していない
gr1vew,https://www.instagram.com/gr1vew/,つぐ美,233,233,individual,public,mention_or_tag,circle_event,freiheit___2026,青山学院大学フットサルサークルFreiheitの公開投稿でタグ付けされプロフィールにaoyama20と記載,https://www.instagram.com/freiheit___2026/p/DWbXe-4CRp8/,B,2026-08-19,unknown,not_checked,,公開プロフィール。Freiheit投稿のタグ付けとプロフィールのaoyama20を確認。年齢情報は収集していない
flatman_japan,https://www.instagram.com/flatman_japan/,フラットマン,2216,2216,other,public,mention_or_tag,circle_event,agu_info,青学情報局のタグ付け一覧に表示される公開投稿。ミスコン応援アカウントだが青学との直接関係はプロフィールで確認できない,https://www.instagram.com/flatman_japan/reel/DQjJO9IAcFe/,C,2026-08-19,unknown,not_checked,,公開事業者アカウント。青学との直接関係が未確認のため初回DM対象外
i2.cafe,https://www.instagram.com/i2.cafe/,i2 cafe（アイツー）,12000,1.2万,other,public,mention_or_tag,circle_event,agu_info,青学情報局が紹介する渋谷表参道グルメ関連の公開投稿でタグ付け,https://www.instagram.com/shibuomofoods/p/CyQLbYqppew/,C,2026-08-19,unknown,not_checked,,公開店舗アカウント。青学との直接関係が未確認のため初回DM対象外
norinori1108_,https://www.instagram.com/norinori1108_/,noriko-otsu,370,370,individual,public,mention_or_tag,circle_event,agu_info,青学情報局の公開投稿で確認した公開プロフィール。プロフィールに青学明記はない,https://www.instagram.com/norinori1108_/p/Caic9BABl0z/,C,2026-08-19,unknown,not_checked,,公開プロフィール。青学との関係は投稿文脈のみで初回DM対象外。年齢情報は収集していない
brianshinsekai,https://www.instagram.com/brianshinsekai/,ブライアン新世界,5272,5272,individual,public,mention_or_tag,circle_event,agu_info,青学情報局の公開投稿でタグ付けされた公開音楽家プロフィール。青学との直接関係は未確認,https://www.instagram.com/brianshinsekai/p/CZ1zPi1psII/,C,2026-08-19,unknown,not_checked,,公開プロフィール。青学との直接関係が未確認のため初回DM対象外
kanta199404,https://www.instagram.com/kanta199404/,カンタ（水溜りボンド）,248000,24.8万,individual,public,mention_or_tag,circle_event,aogaku_tv,青学TV関連の公開投稿でタグ付けされた公開プロフィール。青学との直接関係はプロフィールで未確認,https://www.instagram.com/maho_kanda_/p/C67-CISrgLD/,C,2026-08-19,unknown,not_checked,,公開プロフィール。青学との直接関係が未確認のため初回DM対象外
____s0_r,https://www.instagram.com/____s0_r/,____s0_r,73,73,individual,public,mention_or_tag,circle_event,aogaku_tv,青学TV関連の公開投稿でタグ付けされた公開プロフィール。プロフィールに青学明記はない,https://www.instagram.com/brianshinsekai/p/CZ1zPi1psII/,C,2026-08-19,unknown,not_checked,,公開プロフィール。青学との関係は投稿文脈のみで初回DM対象外。年齢情報は収集していない
kamadashowgo,https://www.instagram.com/kamadashowgo/,鎌田章吾 KamaShow,1385,1385,individual,public,mention_or_tag,circle_event,agu_info,青学情報局関連の公開投稿でタグ付けされた公開音楽家プロフィール。青学との直接関係は未確認,https://www.instagram.com/brianshinsekai/p/CaMxLwKprZH/,C,2026-08-19,unknown,not_checked,,公開プロフィール。青学との直接関係が未確認のため初回DM対象外
34_syota3._,https://www.instagram.com/34_syota3._/,塩出翔太,55000,5.5万,individual,public,hashtag_post,keyword_search,aogaku_tv,青学TVの公開リールで青山学院大学の競技者として紹介された公開プロフィール,https://www.instagram.com/aogaku_tv/reel/DFKuc6hvPYu/,B,2026-08-19,unknown,not_checked,,公開競技者プロフィール。青学TVの紹介を根拠に記録。年齢情報は収集していない
akimu_sei,https://www.instagram.com/akimu_sei/,野村昭夢 / AKIMU NOMURA,43000,4.3万,individual,public,hashtag_post,keyword_search,aogaku_tv,青学TVの公開リールで青山学院大学の競技者として紹介された公開プロフィール,https://www.instagram.com/aogaku_tv/reel/DFO_gKiv0aM/,B,2026-08-19,unknown,not_checked,,公開競技者プロフィール。青学TVの紹介を根拠に記録。年齢情報は収集していない
aoi.ota.coffee,https://www.instagram.com/aoi.ota.coffee/,Aoi Ota 太田蒼生,23000,2.3万,individual,public,hashtag_post,keyword_search,aogaku_tv,青学TVの公開リールで青山学院大学の競技者として紹介された公開プロフィール,https://www.instagram.com/aogaku_tv/reel/DEZUtHiPSo6/,B,2026-08-19,unknown,not_checked,,公開競技者プロフィール。青学TVの紹介を根拠に記録。年齢情報は収集していない
aoi.ota.run,https://www.instagram.com/aoi.ota.run/,Aoi Ota 太田蒼生,100000,10万,individual,public,hashtag_post,keyword_search,aogaku_tv,青学TVの公開リールで青山学院大学の競技者として紹介された公開プロフィール,https://www.instagram.com/aogaku_tv/reel/DEZUtHiPSo6/,B,2026-08-19,unknown,not_checked,,公開競技者プロフィール。公開の別プロフィールとして記録。青学TVの紹介を根拠にし年齢情報は収集していない
comomo1523,https://www.instagram.com/comomo1523/,こもも,45,45,individual,public,profile_explicit,hub_followers,aogaku_tv,青学TVの公開フォロワー一覧で表示されプロフィールに青山学院大学を明記,https://www.instagram.com/aogaku_tv/,A,2026-08-19,unknown,not_checked,,公開プロフィール。プロフィールの青山学院大学表記を確認。年齢情報は収集していない
dekaoto.march,https://www.instagram.com/dekaoto.march/,【MARCH合同LIVE】とにかくデカい音を出す会,23,23,event,public,profile_explicit,circle_event,aorock_official,青山学院大学軽音楽振興愛好会が主催するMARCH合同LIVE公式アカウントとしてプロフィールに青学との関係を明記,https://www.instagram.com/dekaoto.march/reel/DZo3oJtPk_7/,A,2026-08-19,unknown,not_checked,,公開イベントアカウント。青学関連イベントの明記を確認。年齢情報は収集していない
mr.kumagai,https://www.instagram.com/mr.kumagai/,熊谷ゼミ @ 青山学院大学 法学部,49,49,student_media,public,profile_explicit,hub_followers,aoyamagakuinuniversity,青山学院大学公式アカウントの公開フォロワー検索で表示されプロフィールに青山学院大学法学部を明記,https://www.instagram.com/mr.kumagai/,A,2026-08-19,unknown,not_checked,,公開ゼミプロフィール。年齢情報は収集していない
kuramatsuzemi2026.agu,https://www.instagram.com/kuramatsuzemi2026.agu/,青山学院大学 国際政治経済学部 倉松中ゼミ,45,45,student_media,public,profile_explicit,hub_followers,aoyamagakuinuniversity,青山学院大学公式アカウントの公開フォロワー検索で表示されプロフィールに青山学院大学倉松中ゼミを明記,https://www.instagram.com/kuramatsuzemi2026.agu/,A,2026-08-19,unknown,not_checked,,公開ゼミプロフィール。年齢情報は収集していない
kuroishi_seminar,https://www.instagram.com/kuroishi_seminar/,青山学院大学 黒石ゼミ,63,63,student_media,public,profile_explicit,hub_followers,aoyamagakuinuniversity,青山学院大学公式アカウントの公開フォロワー検索で表示されプロフィールに青山学院大学黒石ゼミを明記,https://www.instagram.com/kuroishi_seminar/,A,2026-08-19,unknown,not_checked,,公開ゼミプロフィール。年齢情報は収集していない
lovezawa_seminar,https://www.instagram.com/lovezawa_seminar/,青山学院大学 藍澤ゼミ,41,41,student_media,public,profile_explicit,hub_followers,aoyamagakuinuniversity,青山学院大学公式アカウントの公開フォロワー検索で表示されプロフィールに青山学院大学藍澤ゼミを明記,https://www.instagram.com/lovezawa_seminar/,A,2026-08-19,unknown,not_checked,,公開ゼミプロフィール。年齢情報は収集していない
haruvyxerr_,https://www.instagram.com/haruvyxerr_/,Haru,14,14,individual,public,profile_explicit,hub_followers,aogaku_tv,プロフィールにAGUを明記,https://www.instagram.com/haruvyxerr_/,A,2026-08-19,unknown,not_checked,,公開プロフィール。年齢情報は収集していない
32.94860735,https://www.instagram.com/32.94860735/,Wen,1,1,individual,public,hub_follower,hub_followers,aogaku_tv,青学TVの公開フォロワー一覧で表示された公開プロフィール。青学明記は未確認,https://www.instagram.com/aogaku_tv/,B,2026-08-19,unknown,not_checked,,青学との関連は青学TVフォロワー経由のみ。初回DM対象外。年齢情報は収集していない
uu.chin,https://www.instagram.com/uu.chin/,Kumi Akiyama,439,439,individual,public,hub_follower,hub_followers,aogaku_tv,青学TVの公開フォロワー一覧で表示された公開プロフィール。青学明記は未確認,https://www.instagram.com/aogaku_tv/,B,2026-08-19,unknown,not_checked,,青学との関連は青学TVフォロワー経由のみ。初回DM対象外。年齢情報は収集していない
chamini.official,https://www.instagram.com/chamini.official/,chamini（チャミニ）,1575,1575,other,public,mention_or_tag,hashtag,o8rn2y,青学明記の公開プロフィールから制作ブランドとしてリンクされた公開公式アカウント,https://www.instagram.com/o8rn2y/p/DWCIjwGlBtJ/,B,2026-08-19,unknown,not_checked,,青学との関連は青学明記プロフィールからのブランドリンク。年齢情報は収集していない
hosokawa_zemi.agu,https://www.instagram.com/hosokawa_zemi.agu/,青山学院大学 細川ゼミ 2026年度,117,117,student_media,public,profile_explicit,hub_followers,aogaku_caps,プロフィールに青山学院大学法学部細川ゼミを明記,https://www.instagram.com/hosokawa_zemi.agu/,A,2026-08-19,unknown,not_checked,,公開ゼミプロフィール。年齢情報は収集していない
perseas_2026,https://www.instagram.com/perseas_2026/,PerSeas 2026年度 新歓,491,491,circle_official,public,hub_follower,hub_followers,aogaku_caps,青学キャップスの公開フォロワー一覧で表示された公開インカレサークル。青学明記は未確認,https://www.instagram.com/aogaku_caps/,B,2026-08-19,unknown,not_checked,,インカレサークルの公開プロフィール。青学との関連はハブ経由のみ。初回DM対象外。年齢情報は収集していない
wadazemi2026_official,https://www.instagram.com/wadazemi2026_official/,和田ゼミ,181,181,student_media,public,profile_explicit,hub_followers,aogaku_caps,プロフィールに青山学院大学和田ゼミ公式と国際政治経済学を明記,https://www.instagram.com/wadazemi2026_official/,A,2026-08-19,unknown,not_checked,,公開ゼミプロフィール。年齢情報は収集していない
sueda_seminar,https://www.instagram.com/sueda_seminar/,青山学院大学 末田ゼミ,112,112,student_media,public,profile_explicit,hub_followers,aogaku_caps,プロフィールに青山学院大学国際政治経済学部末田ゼミを明記,https://www.instagram.com/sueda_seminar/,A,2026-08-19,unknown,not_checked,,公開ゼミプロフィール。年齢情報は収集していない
nomura_seminar,https://www.instagram.com/nomura_seminar/,青山学院大学 野村ゼミ,93,93,student_media,public,profile_explicit,hub_followers,aogaku_caps,プロフィールに青山学院大学国際政治経済学部野村ゼミを明記,https://www.instagram.com/nomura_seminar/,A,2026-08-19,unknown,not_checked,,公開ゼミプロフィール。年齢情報は収集していない
aminnomori,https://www.instagram.com/aminnomori/,あーみんの森,4601,4601,other,public,hub_follower,hub_followers,aogaku_caps,青学キャップスの公開フォロワー一覧で表示された公開プロフィール。青学明記は未確認,https://www.instagram.com/aogaku_caps/,B,2026-08-19,unknown,not_checked,,青学との関連は青学キャップスフォロワー経由のみ。初回DM対象外。年齢情報は収集していない
komikomiku,https://www.instagram.com/komikomiku/,つっちー｜渋谷Park in Park/藤野Green School Fujino,1960,1960,other,public,hub_follower,hub_followers,aogaku_caps,青学キャップスの公開フォロワー一覧で表示された公開プロフィール。青学明記は未確認,https://www.instagram.com/aogaku_caps/,B,2026-08-19,unknown,not_checked,,青学との関連は青学キャップスフォロワー経由のみ。初回DM対象外。年齢情報は収集していない
businesscontest_king,https://www.instagram.com/businesscontest_king/,Business Contest KING 実行委員会,4136,4136,event,public,hub_follower,hub_followers,aogaku_caps,青学キャップスの公開フォロワー一覧で表示された公開学生イベントアカウント。青学明記は未確認,https://www.instagram.com/aogaku_caps/,B,2026-08-19,unknown,not_checked,,学生イベントの公開プロフィール。青学との関連はハブ経由のみ。初回DM対象外。年齢情報は収集していない
seattleitetatz,https://www.instagram.com/seattleitetatz/,林達郎🇯🇵 | Tatz🇺🇸,2002,2002,individual,public,profile_explicit,hub_followers,aogaku_caps,プロフィールに青山学院大学体育会空手道部OBを明記,https://www.instagram.com/seattleitetatz/,A,2026-08-19,unknown,not_checked,,公開プロフィール。年齢情報は収集していない
yaccy73,https://www.instagram.com/yaccy73/,下村泰司,918,918,individual,public,hub_follower,hub_followers,aogaku_caps,青学キャップスの公開フォロワー一覧で表示された公開プロフィール。青学明記は未確認,https://www.instagram.com/aogaku_caps/,B,2026-08-19,unknown,not_checked,,青学との関連は青学キャップスフォロワー経由のみ。初回DM対象外。年齢情報は収集していない
womtech_stem,https://www.instagram.com/womtech_stem/,wom-tech,1144,1144,other,public,hub_follower,hub_followers,aogaku_caps,青学キャップスの公開フォロワー一覧で表示された公開コミュニティ。青学明記は未確認,https://www.instagram.com/aogaku_caps/,B,2026-08-19,unknown,not_checked,,学生向けコミュニティの公開プロフィール。青学との関連はハブ経由のみ。初回DM対象外。年齢情報は収集していない
daigaku.tabe_nomi,https://www.instagram.com/daigaku.tabe_nomi/,大学インカレ 好きな時に食べ飲み会,1274,1274,event,public,hub_follower,hub_followers,aogaku_caps,青学キャップスの公開フォロワー一覧で表示された公開インカレアカウント。青学明記は未確認,https://www.instagram.com/aogaku_caps/,B,2026-08-19,unknown,not_checked,,インカレイベントの公開プロフィール。青学との関連はハブ経由のみ。初回DM対象外。年齢情報は収集していない
inno_x_echo,https://www.instagram.com/inno_x_echo/,イノエコ@28卒就活｜大手内定者がサポート,1348,1348,other,public,hub_follower,hub_followers,aogaku_caps,青学キャップスの公開フォロワー一覧で表示された公開就活コミュニティ。青学明記は未確認,https://www.instagram.com/aogaku_caps/,B,2026-08-19,unknown,not_checked,,学生向け就活コミュニティの公開プロフィール。青学との関連はハブ経由のみ。初回DM対象外。年齢情報は収集していない
beni.arai,https://www.instagram.com/beni.arai/,荒井 益美,600,600,individual,public,profile_explicit,hub_followers,aogaku_tv,プロフィールに母校青学と青学駅伝野球の応援を明記,https://www.instagram.com/beni.arai/,A,2026-08-19,unknown,not_checked,,公開プロフィール。年齢情報は収集していない
keio_sometimes2026,https://www.instagram.com/keio_sometimes2026/,慶應インカレサークルsometimes2026,1646,1646,circle_official,public,hub_follower,hub_followers,aogaku_caps,青学キャップスの公開フォロワー一覧で表示された公開インカレサークル。プロフィールに青学明記は未確認,https://www.instagram.com/aogaku_caps/,B,2026-08-19,unknown,not_checked,,青学との関連はハブ経由のみ。初回DM対象外。年齢情報は収集していない
sakuwazemi_2025,https://www.instagram.com/sakuwazemi_2025/,佐桑ゼミ,75,75,student_media,public,profile_explicit,hub_followers,aogaku_tv,プロフィールにAoyama Gakuin University SIPECを明記,https://www.instagram.com/sakuwazemi_2025/,A,2026-08-19,unknown,not_checked,,青学ゼミ公式プロフィール。年齢情報は収集していない
yoshidazemidayo,https://www.instagram.com/yoshidazemidayo/,青山学院大学 吉田ゼミ,102,102,student_media,public,profile_explicit,keyword_search,instagram_search:青山学院大学 ゼミ,プロフィール名と自己紹介に青山学院大学・経済学部を明記,https://www.instagram.com/yoshidazemidayo/,A,2026-08-19,unknown,not_checked,,青学ゼミ公式プロフィール。年齢情報は収集していない
kanto_sup_students,https://www.instagram.com/kanto_sup_students/,関東学生SUPクラブ,146,146,circle_official,public,hub_follower,hub_followers,aogaku_tv,青学TVの公開フォロワー一覧で表示された公開学生スポーツ団体。プロフィールに青学明記は未確認,https://www.instagram.com/aogaku_tv/,B,2026-08-19,unknown,not_checked,,青学との関連はハブ経由のみ。初回DM対象外。年齢情報は収集していない
spartan.202501,https://www.instagram.com/spartan.202501/,Spartan就活支援,22,22,other,public,hub_follower,hub_followers,aogaku_tv,青学TVの公開フォロワー一覧で表示された公開学生向け就活支援アカウント。プロフィールに青学明記は未確認,https://www.instagram.com/aogaku_tv/,B,2026-08-19,unknown,not_checked,,青学との関連はハブ経由のみ。初回DM対象外。年齢情報は収集していない
dop_20251201,https://www.instagram.com/dop_20251201/,DOP,15,15,event,public,hub_follower,hub_followers,aogaku_tv,青学TVの公開フォロワー一覧で表示された公開イベント・音楽アカウント。青学明記は未確認,https://www.instagram.com/aogaku_tv/,B,2026-08-19,unknown,not_checked,,青学との関連はハブ経由のみ。初回DM対象外。年齢情報は収集していない
tokyo_student_volunteer,https://www.instagram.com/tokyo_student_volunteer/,東京学生ボランティアサークル,192,192,circle_official,public,hub_follower,hub_followers,aogaku.magazine,青学マガジンの公開フォロワー一覧で表示された公開学生ボランティア団体。プロフィールに青学明記は未確認,https://www.instagram.com/aogaku.magazine/,B,2026-08-19,unknown,not_checked,,青学との関連はハブ経由のみ。初回DM対象外。年齢情報は収集していない
inkare_amigo2025,https://www.instagram.com/inkare_amigo2025/,インカレサークルAmigo 2026,587,587,circle_official,public,hub_follower,hub_followers,aogaku.magazine,青学マガジンの公開フォロワー一覧で表示された公開インカレサークル。プロフィールに青学明記は未確認,https://www.instagram.com/aogaku.magazine/,B,2026-08-19,unknown,not_checked,,青学との関連はハブ経由のみ。初回DM対象外。年齢情報は収集していない
digmee_official,https://www.instagram.com/digmee_official/,Digmee｜学内のランチ友だちが見つかるアプリ,475,475,other,public,hub_follower,hub_followers,aogaku_caps,青学キャップスの公開フォロワー一覧で表示された公開学生向けアプリ運営アカウント。プロフィールに青学明記は未確認,https://www.instagram.com/aogaku_caps/,B,2026-08-19,unknown,not_checked,,公開プロフィールを個別確認。青学との関連はハブ経由のみ。初回DM対象外。年齢情報は収集していない
shibuya_nomisuki_official,https://www.instagram.com/shibuya_nomisuki_official/,渋谷飲みナンクルナイサー会,143,143,event,public,hub_follower,hub_followers,aogaku_caps,青学キャップスの公開フォロワー一覧で表示された公開学生向けイベントアカウント。プロフィールに青学明記は未確認,https://www.instagram.com/aogaku_caps/,B,2026-08-19,unknown,not_checked,,公開プロフィールを個別確認。青学との関連はハブ経由のみ。初回DM対象外。年齢情報は収集していない
shukatsu_secondcampus_official,https://www.instagram.com/shukatsu_secondcampus_official/,Second Campus公式｜27卒・28卒・29卒対象,1818,1818,other,public,hub_follower,hub_followers,aoyama.hack,青学ハックの公開フォロワー一覧で表示された公開学生向けキャリアコミュニティ。プロフィールに青学明記は未確認,https://www.instagram.com/aoyama.hack/,B,2026-08-19,unknown,not_checked,,公開プロフィールを個別確認。青学との関連はハブ経由のみ。初回DM対象外。年齢情報は収集していない
waseda_wing.internship,https://www.instagram.com/waseda_wing.internship/,W.I.N.G｜早大生の為の長期インターンイベント,227,227,event,public,hub_follower,hub_followers,aoyama.hack,青学ハックの公開フォロワー一覧で表示された公開学生向けインターンイベント。プロフィールに青学明記は未確認,https://www.instagram.com/aoyama.hack/,B,2026-08-19,unknown,not_checked,,公開プロフィールを個別確認。青学との関連はハブ経由のみ。初回DM対象外。年齢情報は収集していない
gsc2025_official,https://www.instagram.com/gsc2025_official/,地球社会共生学部同窓会,1309,1309,student_media,public,profile_explicit,hub_followers,aogaku_caps,プロフィールに地球社会共生学部同窓会と青山学院大学関連URLを明記,https://www.instagram.com/gsc2025_official/,A,2026-08-19,unknown,not_checked,,公開プロフィールを個別確認。青山学院大学の同窓会アカウント。年齢情報は収集していない
mafiasc_official,https://www.instagram.com/mafiasc_official/,就職・転職関連ネットワーク,95,95,other,public,hub_follower,hub_followers,aogaku_caps,青学キャップスの公開フォロワー一覧で表示された公開学生向け就職関連アカウント。プロフィールに青学明記は未確認,https://www.instagram.com/aogaku_caps/,B,2026-08-19,unknown,not_checked,,公開プロフィールを個別確認。青学明記はなく学生関連ハブ経由のみ。初回DM対象外。年齢情報は収集していない
chuo_caps,https://www.instagram.com/chuo_caps/,中央大学キャップス（中大生向けメディア）@春から中央🌸,3788,3788,student_media,public,hub_follower,hub_followers,aogaku_caps,青学キャップスの公開フォロワー一覧で表示された公開大学生向けメディア。プロフィールに青学明記は未確認,https://www.instagram.com/aogaku_caps/,B,2026-08-19,unknown,not_checked,,公開プロフィールを個別確認。青学明記はなく学生関連ハブ経由のみ。初回DM対象外。年齢情報は収集していない
hosei_caps,https://www.instagram.com/hosei_caps/,法政大学キャップス（法大生向けメディア）@春から法政🌸,3749,3749,student_media,public,hub_follower,hub_followers,aogaku_caps,青学キャップスの公開フォロワー一覧で表示された公開大学生向けメディア。プロフィールに青学明記は未確認,https://www.instagram.com/aogaku_caps/,B,2026-08-19,unknown,not_checked,,公開プロフィールを個別確認。青学明記はなく学生関連ハブ経由のみ。初回DM対象外。年齢情報は収集していない
seikei_sports_official,https://www.instagram.com/seikei_sports_official/,【公式】成蹊大学体育会本部,2149,2149,circle_official,public,hub_follower,hub_followers,aoyama.hack,青学ハックの公開フォロワー一覧で表示された公開大学スポーツ組織。プロフィールに青学明記は未確認,https://www.instagram.com/aoyama.hack/,B,2026-08-19,unknown,not_checked,,公開プロフィールを個別確認。青学明記はなく学生関連ハブ経由のみ。初回DM対象外。年齢情報は収集していない
somewalk2570003,https://www.instagram.com/somewalk2570003/,社会人サークル「SomeWalk」,1016,1016,event,public,hub_follower,hub_followers,aoyama.hack,青学ハックの公開フォロワー一覧で表示された公開交流イベントアカウント。プロフィールに青学明記は未確認,https://www.instagram.com/aoyama.hack/,B,2026-08-19,unknown,not_checked,,公開プロフィールを個別確認。青学明記はなく学生関連ハブ経由のみ。初回DM対象外。年齢情報は収集していない
sas.a2524,https://www.instagram.com/sas.a2524/,インカレサークル「ピア」🎉新歓開催中🎉,1395,1395,circle_official,public,hub_follower,hub_followers,aoyama.hack,青学ハックの公開フォロワー一覧で表示された公開インカレサークル。プロフィールに青学明記は未確認,https://www.instagram.com/aoyama.hack/,B,2026-08-19,unknown,not_checked,,公開プロフィールを個別確認。青学明記はなく学生関連ハブ経由のみ。初回DM対象外。年齢情報は収集していない
lili13192026,https://www.instagram.com/lili13192026/,インカレサークルLiam 2026新歓開催中,1177,1177,circle_official,public,hub_follower,hub_followers,aoyama.hack,青学ハックの公開フォロワー一覧で表示された公開インカレサークル。プロフィールに青学明記は未確認,https://www.instagram.com/aoyama.hack/,B,2026-08-19,unknown,not_checked,,公開プロフィールを個別確認。青学明記はなく学生関連ハブ経由のみ。初回DM対象外。年齢情報は収集していない
themodusclub,https://www.instagram.com/themodusclub/,The Modus Club,98,98,event,public,hub_follower,hub_followers,aoyama_afa,青山ファッション系ハブの公開フォロワー一覧で表示された公開学生運営ファッションイベント。プロフィールに青学明記は未確認,https://www.instagram.com/aoyama_afa/,B,2026-08-19,unknown,not_checked,,公開プロフィールを個別確認。青学明記はなく青山ファッション系ハブ経由のみ。初回DM対象外。年齢情報は収集していない
thefirstwave_2026,https://www.instagram.com/thefirstwave_2026/,THE FIRST WAVE 2026,196,196,event,public,hub_follower,hub_followers,aoyama_afa,青山ファッション系ハブの公開フォロワー一覧で表示された公開学生向けイベント。プロフィールに青学明記は未確認,https://www.instagram.com/aoyama_afa/,B,2026-08-19,unknown,not_checked,,公開プロフィールを個別確認。青学明記はなく青山ファッション系ハブ経由のみ。初回DM対象外。年齢情報は収集していない
diamond.daigaku,https://www.instagram.com/diamond.daigaku/,ダイヤモンド就活ナビ学生支援係,637,637,other,public,hub_follower,hub_followers,aoyama_afa,青山ファッション系ハブの公開フォロワー一覧で表示された公開学生支援サービス。プロフィールに青学明記は未確認,https://www.instagram.com/aoyama_afa/,B,2026-08-19,unknown,not_checked,,公開プロフィールを個別確認。青学明記はなく青山ファッション系ハブ経由のみ。初回DM対象外。年齢情報は収集していない
sp_spica1,https://www.instagram.com/sp_spica1/,学生団体SPICA,143,143,circle_official,public,hub_follower,hub_followers,aoyama_afa,青山ファッション系ハブの公開フォロワー一覧で表示された公開学生団体。プロフィールに青学明記は未確認,https://www.instagram.com/aoyama_afa/,B,2026-08-19,unknown,not_checked,,公開プロフィールを個別確認。青学明記はなく青山ファッション系ハブ経由のみ。初回DM対象外。年齢情報は収集していない
dokkyo_info,https://www.instagram.com/dokkyo_info/,Dokkyo-Info. @獨協大学情報メディア,811,811,student_media,public,hub_follower,hub_followers,aoyama.hack,青学ハックの公開フォロワー一覧で表示された公開大学生向け情報メディア。プロフィールに青学明記は未確認,https://www.instagram.com/aoyama.hack/,B,2026-08-19,unknown,not_checked,,公開プロフィールを個別確認。青学明記はなく学生関連ハブ経由のみ。初回DM対象外。年齢情報は収集していない
bunka_show_official,https://www.instagram.com/bunka_show_official/,文化服装学院文化祭プレス,8921,8921,event,public,hub_follower,hub_followers,aoyama_collection,青山コレクションの公開フォロワー一覧で表示された公開服飾系学生イベント。プロフィールに青学明記は未確認,https://www.instagram.com/aoyama_collection/,B,2026-08-19,unknown,not_checked,,公開プロフィールを個別確認。青学明記はなく学生イベント系ハブ経由のみ。初回DM対象外。年齢情報は収集していない
soccer_event2026,https://www.instagram.com/soccer_event2026/,サッカー観戦交流イベント in渋谷,264,264,event,public,hub_follower,hub_followers,agu_info,青学情報局の公開フォロワー一覧で表示された公開学生向け交流イベント。プロフィールに青学明記は未確認,https://www.instagram.com/agu_info/,B,2026-08-19,unknown,not_checked,,公開プロフィールを個別確認。青学明記はなく青学情報局のハブ経由のみ。初回DM対象外。年齢情報は収集していない
lin_kstyle.staff,https://www.instagram.com/lin_kstyle.staff/,dance event【Link Style】staffアカウント,761,761,event,public,hub_follower,hub_followers,agu_info,青学情報局の公開フォロワー一覧で表示された公開学生向けダンスイベント。プロフィールに青学明記は未確認,https://www.instagram.com/agu_info/,B,2026-08-19,unknown,not_checked,,公開プロフィールを個別確認。青学明記はなく青学情報局のハブ経由のみ。初回DM対象外。年齢情報は収集していない
circle_sponsorship_2023,https://www.instagram.com/circle_sponsorship_2023/,株式会社アタックオン サークル協賛,622,622,other,public,hub_follower,hub_followers,agu_info,青学情報局の公開フォロワー一覧で表示された公開大学サークル支援サービス。プロフィールに青学明記は未確認,https://www.instagram.com/agu_info/,B,2026-08-19,unknown,not_checked,,公開プロフィールを個別確認。青学明記はなく青学情報局のハブ経由のみ。初回DM対象外。年齢情報は収集していない
info_jukusei,https://www.instagram.com/info_jukusei/,塾生情報局(慶應生向けメディア) @春から慶應,27000,2.7万,student_media,public,hub_follower,hub_followers,agu_info,青学情報局の公開フォロワー一覧で表示された公開大学生向けメディア。プロフィールに青学明記は未確認,https://www.instagram.com/agu_info/,B,2026-08-19,unknown,not_checked,,公開プロフィールを個別確認。青学明記はなく学生メディア系ハブ経由のみ。初回DM対象外。年齢情報は収集していない
mei_kyoku,https://www.instagram.com/mei_kyoku/,メイキョク｜明治大学生向けメディア #春から明治,17000,1.7万,student_media,public,hub_follower,hub_followers,agu_info,青学情報局の公開フォロワー一覧で表示された公開大学生向けメディア。プロフィールに青学明記は未確認,https://www.instagram.com/agu_info/,B,2026-08-19,unknown,not_checked,,公開プロフィールを個別確認。青学明記はなく学生メディア系ハブ経由のみ。初回DM対象外。年齢情報は収集していない
meidai_media,https://www.instagram.com/meidai_media/,明大メディア（明治大学生向けメディア）@春から明治,7279,7279,student_media,public,hub_follower,hub_followers,agu_info,青学情報局の公開フォロワー一覧で表示された公開大学生向けメディア。プロフィールに青学明記は未確認,https://www.instagram.com/agu_info/,B,2026-08-19,unknown,not_checked,,公開プロフィールを個別確認。青学明記はなく学生メディア系ハブ経由のみ。初回DM対象外。年齢情報は収集していない
info_nagoya_meidai,https://www.instagram.com/info_nagoya_meidai/,名大情報局【名大生向け情報メディア】,5315,5315,student_media,public,hub_follower,hub_followers,agu_info,青学情報局の公開フォロワー一覧で表示された公開大学生向けメディア。プロフィールに青学明記は未確認,https://www.instagram.com/agu_info/,B,2026-08-19,unknown,not_checked,,公開プロフィールを個別確認。青学明記はなく学生メディア系ハブ経由のみ。初回DM対象外。年齢情報は収集していない
kangaku_info,https://www.instagram.com/kangaku_info/,関学情報局 | 関学生向けメディア,2,2,student_media,public,hub_follower,hub_followers,agu_info,青学情報局の公開フォロワー一覧で表示された公開大学生向けメディア。プロフィールに青学明記は未確認,https://www.instagram.com/agu_info/,B,2026-08-19,unknown,not_checked,,公開プロフィールを個別確認。青学明記はなく投稿0件のため初回DM対象外。年齢情報は収集していない
info_waseda,https://www.instagram.com/info_waseda/,早稲田情報局(旧早大情報局) #春から早稲田,15000,1.5万,student_media,public,hub_follower,hub_followers,agu_info,青学情報局の公開フォロワー一覧で表示された公開大学生向けメディア。プロフィールに青学明記は未確認,https://www.instagram.com/agu_info/,B,2026-08-19,unknown,not_checked,,公開プロフィールを個別確認。青学明記はなく学生メディア系ハブ経由のみ。初回DM対象外。年齢情報は収集していない
info_tmu,https://www.instagram.com/info_tmu/,都立大情報局,1275,1275,student_media,public,hub_follower,hub_followers,agu_info,青学情報局の公開フォロワー一覧で表示された公開大学生向けメディア。プロフィールに青学明記は未確認,https://www.instagram.com/agu_info/,B,2026-08-19,unknown,not_checked,,公開プロフィールを個別確認。青学明記はなく学生メディア系ハブ経由のみ。初回DM対象外。年齢情報は収集していない
fashionstudies_official,https://www.instagram.com/fashionstudies_official/,FashionStudies®︎,667,667,student_media,public,hub_follower,hub_followers,aoyama_afa,青山ファッション系ハブの公開フォロワー一覧で表示された公開のファッション・学生向け情報アカウント。プロフィールに青学明記は未確認,https://www.instagram.com/aoyama_afa/,B,2026-08-19,unknown,not_checked,,公開プロフィールを個別確認。青学明記はなく青山系ハブ経由のみ。初回DM対象外。年齢情報は収集していない
pando_student,https://www.instagram.com/pando_student/,Pando,838,838,student_media,public,hub_follower,hub_followers,aoyama_afa,青山ファッション系ハブの公開フォロワー一覧で表示された公開の学生団体紹介・イベント情報アカウント。プロフィールに青学明記は未確認,https://www.instagram.com/aoyama_afa/,B,2026-08-19,unknown,not_checked,,公開プロフィールを個別確認。青学明記はなく青山系ハブ経由のみ。初回DM対象外。年齢情報は収集していない
dearme_fashion,https://www.instagram.com/dearme_fashion/,NPO法人DEAR ME,3781,3781,other,public,hub_follower,hub_followers,aoyama_afa,青山ファッション系ハブの公開フォロワー一覧で表示された公開のファッション系NPOアカウント。プロフィールに青学明記は未確認,https://www.instagram.com/aoyama_afa/,B,2026-08-19,unknown,not_checked,,公開プロフィールを個別確認。青学明記はなく青山系ハブ経由のみ。初回DM対象外。年齢情報は収集していない
readytofashionjp,https://www.instagram.com/readytofashionjp/,READY TO FASHION,5730,5730,student_media,public,hub_follower,hub_followers,aoyama_afa,青山ファッション系ハブの公開フォロワー一覧で表示された公開のファッション業界情報アカウント。プロフィールに青学明記は未確認,https://www.instagram.com/aoyama_afa/,B,2026-08-19,unknown,not_checked,,公開プロフィールを個別確認。青学明記はなく青山系ハブ経由のみ。初回DM対象外。年齢情報は収集していない
fashion_community1.0,https://www.instagram.com/fashion_community1.0/,fashion community1.0,137,137,student_media,public,hub_follower,hub_followers,aoyama_afa,青山ファッション系ハブの公開フォロワー一覧で表示された公開の学生団体コミュニティアカウント。プロフィールに青学明記は未確認,https://www.instagram.com/aoyama_afa/,B,2026-08-19,unknown,not_checked,,公開プロフィールを個別確認。青学明記はなく青山系ハブ経由のみ。初回DM対象外。年齢情報は収集していない
angle__2019,https://www.instagram.com/angle__2019/,Toyo Fashion,44,44,circle_official,public,hub_follower,hub_followers,aoyama_afa,青山ファッション系ハブの公開フォロワー一覧で表示された公開の大学服飾団体アカウント。プロフィールには東洋大学の記載があるが青学明記は未確認,https://www.instagram.com/aoyama_afa/,B,2026-08-19,unknown,not_checked,,公開プロフィールを個別確認。青学明記はなく青山系ハブ経由のみ。初回DM対象外。年齢情報は収集していない
ref.waseda,https://www.instagram.com/ref.waseda/,Rethink Fashion Waseda,3524,3524,circle_official,public,hub_follower,hub_followers,aoyama_afa,青山ファッション系ハブの公開フォロワー一覧で表示された公開の学生団体アカウント。プロフィールに早稲田の記載があるが青学明記は未確認,https://www.instagram.com/aoyama_afa/,B,2026-08-19,unknown,not_checked,,公開プロフィールを個別確認。青学明記はなく青山系ハブ経由のみ。初回DM対象外。年齢情報は収集していない
senshu_fashion_project,https://www.instagram.com/senshu_fashion_project/,SFP,187,187,circle_official,public,hub_follower,hub_followers,aoyama_afa,青山ファッション系ハブの公開フォロワー一覧で表示された公開の大学服飾サークル。プロフィールには専修大学の記載があるが青学明記は未確認,https://www.instagram.com/aoyama_afa/,B,2026-08-19,unknown,not_checked,,公開プロフィールを個別確認。青学明記はなく青山系ハブ経由のみ。初回DM対象外。年齢情報は収集していない
fashion_edu1969,https://www.instagram.com/fashion_edu1969/,日本ファッション教育振興協会,395,395,other,public,hub_follower,hub_followers,aoyama_afa,青山ファッション系ハブの公開フォロワー一覧で表示された公開のファッション教育団体アカウント。プロフィールに青学明記は未確認,https://www.instagram.com/aoyama_afa/,B,2026-08-19,unknown,not_checked,,公開プロフィールを個別確認。青学明記はなく青山系ハブ経由のみ。初回DM対象外。年齢情報は収集していない
keio_fashioncreator,https://www.instagram.com/keio_fashioncreator/,Keio Fashion Creator,4914,4914,circle_official,public,hub_follower,hub_followers,aoyama_afa,青山ファッション系ハブの公開フォロワー一覧で表示された公開の学生服飾団体。プロフィールに青学明記は未確認,https://www.instagram.com/aoyama_afa/,B,2026-08-19,unknown,not_checked,,公開プロフィールを個別確認。青学明記はなく青山系ハブ経由のみ。初回DM対象外。年齢情報は収集していない
fashionreplus,https://www.instagram.com/fashionreplus/,Replusーリプラス,1329,1329,circle_official,public,profile_explicit,hub_followers,aoyama_afa,プロフィールに「青山学院大学主催 インカレファッションサークル」と明記,https://www.instagram.com/fashionreplus/,A,2026-08-19,unknown,not_checked,,公開プロフィールを個別確認。青山学院大学関連の学生団体。年齢情報は収集していない
attack_on_jp,https://www.instagram.com/attack_on_jp/,【公式】株式会社Attack on｜サークル協賛,681,681,other,public,hub_follower,hub_followers,aogaku_tv,青学TVの公開フォロワー一覧で表示された公開の大学生向けサークル協賛アカウント。プロフィールに青学明記は未確認,https://www.instagram.com/aogaku_tv/,B,2026-08-19,unknown,not_checked,,公開プロフィールを個別確認。青学明記はなく青学TVの公開フォロワー経由のみ。初回DM対象外。年齢情報は収集していない
chicako.arai,https://www.instagram.com/chicako.arai/,新井 智香子,347,347,individual,public,hub_follower,hub_followers,agu_info,青学情報局の公開フォロワー一覧で表示された公開のファッション系プロフェッショナルアカウント。プロフィールに青学明記は未確認,https://www.instagram.com/agu_info/,B,2026-08-19,unknown,not_checked,,公開プロフィールを個別確認。青学明記はなく青学情報局の公開フォロワー経由のみ。初回DM対象外。年齢情報は収集していない
fgholly.a,https://www.instagram.com/fgholly.a/,柊子 shuko,1356,1356,individual,public,hub_follower,hub_followers,agu_info,青学情報局の公開フォロワー一覧で表示された公開プロフィール。プロフィールに青学明記は未確認,https://www.instagram.com/agu_info/,B,2026-08-19,unknown,not_checked,,公開プロフィールを個別確認。青学明記はなく青学情報局の公開フォロワー経由のみ。初回DM対象外。年齢情報は収集していない
36imasa36,https://www.instagram.com/36imasa36/,片桐 麻海 / KATAGIRI Asami,1281,1281,individual,public,hub_follower,hub_followers,agu_info,青学情報局の公開フォロワー一覧で表示された公開のスポーツ選手プロフィール。プロフィールに青学明記は未確認,https://www.instagram.com/agu_info/,B,2026-08-19,unknown,not_checked,,公開プロフィールを個別確認。青学明記はなく青学情報局の公開フォロワー経由のみ。初回DM対象外。年齢情報は収集していない
_am0602_,https://www.instagram.com/_am0602_/,miyu,1134,1134,individual,public,hub_follower,hub_followers,agu_info,青学情報局の公開フォロワー一覧で表示された公開プロフィール。プロフィールに青学明記は未確認,https://www.instagram.com/agu_info/,B,2026-08-19,unknown,not_checked,,公開プロフィールを個別確認。青学明記はなく青学情報局の公開フォロワー経由のみ。初回DM対象外。年齢情報は収集していない
addmagazine_official,https://www.instagram.com/addmagazine_official/,ADDmagazine,101,101,student_media,public,hub_follower,hub_followers,aoyama_afa,青山ファッション系ハブの公開フォロワー一覧で表示された公開の首都圏学生によるファッションメディア団体。プロフィールに青学明記は未確認,https://www.instagram.com/aoyama_afa/,B,2026-08-19,unknown,not_checked,,公開プロフィールを個別確認。青学明記はなく青山系ハブ経由のみ。初回DM対象外。年齢情報は収集していない
michiiii.cambodia,https://www.instagram.com/michiiii.cambodia/,学生国際協力団体Michiiii,1999,1999,student_media,public,hub_follower,hub_followers,agu_info,青学情報局の公開フォロワー一覧で表示された公開の学生国際協力団体。プロフィールに青学明記は未確認,https://www.instagram.com/agu_info/,B,2026-08-19,unknown,not_checked,,公開プロフィールを個別確認。青学明記はなく青学情報局の公開フォロワー経由のみ。初回DM対象外。年齢情報は収集していない
waavgeil,https://www.instagram.com/waavgeil/,学生団体GEIL(ガイル),2526,2526,student_media,public,hub_follower,hub_followers,agu_info,青学情報局の公開フォロワー一覧で表示された公開の学生団体。プロフィールに青学明記は未確認,https://www.instagram.com/agu_info/,B,2026-08-19,unknown,not_checked,,公開プロフィールを個別確認。青学明記はなく青学情報局の公開フォロワー経由のみ。初回DM対象外。年齢情報は収集していない
wakamono_jouchi,https://www.instagram.com/wakamono_jouchi/,学生団体WAKAMONO | 上智大学,187,187,student_media,public,hub_follower,hub_followers,agu_info,青学情報局の公開フォロワー一覧で表示された公開の学生団体・イベントアカウント。プロフィールに青学明記は未確認,https://www.instagram.com/agu_info/,B,2026-08-19,unknown,not_checked,,公開プロフィールを個別確認。青学明記はなく青学情報局の公開フォロワー経由のみ。初回DM対象外。年齢情報は収集していない
k_terakoya_shinkan,https://www.instagram.com/k_terakoya_shinkan/,鎌倉てらこや 学生の日常,868,868,student_media,public,hub_follower,hub_followers,agu_info,青学情報局の公開フォロワー一覧で表示された公開の学生向け団体アカウント。プロフィールに青学明記は未確認,https://www.instagram.com/agu_info/,B,2026-08-19,unknown,not_checked,,公開プロフィールを個別確認。青学明記はなく青学情報局の公開フォロワー経由のみ。初回DM対象外。年齢情報は収集していない
career_kyosan,https://www.instagram.com/career_kyosan/,キャリア協賛| 団体の活動費が貰える,924,924,other,public,hub_follower,hub_followers,agu_info,青学情報局の公開フォロワー一覧で表示された公開の学生団体協賛・キャリア情報アカウント。プロフィールに青学明記は未確認,https://www.instagram.com/agu_info/,B,2026-08-19,unknown,not_checked,,公開プロフィールを個別確認。青学明記はなく青学情報局の公開フォロワー経由のみ。初回DM対象外。年齢情報は収集していない
balancepro.jp,https://www.instagram.com/balancepro.jp/,BPくん 学生団体向け会計ツールBalance Pro代表,84,84,other,public,hub_follower,hub_followers,agu_info,青学情報局の公開フォロワー一覧で表示された公開の学生団体向けサービスアカウント。プロフィールに青学明記は未確認,https://www.instagram.com/agu_info/,B,2026-08-19,unknown,not_checked,,公開プロフィールを個別確認。青学明記はなく青学情報局の公開フォロワー経由のみ。初回DM対象外。年齢情報は収集していない
kagyosta,https://www.instagram.com/kagyosta/,学生団体カギョスタ,79,79,student_media,public,hub_follower,hub_followers,agu_info,青学情報局の公開フォロワー一覧で表示された公開の学生コミュニティアカウント。プロフィールに青学明記は未確認,https://www.instagram.com/agu_info/,B,2026-08-19,unknown,not_checked,,公開プロフィールを個別確認。青学明記はなく青学情報局の公開フォロワー経由のみ。初回DM対象外。年齢情報は収集していない
2ndspring_official,https://www.instagram.com/2ndspring_official/,学生団体 2ND SPRING OFFICIAL,587,587,student_media,public,hub_follower,hub_followers,agu_info,青学情報局の公開フォロワー一覧で表示された公開の学生団体アカウント。プロフィールに青学明記は未確認,https://www.instagram.com/agu_info/,B,2026-08-19,unknown,not_checked,,公開プロフィールを個別確認。青学明記はなく青学情報局の公開フォロワー経由のみ。初回DM対象外。年齢情報は収集していない
posse_programming,https://www.instagram.com/posse_programming/,POSSE | 大学生プログラミング学習コミュニティ,1925,1925,student_media,public,hub_follower,hub_followers,agu_info,青学情報局の公開フォロワー一覧で表示された公開の大学生向け学習コミュニティ。プロフィールに青学明記は未確認,https://www.instagram.com/agu_info/,B,2026-08-19,unknown,not_checked,,公開プロフィールを個別確認。青学明記はなく青学情報局の公開フォロワー経由のみ。初回DM対象外。年齢情報は収集していない
dtto_jp,https://www.instagram.com/dtto_jp/,Dtto┃大学生のリアルと有益情報を発信,4984,4984,student_media,public,hub_follower,hub_followers,agu_info,青学情報局の公開フォロワー一覧で表示された公開の大学生向け情報サービス。プロフィールに青学明記は未確認,https://www.instagram.com/agu_info/,B,2026-08-19,unknown,not_checked,,公開プロフィールを個別確認。青学明記はなく青学情報局の公開フォロワー経由のみ。初回DM対象外。年齢情報は収集していない
otoheyasquare_official,https://www.instagram.com/otoheyasquare_official/,音部屋スクエア ライブ イベント会場,800,800,event,public,hub_follower,hub_followers,agu_info,青学情報局の公開フォロワー一覧で表示された公開の学生向けイベント関連会場アカウント。プロフィールに青学明記は未確認,https://www.instagram.com/agu_info/,B,2026-08-19,unknown,not_checked,,公開プロフィールを個別確認。青学明記はなく青学情報局の公開フォロワー経由のみ。初回DM対象外。年齢情報は収集していない
fusio_japan,https://www.instagram.com/fusio_japan/,Fusio 国際交流フィットネスイベント,355,355,event,public,hub_follower,hub_followers,agu_info,青学情報局の公開フォロワー一覧で表示された公開の国際交流・学生向けイベントアカウント。プロフィールに青学明記は未確認,https://www.instagram.com/agu_info/,B,2026-08-19,unknown,not_checked,,公開プロフィールを個別確認。青学明記はなく青学情報局の公開フォロワー経由のみ。初回DM対象外。年齢情報は収集していない
career.univ,https://www.instagram.com/career.univ/,キャリア大学,137,137,student_media,public,hub_follower,hub_followers,aogaku.magazine,青学マガジンの公開フォロワー一覧で表示された公開の学生向けキャリア情報アカウント。プロフィールに青学明記は未確認,https://www.instagram.com/aogaku.magazine/,B,2026-08-19,unknown,not_checked,,公開プロフィールを個別確認。青学明記はなく青学マガジンの公開フォロワー経由のみ。初回DM対象外。年齢情報は収集していない
second_university,https://www.instagram.com/second_university/,『second university 』新入生交流会,727,727,event,public,hub_follower,hub_followers,aogaku.magazine,青学マガジンの公開フォロワー一覧で表示された公開の大学生向け交流イベント。プロフィールに青学明記は未確認,https://www.instagram.com/aogaku.magazine/,B,2026-08-19,unknown,not_checked,,公開プロフィールを個別確認。青学明記はなく青学マガジンの公開フォロワー経由のみ。初回DM対象外。年齢情報は収集していない
utkinkin.official,https://www.instagram.com/utkinkin.official/,東京大学インカレ筋トレサークル〜筋筋〜,25,25,circle_official,public,hub_follower,hub_followers,aoyama.hack,aoyama.hackの公開フォロワー一覧で表示された公開の学生サークル。プロフィールに青学明記は未確認,https://www.instagram.com/aoyama.hack/,B,2026-08-19,unknown,not_checked,,公開プロフィールを個別確認。青学明記はなく青山ハックの公開フォロワー経由のみ。初回DM対象外。年齢情報は収集していない
miyako_island_fes,https://www.instagram.com/miyako_island_fes/,Miyako Island Fes 2025,645,645,event,public,hub_follower,hub_followers,aogaku.magazine,青学マガジンの公開フォロワー一覧で表示された公開の学生向けイベント。プロフィールに青学明記は未確認,https://www.instagram.com/aogaku.magazine/,B,2026-08-19,unknown,not_checked,,公開プロフィールを個別確認。青学明記はなく青学マガジンの公開フォロワー経由のみ。初回DM対象外。年齢情報は収集していない
fc_blue_spot_2025,https://www.instagram.com/fc_blue_spot_2025/,【東大サッカーサークル】FC Blue Spot 2026,486,486,circle_official,public,hub_follower,hub_followers,aogaku.magazine,青学マガジンの公開フォロワー一覧で表示された公開の大学サークル。プロフィールに青学明記は未確認,https://www.instagram.com/aogaku.magazine/,B,2026-08-19,unknown,not_checked,,公開プロフィールを個別確認。青学明記はなく青学マガジンの公開フォロワー経由のみ。初回DM対象外。年齢情報は収集していない
chateau_tokyocircle,https://www.instagram.com/chateau_tokyocircle/,インカレサークル シャトー,37,37,circle_official,public,hub_follower,hub_followers,aogaku.magazine,青学マガジンの公開フォロワー一覧で表示された公開のインカレサークル。プロフィールに青学明記は未確認,https://www.instagram.com/aogaku.magazine/,B,2026-08-19,unknown,not_checked,,公開プロフィールを個別確認。青学明記はなく青学マガジンの公開フォロワー経由のみ。初回DM対象外。年齢情報は収集していない
choice_ver2,https://www.instagram.com/choice_ver2/,choice@インカレサークル,119,119,circle_official,public,hub_follower,hub_followers,aogaku.magazine,青学マガジンの公開フォロワー一覧で表示された公開のインカレサークル。プロフィールに青学明記は未確認,https://www.instagram.com/aogaku.magazine/,B,2026-08-19,unknown,not_checked,,公開プロフィールを個別確認。青学明記はなく青学マガジンの公開フォロワー経由のみ。初回DM対象外。年齢情報は収集していない
crew_2525,https://www.instagram.com/crew_2525/,インカレサークル Crew,1145,1145,circle_official,public,hub_follower,hub_followers,aogaku.magazine,青学マガジンの公開フォロワー一覧で表示された公開のインカレサークル。プロフィールに青学明記は未確認,https://www.instagram.com/aogaku.magazine/,B,2026-08-19,unknown,not_checked,,公開プロフィールを個別確認。青学明記はなく青学マガジンの公開フォロワー経由のみ。初回DM対象外。年齢情報は収集していない
campuscrush_food,https://www.instagram.com/campuscrush_food/,Campus crush food,4,4,other,public,hub_follower,hub_followers,aogaku.magazine,青学マガジンの公開フォロワー一覧で表示された公開の学生向けアカウント。プロフィールに青学明記は未確認,https://www.instagram.com/aogaku.magazine/,B,2026-08-19,unknown,not_checked,,公開プロフィールを個別確認。青学明記はなく青学マガジンの公開フォロワー経由のみ。初回DM対象外。年齢情報は収集していない
jupt_official,https://www.instagram.com/jupt_official/,JUPT -Japan University Poker Tournament-,470,470,event,public,hub_follower,hub_followers,aogaku.magazine,青学マガジンの公開フォロワー一覧で表示された公開の大学生向けイベント。プロフィールに青学明記は未確認,https://www.instagram.com/aogaku.magazine/,B,2026-08-19,unknown,not_checked,,公開プロフィールを個別確認。青学明記はなく青学マガジンの公開フォロワー経由のみ。初回DM対象外。年齢情報は収集していない
jasc_official.jp,https://www.instagram.com/jasc_official.jp/,第78回日米学生会議 日本側公式,3215,3215,event,public,hub_follower,hub_followers,aogaku.magazine,青学マガジンの公開フォロワー一覧で表示された公開の学生イベント公式アカウント。プロフィールに青学明記は未確認,https://www.instagram.com/aogaku.magazine/,B,2026-08-19,unknown,not_checked,,公開プロフィールを個別確認。青学明記はなく青学マガジンの公開フォロワー経由のみ。初回DM対象外。年齢情報は収集していない
edgey_official,https://www.instagram.com/edgey_official/,Edgey,211,211,other,public,hub_follower,hub_followers,aogaku.magazine,青学マガジンの公開フォロワー一覧で表示された公開の学生向けキャリアアカウント。プロフィールに青学明記は未確認,https://www.instagram.com/aogaku.magazine/,B,2026-08-19,unknown,not_checked,,公開プロフィールを個別確認。青学明記はなく青学マガジンの公開フォロワー経由のみ。初回DM対象外。年齢情報は収集していない
lincintercollege,https://www.instagram.com/lincintercollege/,LINC/インカレサークル公式,2609,2609,circle_official,public,hashtag_post,hashtag,#青学サークル,公開プロフィールは大学生向けのインカレサークル公式アカウント。#青学サークルの公開投稿から確認したがプロフィールに青学明記は未確認,https://www.instagram.com/p/DSR7CZuke6x/,B,2026-08-19,unknown,not_checked,,公開プロフィールを個別確認。#青学サークル投稿経由のみで青学明記はなく初回DM対象外。年齢情報は収集していない
anchor_holic,https://www.instagram.com/anchor_holic/,アンカー・バレーボールクラブ,692,692,circle_official,public,hashtag_post,hashtag,#春から青学,早大公認インカレバレーサークルの公開投稿が#春から青学に表示。青学所属の明記は未確認,https://www.instagram.com/p/DJRWulpS5bD/,C,2026-08-19,unknown,not_checked,,公開プロフィールを個別確認。ハッシュタグの曖昧信号のみで初回DM対象外。年齢情報は収集していない
madosh_official,https://www.instagram.com/madosh_official/,MADOSH! CAFE 🥑 Avocado Fusion Tokyo,8474,8474,other,public,hub_follower,hub_followers,agu_info,青学情報局の公開フォロワー一覧に表示された原宿の公開飲食店。青学との明記はなく周辺利用者向けの曖昧信号,https://www.instagram.com/agu_info/,C,2026-08-19,unknown,not_checked,,公開プロフィールを個別確認。青学情報局の公開フォロワー経由のみ。初回DM対象外。年齢情報は収集していない
kspgp,https://www.instagram.com/kspgp/,KANSAI STUDENTS PITCH Grand Prix,87,87,event,public,hub_follower,hub_followers,agu_info,青学情報局の公開フォロワー一覧に表示された公開の学生向けピッチイベント。プロフィールに青学明記は未確認,https://www.instagram.com/agu_info/,B,2026-08-19,unknown,not_checked,,公開プロフィールを個別確認。青学情報局の公開フォロワー経由のみで青学明記はなく初回DM対象外。年齢情報は収集していない
linkedin_student_club_japan,https://www.instagram.com/linkedin_student_club_japan/,LinkedIn Student Club Japan,2588,2588,student_media,public,hub_follower,hub_followers,agu_info,青学情報局の公開フォロワー一覧に表示された公開の学生向けキャリアコミュニティ。プロフィールに青学明記は未確認,https://www.instagram.com/agu_info/,B,2026-08-19,unknown,not_checked,,公開プロフィールを個別確認。青学情報局の公開フォロワー経由のみで青学明記はなく初回DM対象外。年齢情報は収集していない
suzuki_y03,https://www.instagram.com/suzuki_y03/,U-student05,71,71,individual,public,hub_follower,hub_followers,agu_info,青学情報局の公開フォロワー一覧に表示された公開個人アカウント。プロフィールに起業家志望の表記があるが青学明記は未確認,https://www.instagram.com/agu_info/,B,2026-08-19,unknown,not_checked,,公開プロフィールを個別確認。青学情報局の公開フォロワー経由のみで初回DM対象外。年齢情報は収集していない
baitonetosk,https://www.instagram.com/baitonetosk/,バイトネット（学生情報センター公式）,1673,1673,student_media,public,hub_follower,hub_followers,aogaku_caps,青学CAPSの公開フォロワー一覧に表示された公開の学生向けアルバイト・インターン情報アカウント。プロフィールに青学明記は未確認,https://www.instagram.com/aogaku_caps/,B,2026-08-19,unknown,not_checked,,公開プロフィールを個別確認。青学CAPSの公開フォロワー経由のみで初回DM対象外。年齢情報は収集していない
forest_futsal_league,https://www.instagram.com/forest_futsal_league/,日本最大の学生フットサルリーグTHE UNIVERSITY LEAGUE,251,251,event,public,hub_follower,hub_followers,aogaku_caps,青学CAPSの公開フォロワー一覧に表示された公開の学生限定フットサルリーグ。プロフィールに青学明記は未確認,https://www.instagram.com/aogaku_caps/,B,2026-08-19,unknown,not_checked,,公開プロフィールを個別確認。青学CAPSの公開フォロワー経由のみで初回DM対象外。年齢情報は収集していない
student._learning,https://www.instagram.com/student._learning/,【学生団体】+ALab | 着飾らない学生コミュニティ,699,699,student_media,public,hub_follower,hub_followers,aogaku_caps,青学CAPSの公開フォロワー一覧に表示された公開学生団体。プロフィールに青学明記は未確認,https://www.instagram.com/aogaku_caps/,B,2026-08-19,unknown,not_checked,,公開プロフィールを個別確認。青学CAPSの公開フォロワー経由のみで初回DM対象外。年齢情報は収集していない
gakusei_gurume_map,https://www.instagram.com/gakusei_gurume_map/,学生グルメMAP📍,898,898,student_media,public,hub_follower,hub_followers,aogaku_caps,青学CAPSの公開フォロワー一覧に表示された公開の大学生向けグルメ情報アカウント。プロフィールに青学明記は未確認,https://www.instagram.com/aogaku_caps/,B,2026-08-19,unknown,not_checked,,公開プロフィールを個別確認。青学CAPSの公開フォロワー経由のみで初回DM対象外。年齢情報は収集していない
eunoia_2603,https://www.instagram.com/eunoia_2603/,Eunoia｜楽しく自己実現を目指す学生団体,1297,1297,student_media,public,hub_follower,hub_followers,aogaku_caps,青学CAPSの公開フォロワー一覧に表示された公開の学生団体。プロフィールに青学明記は未確認,https://www.instagram.com/aogaku_caps/,B,2026-08-19,unknown,not_checked,,公開プロフィールを個別確認。青学CAPSの公開フォロワー経由のみで初回DM対象外。年齢情報は収集していない
kkk_stu2026,https://www.instagram.com/kkk_stu2026/,学生 起業研究会-本部 | 起業家育成・キャリア教育コミュニティ,1047,1047,student_media,public,hub_follower,hub_followers,aogaku_caps,青学CAPSの公開フォロワー一覧に表示された公開の学生起業・キャリア教育コミュニティ。プロフィールに青学明記は未確認,https://www.instagram.com/aogaku_caps/,B,2026-08-19,unknown,not_checked,,公開プロフィールを個別確認。青学CAPSの公開フォロワー経由のみで初回DM対象外。年齢情報は収集していない
1stmove_2025,https://www.instagram.com/1stmove_2025/,1st MOVE | 学生向け起業・キャリアイベント,418,418,event,public,hub_follower,hub_followers,aogaku_caps,青学CAPSの公開フォロワー一覧に表示された公開の学生向け起業・キャリアイベント。プロフィールに青学明記は未確認,https://www.instagram.com/aogaku_caps/,B,2026-08-19,unknown,not_checked,,公開プロフィールを個別確認。青学CAPSの公開フォロワー経由のみで初回DM対象外。年齢情報は収集していない
campuscrush_official,https://www.instagram.com/campuscrush_official/,学生コミュニティCAMPUS CRUSH | キャンパスクラッシュ,322,322,student_media,public,hub_follower,hub_followers,aogaku.magazine,青学マガジンの公開フォロワー一覧に表示された公開の学生コミュニティ。プロフィールには上智・SFC等の記載があり、青学明記は未確認,https://www.instagram.com/aogaku.magazine/,B,2026-08-19,unknown,not_checked,,公開プロフィールを個別確認。青学マガジンの公開フォロワー経由のみで初回DM対象外。年齢情報は収集していない
tus__media,https://www.instagram.com/tus__media/,東京理科大学学生メディア,1049,1049,student_media,public,hub_follower,hub_followers,aogaku_caps,青学CAPSの公開フォロワー一覧に表示された公開の他大学学生メディア。プロフィールに青学明記は未確認,https://www.instagram.com/aogaku_caps/,B,2026-08-19,unknown,not_checked,,公開プロフィールを個別確認。青学CAPSの公開フォロワー経由のみで初回DM対象外。年齢情報は収集していない
omu_info,https://www.instagram.com/omu_info/,大阪公立大学 学生情報,75,75,student_media,public,hub_follower,hub_followers,aogaku_caps,青学CAPSの公開フォロワー一覧に表示された公開の他大学学生メディア。プロフィールに青学明記は未確認,https://www.instagram.com/aogaku_caps/,B,2026-08-19,unknown,not_checked,,公開プロフィールを個別確認。青学CAPSの公開フォロワー経由のみで初回DM対象外。年齢情報は収集していない
meiji_caps,https://www.instagram.com/meiji_caps/,明治大学学生メディア,3989,3989,student_media,public,hub_follower,hub_followers,aogaku_caps,青学CAPSの公開フォロワー一覧に表示された公開の他大学学生メディア。プロフィールに青学明記は未確認,https://www.instagram.com/aogaku_caps/,B,2026-08-19,unknown,not_checked,,公開プロフィールを個別確認。青学CAPSの公開フォロワー経由のみで初回DM対象外。年齢情報は収集していない
waseda_caps,https://www.instagram.com/waseda_caps/,早稲田大学学生メディア,4049,4049,student_media,public,hub_follower,hub_followers,aogaku_caps,青学CAPSの公開フォロワー一覧に表示された公開の他大学学生メディア。プロフィールに青学明記は未確認,https://www.instagram.com/aogaku_caps/,B,2026-08-19,unknown,not_checked,,公開プロフィールを個別確認。青学CAPSの公開フォロワー経由のみで初回DM対象外。年齢情報は収集していない
waseda_riko_media,https://www.instagram.com/waseda_riko_media/,早稲田理工学生メディア,1031,1031,student_media,public,hub_follower,hub_followers,aogaku_caps,青学CAPSの公開フォロワー一覧に表示された公開の他大学学生メディア。プロフィールに青学明記は未確認,https://www.instagram.com/aogaku_caps/,B,2026-08-19,unknown,not_checked,,公開プロフィールを個別確認。青学CAPSの公開フォロワー経由のみで初回DM対象外。年齢情報は収集していない
encourage_gmarch,https://www.instagram.com/encourage_gmarch/,エンカレッジ GMARCH支部 【公式】,120,120,student_media,public,profile_explicit,hub_followers,aogaku_caps,プロフィールにGMARCH支部と明記があり、自己紹介に明治・青学・立教・中央・学習院を列挙,https://www.instagram.com/aogaku_caps/,A,2026-08-19,unknown,not_checked,,公開プロフィールを個別確認。年齢情報は収集していない
icuwadaiko1990,https://www.instagram.com/icuwadaiko1990/,ICU和太鼓部【公式】,1388,1388,circle_official,public,hub_follower,hub_followers,aogaku_caps,青学CAPSの公開フォロワー一覧に表示された公開の他大学サークル公式。プロフィールに青学明記は未確認,https://www.instagram.com/aogaku_caps/,B,2026-08-19,unknown,not_checked,,公開プロフィールを個別確認。青学CAPSの公開フォロワー経由のみで初回DM対象外。年齢情報は収集していない
trick_koushiki,https://www.instagram.com/trick_koushiki/,エンタメ企画団体TR!CK(新歓),930,930,circle_official,public,hub_follower,hub_followers,aogaku_caps,青学CAPSの公開フォロワー一覧に表示された公開の大学横断エンタメ企画団体。プロフィールに青学明記は未確認,https://www.instagram.com/aogaku_caps/,B,2026-08-19,unknown,not_checked,,公開プロフィールを個別確認。青学CAPSの公開フォロワー経由のみで初回DM対象外。年齢情報は収集していない
member__circle,https://www.instagram.com/member__circle/,インカレサークルmember,3012,3012,circle_official,public,hub_follower,hub_followers,aogaku_caps,青学CAPSの公開フォロワー一覧に表示された公開の関東大学生向けインカレサークル。プロフィールに青学明記は未確認,https://www.instagram.com/aogaku_caps/,B,2026-08-19,unknown,not_checked,,公開プロフィールを個別確認。青学CAPSの公開フォロワー経由のみで初回DM対象外。年齢情報は収集していない
keio_poker_reraise_2026,https://www.instagram.com/keio_poker_reraise_2026/,【公式】慶應ポーカーサークル《リレイズ》,2007,2007,circle_official,public,profile_explicit,hub_followers,aogaku.magazine,プロフィールにインカレ参加対象と#春から青学を明記,https://www.instagram.com/aogaku.magazine/,A,2026-08-19,unknown,not_checked,,公開プロフィールを個別確認。年齢情報は収集していない
incolle_real,https://www.instagram.com/incolle_real/,インカレサークルREAL,1061,1061,circle_official,public,hub_follower,hub_followers,aogaku.magazine,青学マガジンの公開フォロワー一覧に表示された公開の東京インカレサークル。プロフィールに青学明記は未確認,https://www.instagram.com/aogaku.magazine/,B,2026-08-19,unknown,not_checked,,公開プロフィールを個別確認。青学マガジンの公開フォロワー経由のみで初回DM対象外。年齢情報は収集していない
inkare_prestige,https://www.instagram.com/inkare_prestige/,インカレサークル プレスティージ,1127,1127,circle_official,public,hub_follower,hub_followers,aogaku.magazine,青学マガジンの公開フォロワー一覧に表示された公開の大学生向けインカレサークル。プロフィールに青学明記は未確認,https://www.instagram.com/aogaku.magazine/,B,2026-08-19,unknown,not_checked,,公開プロフィールを個別確認。青学マガジンの公開フォロワー経由のみで初回DM対象外。年齢情報は収集していない
inkare_prestige2026,https://www.instagram.com/inkare_prestige2026/,インカレサークル プレステージ,2067,2067,circle_official,public,hub_follower,hub_followers,aogaku.magazine,青学マガジンの公開フォロワー一覧に表示された公開の大学生向けインカレサークル。プロフィールに青学明記は未確認,https://www.instagram.com/aogaku.magazine/,B,2026-08-19,unknown,not_checked,,公開プロフィールを個別確認。青学マガジンの公開フォロワー経由のみで初回DM対象外。年齢情報は収集していない
leno_business_club,https://www.instagram.com/leno_business_club/,早稲田インカレビジネスサークルLENO,1428,1428,circle_official,public,hub_follower,hub_followers,aogaku.magazine,青学マガジンの公開フォロワー一覧に表示された公開の大学生向けインカレビジネスサークル。プロフィールに青学明記は未確認,https://www.instagram.com/aogaku.magazine/,B,2026-08-19,unknown,not_checked,,公開プロフィールを個別確認。青学マガジンの公開フォロワー経由のみで初回DM対象外。年齢情報は収集していない
hitotubashi.magazine,https://www.instagram.com/hitotubashi.magazine/,【公式】一橋マガジン🌸,1,1,student_media,public,hub_follower,hub_followers,aogaku.magazine,青学マガジンの公開フォロワー一覧に表示された公開の他大学学生メディア。プロフィールに青学明記は未確認,https://www.instagram.com/aogaku.magazine/,B,2026-08-19,unknown,not_checked,,公開プロフィールを個別確認。青学マガジンの公開フォロワー経由のみで初回DM対象外。年齢情報は収集していない
hosei_poker_reraise_2025,https://www.instagram.com/hosei_poker_reraise_2025/,【公式】法政ポーカーサークル《リレイズ》,343,343,circle_official,public,hub_follower,hub_followers,aogaku.magazine,青学マガジンの公開フォロワー一覧に表示された公開の他大学ポーカーサークル。プロフィールに青学明記は未確認,https://www.instagram.com/aogaku.magazine/,B,2026-08-19,unknown,not_checked,,公開プロフィールを個別確認。青学マガジンの公開フォロワー経由のみで初回DM対象外。年齢情報は収集していない
rikkyo_poker_reraise_2025,https://www.instagram.com/rikkyo_poker_reraise_2025/,【公式】立教ポーカーサークル《リレイズ》,148,148,circle_official,public,hub_follower,hub_followers,aogaku.magazine,青学マガジンの公開フォロワー一覧に表示された公開の他大学ポーカーサークル。プロフィールに青学明記は未確認,https://www.instagram.com/aogaku.magazine/,B,2026-08-19,unknown,not_checked,,公開プロフィールを個別確認。青学マガジンの公開フォロワー経由のみで初回DM対象外。年齢情報は収集していない
poker_jobhunting,https://www.instagram.com/poker_jobhunting/,ポーカー就活【公式】,33,33,event,public,hub_follower,hub_followers,aogaku.magazine,青学マガジンの公開フォロワー一覧に表示された公開の学生向け就活イベント・サービス。プロフィールに青学明記は未確認,https://www.instagram.com/aogaku.magazine/,B,2026-08-19,unknown,not_checked,,公開プロフィールを個別確認。青学マガジンの公開フォロワー経由のみで初回DM対象外。年齢情報は収集していない
waseda.magazine,https://www.instagram.com/waseda.magazine/,【公式】早稲田マガジン🌸,3275,3275,student_media,public,hub_follower,hub_followers,aogaku.magazine,青学マガジンの公開フォロワー一覧に表示された公開の他大学学生メディア。プロフィールに青学明記は未確認,https://www.instagram.com/aogaku.magazine/,B,2026-08-19,unknown,not_checked,,公開プロフィールを個別確認。青学マガジンの公開フォロワー経由のみで初回DM対象外。年齢情報は収集していない
harukara.meiji,https://www.instagram.com/harukara.meiji/,【公式】春から明治🌸,342,342,student_media,public,hub_follower,hub_followers,aogaku.magazine,青学マガジンの公開フォロワー一覧に表示された公開の他大学学生メディア。プロフィールに青学明記は未確認,https://www.instagram.com/aogaku.magazine/,B,2026-08-19,unknown,not_checked,,公開プロフィールを個別確認。青学マガジンの公開フォロワー経由のみで初回DM対象外。年齢情報は収集していない
keio.magazine,https://www.instagram.com/keio.magazine/,【公式】塾生マガジン🌸,3413,3413,student_media,public,hub_follower,hub_followers,aogaku.magazine,青学マガジンの公開フォロワー一覧に表示された公開の他大学学生メディア。プロフィールに青学明記は未確認,https://www.instagram.com/aogaku.magazine/,B,2026-08-19,unknown,not_checked,,公開プロフィールを個別確認。青学マガジンの公開フォロワー経由のみで初回DM対象外。年齢情報は収集していない
seryub_latop,https://www.instagram.com/seryub_latop/,SERYUB公式アカウント,47,47,other,public,hub_follower,hub_followers,aogaku_caps,青学キャップスの公開フォロワー一覧で表示された公開の学生・在宅ワーカー向けサービス。プロフィールに青学明記は未確認,https://www.instagram.com/aogaku_caps/,B,2026-08-19,unknown,not_checked,,公開プロフィールを個別確認。青学との関連はハブ経由のみで初回DM対象外。年齢情報は収集していない
cocomilight_recruit,https://www.instagram.com/cocomilight_recruit/,【公式】株式会社ココミライト 新卒採用,530,530,other,public,hub_follower,hub_followers,aogaku_caps,青学キャップスの公開フォロワー一覧で表示された公開の新卒採用・インターン情報アカウント。プロフィールに青学明記は未確認,https://www.instagram.com/aogaku_caps/,B,2026-08-19,unknown,not_checked,,公開プロフィールを個別確認。青学との関連はハブ経由のみで初回DM対象外。年齢情報は収集していない
wataamebeparis,https://www.instagram.com/wataamebeparis/,【五月祭2025】わたあめ革命 〜BeParis.〜,1226,1226,event,public,hub_follower,hub_followers,aogaku_caps,青学キャップスの公開フォロワー一覧で表示された公開の大学祭イベントアカウント。プロフィールに青学明記は未確認,https://www.instagram.com/aogaku_caps/,B,2026-08-19,unknown,not_checked,,公開プロフィールを個別確認。青学との関連はハブ経由のみで初回DM対象外。年齢情報は収集していない
aoyama_russian,https://www.instagram.com/aoyama_russian/,青山ロシアンコミュニティー,56,56,circle_official,public,profile_explicit,hub_followers,aogaku_caps,プロフィールに青山学院大学ロシアンコミュニティー公式と活動内容を明記,https://www.instagram.com/aoyama_russian/,A,2026-08-19,unknown,not_checked,,公開プロフィールを個別確認。大学公認の自己記載を確認。年齢情報は収集していない
gontakun0513,https://www.instagram.com/gontakun0513/,言水抱泉,1500,1500,individual,public,hub_follower,hub_followers,aogaku_caps,青学キャップスの公開フォロワー一覧で表示された公開個人プロフィール。プロフィールに青学明記は未確認,https://www.instagram.com/aogaku_caps/,B,2026-08-19,unknown,not_checked,,公開プロフィールを個別確認。青学との関連はハブ経由のみで初回DM対象外。年齢情報は収集していない
keio.market2026,https://www.instagram.com/keio.market2026/,経済新人会マーケティング研究部2026,3285,3285,circle_official,public,hub_follower,hub_followers,aogaku.magazine,青学マガジンの公開フォロワー一覧で表示された公開の他大学公認サークル。プロフィールに青学明記は未確認,https://www.instagram.com/aogaku.magazine/,B,2026-08-19,unknown,not_checked,,公開プロフィールを個別確認。青学との関連はハブ経由のみで初回DM対象外。年齢情報は収集していない
_seiya57,https://www.instagram.com/_seiya57/,惺也,194,194,individual,public,hub_follower,hub_followers,aogaku.magazine,青学マガジンの公開フォロワー一覧で表示された公開個人プロフィール。プロフィールに青学明記は未確認,https://www.instagram.com/aogaku.magazine/,B,2026-08-19,unknown,not_checked,,公開プロフィールを個別確認。青学との関連はハブ経由のみで初回DM対象外。年齢情報は収集していない
takayuki.2025,https://www.instagram.com/takayuki.2025/,たなか たか,10,10,individual,public,hub_follower,hub_followers,aogaku.magazine,青学マガジンの公開フォロワー一覧で表示された公開個人プロフィール。プロフィールに青学明記は未確認,https://www.instagram.com/aogaku.magazine/,B,2026-08-19,unknown,not_checked,,公開プロフィールを個別確認。青学との関連はハブ経由のみで初回DM対象外。年齢情報は収集していない
march.2025.01,https://www.instagram.com/march.2025.01/,monster,7,7,individual,public,hub_follower,hub_followers,aogaku.magazine,青学マガジンの公開フォロワー一覧で表示された公開個人プロフィール。プロフィールに青学明記は未確認,https://www.instagram.com/aogaku.magazine/,B,2026-08-19,unknown,not_checked,,公開プロフィールを個別確認。青学との関連はハブ経由のみで初回DM対象外。年齢情報は収集していない
bigwell.2025,https://www.instagram.com/bigwell.2025/,bigwell.2025,3,3,individual,public,hub_follower,hub_followers,aogaku.magazine,青学マガジンの公開フォロワー一覧で表示された公開個人プロフィール。プロフィールに青学明記は未確認,https://www.instagram.com/aogaku.magazine/,B,2026-08-19,unknown,not_checked,,公開プロフィールを個別確認。青学との関連はハブ経由のみで初回DM対象外。年齢情報は収集していない
alvin5lam,https://www.instagram.com/alvin5lam/,Alvin Lam,433,433,individual,public,hub_follower,hub_followers,aogaku_tv,青学TVの公開フォロワー一覧で表示された公開個人プロフィール。プロフィールに青学明記は未確認,https://www.instagram.com/aogaku_tv/,B,2026-08-19,unknown,not_checked,,公開プロフィールを個別確認。青学との関連はハブ経由のみで初回DM対象外。年齢情報は収集していない
we_are_washi,https://www.instagram.com/we_are_washi/,上越市妙高市糸魚川市でリフォームや新築の良い家創り応援隊,2324,2324,other,public,hub_follower,hub_followers,aogaku_tv,青学TVの公開フォロワー一覧で表示された公開事業者プロフィール。プロフィールに青学明記は未確認,https://www.instagram.com/aogaku_tv/,B,2026-08-19,unknown,not_checked,,公開プロフィールを個別確認。青学との関連はハブ経由のみで初回DM対象外。年齢情報は収集していない
rionn_astro.flowers,https://www.instagram.com/rionn_astro.flowers/,凛音〜りおん〜占星術による性格分析 鑑定師,3734,3734,other,public,hub_follower,hub_followers,aogaku_tv,青学TVの公開フォロワー一覧で表示された公開サービスプロフィール。プロフィールに青学明記は未確認,https://www.instagram.com/aogaku_tv/,B,2026-08-19,unknown,not_checked,,公開プロフィールを個別確認。青学との関連はハブ経由のみで初回DM対象外。年齢情報は収集していない
akichapin_2896,https://www.instagram.com/akichapin_2896/,⚾️あっきぃ⚾️,608,608,individual,public,hub_follower,hub_followers,aogaku_tv,青学TVの公開フォロワー一覧で表示された公開個人プロフィール。プロフィールに青学明記は未確認,https://www.instagram.com/aogaku_tv/,B,2026-08-19,unknown,not_checked,,公開プロフィールを個別確認。青学との関連はハブ経由のみで初回DM対象外。年齢情報は収集していない
sao_art329,https://www.instagram.com/sao_art329/,saori,9431,9431,other,public,hub_follower,hub_followers,aogaku_tv,青学TVの公開フォロワー一覧で表示された公開クリエイタープロフィール。プロフィールに青学明記は未確認,https://www.instagram.com/aogaku_tv/,B,2026-08-19,unknown,not_checked,,公開プロフィールを個別確認。青学との関連はハブ経由のみで初回DM対象外。年齢情報は収集していない
tomiya.atago,https://www.instagram.com/tomiya.atago/,tomiya ATAGO,1440,1440,other,public,hub_follower,hub_followers,aogaku_tv,青学TVの公開フォロワー一覧で表示された公開事業者プロフィール。プロフィールに青学明記は未確認,https://www.instagram.com/aogaku_tv/,B,2026-08-19,unknown,not_checked,,公開プロフィールを個別確認。青学との関連はハブ経由のみで初回DM対象外。年齢情報は収集していない
suta_1222,https://www.instagram.com/suta_1222/,Tatsuya Sugiyama（杉山達哉）,304,304,individual,public,hub_follower,hub_followers,aogaku_tv,青学TVの公開フォロワー一覧で表示された公開個人プロフィール。プロフィールに青学明記は未確認,https://www.instagram.com/aogaku_tv/,B,2026-08-19,unknown,not_checked,,公開プロフィールを個別確認。青学との関連はハブ経由のみで初回DM対象外。年齢情報は収集していない
skjm_1997,https://www.instagram.com/skjm_1997/,Kojima Shiori,856,856,individual,public,hub_follower,hub_followers,aogaku_tv,青学TVの公開フォロワー一覧で表示された公開個人プロフィール。プロフィールに青学明記は未確認,https://www.instagram.com/aogaku_tv/,B,2026-08-19,unknown,not_checked,,公開プロフィールを個別確認。青学との関連はハブ経由のみで初回DM対象外。年齢情報は収集していない
imeka_15113,https://www.instagram.com/imeka_15113/,akemi,138,138,individual,public,hub_follower,hub_followers,aogaku_tv,青学TVの公開フォロワー一覧で表示された公開個人プロフィール。プロフィールに青学明記は未確認,https://www.instagram.com/aogaku_tv/,B,2026-08-19,unknown,not_checked,,公開プロフィールを個別確認。青学との関連はハブ経由のみで初回DM対象外。年齢情報は収集していない
aya__1020,https://www.instagram.com/aya__1020/,aya,148,148,individual,public,hub_follower,hub_followers,aogaku_tv,青学TVの公開フォロワー一覧で表示された公開個人プロフィール。プロフィールに青学明記は未確認,https://www.instagram.com/aogaku_tv/,B,2026-08-19,unknown,not_checked,,公開プロフィールを個別確認。青学との関連はハブ経由のみで初回DM対象外。年齢情報は収集していない
saori_10969,https://www.instagram.com/saori_10969/,さおり,2594,2594,individual,public,hub_follower,hub_followers,aogaku_tv,青学TVの公開フォロワー一覧で表示された公開個人プロフィール。プロフィールに青学明記は未確認,https://www.instagram.com/aogaku_tv/,B,2026-08-19,unknown,not_checked,,公開プロフィールに商用DMを不快とする記載があるため初回DM対象外。青学との関連はハブ経由のみ。年齢情報は収集していない
meg_1080,https://www.instagram.com/meg_1080/,Meg,538,538,individual,public,hub_follower,hub_followers,aogaku_tv,青学TVの公開フォロワー一覧で表示された公開個人プロフィール。プロフィールに青学明記は未確認,https://www.instagram.com/aogaku_tv/,B,2026-08-19,unknown,not_checked,,公開プロフィールを個別確認。青学との関連はハブ経由のみで初回DM対象外。年齢情報は収集していない
fight.1paaaatu,https://www.instagram.com/fight.1paaaatu/,83,94,94,individual,public,hub_follower,hub_followers,aogaku_tv,青学TVの公開フォロワー一覧で表示された公開個人プロフィール。プロフィールに青学明記は未確認,https://www.instagram.com/aogaku_tv/,B,2026-08-19,unknown,not_checked,,公開プロフィールを個別確認。青学との関連はハブ経由のみで初回DM対象外。年齢情報は収集していない
ayairo.278,https://www.instagram.com/ayairo.278/,太田 綾子,790,790,other,public,hub_follower,hub_followers,aogaku_tv,青学TVの公開フォロワー一覧で表示された公開クリエイタープロフィール。プロフィールに青学明記は未確認,https://www.instagram.com/aogaku_tv/,B,2026-08-19,unknown,not_checked,,公開プロフィールを個別確認。青学との関連はハブ経由のみで初回DM対象外。年齢情報は収集していない
umiumi.2,https://www.instagram.com/umiumi.2/,umiumi2,359,359,other,public,hub_follower,hub_followers,aogaku_tv,青学TVの公開フォロワー一覧で表示された公開プロフィール。プロフィールに青学明記は未確認,https://www.instagram.com/aogaku_tv/,B,2026-08-19,unknown,not_checked,,公開プロフィールを個別確認。青学との関連はハブ経由のみで初回DM対象外。年齢情報は収集していない
ryotayamakawa,https://www.instagram.com/ryotayamakawa/,Ryota Yamakawa'26,3148,3148,other,public,hub_follower,hub_followers,aogaku_tv,青学TVの公開フォロワー一覧で表示された公開スポーツ選手プロフィール。プロフィールに青学明記は未確認,https://www.instagram.com/aogaku_tv/,B,2026-08-19,unknown,not_checked,,公開プロフィールを個別確認。青学との関連はハブ経由のみで初回DM対象外。年齢情報は収集していない
ka.te.925.219,https://www.instagram.com/ka.te.925.219/,かよ,140,140,individual,public,hub_follower,hub_followers,aogaku_tv,青学TVの公開フォロワー一覧で表示された公開個人プロフィール。プロフィールに青学明記は未確認,https://www.instagram.com/aogaku_tv/,B,2026-08-19,unknown,not_checked,,公開プロフィールを個別確認。青学との関連はハブ経由のみで初回DM対象外。年齢情報は収集していない
yoshikawa_35,https://www.instagram.com/yoshikawa_35/,吉川裕之,1118,1118,other,public,hub_follower,hub_followers,aogaku_tv,青学TVの公開フォロワー一覧で表示された公開事業者プロフィール。青学駅伝の応援投稿は確認したが青学所属は未確認,https://www.instagram.com/aogaku_tv/,B,2026-08-19,unknown,not_checked,,公開プロフィールを個別確認。青学との関連はハブ経由のみで初回DM対象外。年齢情報は収集していない
___b_o_w_8_3_7___,https://www.instagram.com/___b_o_w_8_3_7___/,___b_o_w_8_3_7___,46,46,individual,public,hub_follower,hub_followers,aogaku_tv,青学TVの公開フォロワー一覧で表示された公開個人プロフィール。プロフィールに青学明記は未確認,https://www.instagram.com/aogaku_tv/,B,2026-08-19,unknown,not_checked,,公開プロフィールを個別確認。青学との関連はハブ経由のみで初回DM対象外。年齢情報は収集していない
39kozue,https://www.instagram.com/39kozue/,kozu3mom,248,248,other,public,hub_follower,hub_followers,aogaku_tv,青学TVの公開フォロワー一覧で表示された公開プロフィール。プロフィールに青学明記は未確認,https://www.instagram.com/aogaku_tv/,B,2026-08-19,unknown,not_checked,,公開プロフィールを個別確認。青学との関連はハブ経由のみで初回DM対象外。年齢情報は収集していない
aya.331,https://www.instagram.com/aya.331/,Aya Sasaki,86,86,individual,public,hub_follower,hub_followers,aogaku_tv,青学TVの公開フォロワー一覧で表示された公開個人プロフィール。プロフィールに青学明記は未確認,https://www.instagram.com/aogaku_tv/,B,2026-08-19,unknown,not_checked,,公開プロフィールを個別確認。青学との関連はハブ経由のみで初回DM対象外。年齢情報は収集していない
kuwa_officially,https://www.instagram.com/kuwa_officially/,kuwa_y,134,134,other,public,profile_explicit,hub_followers,agu_info,プロフィールに青山学院大学卒業生と明記した公開スポーツ系プロフィール,https://www.instagram.com/kuwa_officially/,A,2026-08-19,unknown,not_checked,,公開プロフィールを個別確認。青学卒業生の自己記載を根拠とし現在の在籍は未確認。年齢情報は収集していない
zidane.1129,https://www.instagram.com/zidane.1129/,ジダン最高！,811,811,individual,public,hub_follower,hub_followers,agu_info,青学情報局の公開フォロワー一覧で表示された公開個人プロフィール。プロフィールに青学明記は未確認,https://www.instagram.com/agu_info/,B,2026-08-19,unknown,not_checked,,公開プロフィールを個別確認。青学との関連はハブ経由のみで初回DM対象外。年齢情報は収集していない
423miracle,https://www.instagram.com/423miracle/,工藤泰子,1039,1039,individual,public,hub_follower,hub_followers,agu_info,青学情報局の公開フォロワー一覧で表示された公開個人プロフィール。プロフィールに青学明記は未確認,https://www.instagram.com/agu_info/,B,2026-08-19,unknown,not_checked,,公開プロフィールを個別確認。青学との関連はハブ経由のみで初回DM対象外。年齢情報は収集していない
rina12_42,https://www.instagram.com/rina12_42/,竹中梨菜,274,274,other,public,hub_follower,hub_followers,agu_info,青学情報局の公開フォロワー一覧で表示された公開アーティストプロフィール。プロフィールに青学明記は未確認,https://www.instagram.com/agu_info/,B,2026-08-19,unknown,not_checked,,公開プロフィールを個別確認。青学との関連はハブ経由のみで初回DM対象外。年齢情報は収集していない
57miho18,https://www.instagram.com/57miho18/,miho@m,117,117,individual,public,hub_follower,hub_followers,aogaku_tv,青学TVの公開フォロワー一覧で表示された公開プロフィール。プロフィールに青学明記は未確認,https://www.instagram.com/aogaku_tv/,B,2026-08-19,unknown,not_checked,,公開プロフィールを個別確認。青学との関連はハブ経由のみで初回DM対象外。年齢情報は収集していない
nya_555,https://www.instagram.com/nya_555/,nao,185,185,individual,public,hub_follower,hub_followers,aogaku_tv,青学TVの公開フォロワー一覧で表示された公開個人プロフィール。プロフィールに青学明記は未確認,https://www.instagram.com/aogaku_tv/,B,2026-08-19,unknown,not_checked,,公開プロフィールを個別確認。青学との関連はハブ経由のみで初回DM対象外。年齢情報は収集していない
toshimi_5296,https://www.instagram.com/toshimi_5296/,Toshimi Sugawara,362,362,individual,public,hub_follower,hub_followers,aogaku_tv,青学TVの公開フォロワー一覧で表示された公開個人プロフィール。プロフィールに青学明記は未確認,https://www.instagram.com/aogaku_tv/,B,2026-08-19,unknown,not_checked,,公開プロフィールを個別確認。青学との関連はハブ経由のみで初回DM対象外。年齢情報は収集していない
totoro_max_555,https://www.instagram.com/totoro_max_555/,ルールルル,7,7,individual,public,hub_follower,hub_followers,aogaku_tv,青学TVの公開フォロワー一覧で表示された公開個人プロフィール。プロフィールに青学明記は未確認,https://www.instagram.com/aogaku_tv/,B,2026-08-19,unknown,not_checked,,公開プロフィールを個別確認。青学との関連はハブ経由のみで初回DM対象外。年齢情報は収集していない
shingomamalove,https://www.instagram.com/shingomamalove/,慎吾ママ506mama,31,31,individual,public,hub_follower,hub_followers,aogaku_tv,青学TVの公開フォロワー一覧で表示された公開個人プロフィール。プロフィールに青学明記は未確認,https://www.instagram.com/aogaku_tv/,B,2026-08-19,unknown,not_checked,,公開プロフィールを個別確認。青学との関連はハブ経由のみで初回DM対象外。年齢情報は収集していない
asasa888,https://www.instagram.com/asasa888/,Asa,270,270,individual,public,hub_follower,hub_followers,aoyama.hack,青山ハックの公開フォロワー一覧で表示された公開個人プロフィール。プロフィールに青学明記は未確認,https://www.instagram.com/aoyama.hack/,B,2026-08-19,unknown,not_checked,,公開プロフィールを個別確認。青学との関連はハブ経由のみで初回DM対象外。年齢情報は収集していない
taniayaaya,https://www.instagram.com/taniayaaya/,Aya Taniguchi,991,991,other,public,hub_follower,hub_followers,aoyama.hack,青山ハックの公開フォロワー一覧で表示された公開クリエイタープロフィール。プロフィールに青学明記は未確認,https://www.instagram.com/aoyama.hack/,B,2026-08-19,unknown,not_checked,,公開プロフィールを個別確認。青学との関連はハブ経由のみで初回DM対象外。年齢情報は収集していない
i.am.issei98.world,https://www.instagram.com/i.am.issei98.world/,Issei.T,596,596,other,public,hub_follower,hub_followers,aoyama.hack,青山ハックの公開フォロワー一覧で表示された公開クリエイタープロフィール。プロフィールに青学明記は未確認,https://www.instagram.com/aoyama.hack/,B,2026-08-19,unknown,not_checked,,公開プロフィールを個別確認。青学との関連はハブ経由のみで初回DM対象外。年齢情報は収集していない
baba_yaga0097,https://www.instagram.com/baba_yaga0097/,Anubhav Srivastava,193,193,individual,public,hub_follower,hub_followers,aoyama.hack,青山ハックの公開フォロワー一覧で表示された公開個人プロフィール。プロフィールに青学明記は未確認,https://www.instagram.com/aoyama.hack/,B,2026-08-19,unknown,not_checked,,公開プロフィールを個別確認。青学との関連はハブ経由のみで初回DM対象外。年齢情報は収集していない
aoba_no_mori,https://www.instagram.com/aoba_no_mori/,AOBA_no_MORI,692,692,other,public,hub_follower,hub_followers,aoyama.hack,青山ハックの公開フォロワー一覧で表示された公開クリエイタープロフィール。プロフィールに青学明記は未確認,https://www.instagram.com/aoyama.hack/,B,2026-08-19,unknown,not_checked,,公開プロフィールを個別確認。青学との関連はハブ経由のみで初回DM対象外。年齢情報は収集していない
yua_pf_,https://www.instagram.com/yua_pf_/,本荘 悠亜,915,915,other,public,hub_follower,hub_followers,aogaku_tv,青学TVの公開フォロワー一覧で表示された公開ピアニスト・事業者プロフィール。プロフィールに青学明記は未確認,https://www.instagram.com/aogaku_tv/,B,2026-08-19,unknown,not_checked,,公開プロフィールを個別確認。青学との関連はハブ経由のみで初回DM対象外。年齢情報は収集していない
beast120815,https://www.instagram.com/beast120815/,吳成全,761,761,individual,public,hub_follower,hub_followers,aogaku_tv,青学TVの公開フォロワー一覧で表示された公開個人プロフィール。プロフィールに青学明記は未確認,https://www.instagram.com/aogaku_tv/,B,2026-08-19,unknown,not_checked,,公開プロフィールを個別確認。青学との関連はハブ経由のみで初回DM対象外。年齢情報は収集していない
benito3,https://www.instagram.com/benito3/,benito yamagata,438,438,individual,public,hub_follower,hub_followers,aogaku_tv,青学TVの公開フォロワー一覧で表示された公開個人プロフィール。プロフィールに青学明記は未確認,https://www.instagram.com/aogaku_tv/,B,2026-08-19,unknown,not_checked,,公開プロフィールを個別確認。青学との関連はハブ経由のみで初回DM対象外。年齢情報は収集していない
ita0358,https://www.instagram.com/ita0358/,板垣 宣秀,1510,1510,individual,public,hub_follower,hub_followers,aogaku_tv,青学TVの公開フォロワー一覧で表示された公開個人プロフィール。プロフィールに青学明記は未確認,https://www.instagram.com/aogaku_tv/,B,2026-08-19,unknown,not_checked,,公開プロフィールを個別確認。青学との関連はハブ経由のみで初回DM対象外。年齢情報は収集していない
cartoon.sutcharee,https://www.instagram.com/cartoon.sutcharee/,Cartoon (보영),948,948,individual,public,hub_follower,hub_followers,aogaku_tv,青学TVの公開フォロワー一覧で表示された公開個人プロフィール。プロフィールに青学明記は未確認,https://www.instagram.com/aogaku_tv/,B,2026-08-19,unknown,not_checked,,公開プロフィールを個別確認。青学との関連はハブ経由のみで初回DM対象外。年齢情報は収集していない
ryosuke.hair,https://www.instagram.com/ryosuke.hair/,縮毛矯正ブリーチ/履歴修正ブリーチ/ブリーチカラー/ミルクティーカラー/エフェクトブリーチ,3223,3223,other,public,hub_follower,hub_followers,aogaku_tv,青学TVの公開フォロワー一覧で表示された公開美容師プロフィール。プロフィールに青学明記は未確認,https://www.instagram.com/aogaku_tv/,B,2026-08-19,unknown,not_checked,,公開プロフィールを個別確認。青学との関連はハブ経由のみで初回DM対象外。年齢情報は収集していない
bibipon.bibipon,https://www.instagram.com/bibipon.bibipon/,細谷暁美,1161,1161,individual,public,hub_follower,hub_followers,aogaku_tv,青学TVの公開フォロワー一覧で表示された公開個人プロフィール。プロフィールに青学明記は未確認,https://www.instagram.com/aogaku_tv/,B,2026-08-19,unknown,not_checked,,公開プロフィールを個別確認。青学との関連はハブ経由のみで初回DM対象外。年齢情報は収集していない
bonita_botanical_gina,https://www.instagram.com/bonita_botanical_gina/,Gina ジーナ,1483,1483,other,public,hub_follower,hub_followers,aogaku_tv,青学TVの公開フォロワー一覧で表示された公開クリエイタープロフィール。プロフィールに青学明記は未確認,https://www.instagram.com/aogaku_tv/,B,2026-08-19,unknown,not_checked,,公開プロフィールを個別確認。青学との関連はハブ経由のみで初回DM対象外。年齢情報は収集していない
takeruyamabi,https://www.instagram.com/takeruyamabi/,びーやま@wakatteTV,22000,2.2万,other,public,hub_follower,hub_followers,aogaku_tv,青学TVの公開フォロワー一覧で表示された公開動画クリエイタープロフィール。プロフィールに青学明記は未確認,https://www.instagram.com/aogaku_tv/,B,2026-08-19,unknown,not_checked,,公開プロフィールを個別確認。青学との関連はハブ経由のみで初回DM対象外。年齢情報は収集していない
nobuto95,https://www.instagram.com/nobuto95/,のぶとぅー,1001,1001,individual,public,hub_follower,hub_followers,aogaku_tv,青学TVの公開フォロワー一覧で表示された公開個人プロフィール。プロフィールに青学明記は未確認,https://www.instagram.com/aogaku_tv/,B,2026-08-19,unknown,not_checked,,公開プロフィールを個別確認。青学との関連はハブ経由のみで初回DM対象外。年齢情報は収集していない
babuo_ganbaruo,https://www.instagram.com/babuo_ganbaruo/,吉田綾稀,1809,1809,individual,public,hub_follower,hub_followers,aogaku_tv,青学TVの公開フォロワー一覧で表示された公開ランナー個人プロフィール。プロフィールに青学明記は未確認,https://www.instagram.com/aogaku_tv/,B,2026-08-19,unknown,not_checked,,公開プロフィールを個別確認。青学との関連はハブ経由のみで初回DM対象外。年齢情報は収集していない
favorite_yoshie,https://www.instagram.com/favorite_yoshie/,静岡県富士市 自爪育成/深爪専門ネイルサロン フェイバリット,1177,1177,other,public,hub_follower,hub_followers,aogaku_tv,青学TVの公開フォロワー一覧で表示された公開ネイルサロンプロフィール。プロフィールに青学明記は未確認,https://www.instagram.com/aogaku_tv/,B,2026-08-19,unknown,not_checked,,公開プロフィールを個別確認。青学との関連はハブ経由のみで初回DM対象外。年齢情報は収集していない
boco.1203,https://www.instagram.com/boco.1203/,たま,797,797,individual,public,hub_follower,hub_followers,aogaku_tv,青学TVの公開フォロワー一覧で表示された公開個人プロフィール。プロフィールに青学明記は未確認,https://www.instagram.com/aogaku_tv/,B,2026-08-19,unknown,not_checked,,公開プロフィールを個別確認。青学との関連はハブ経由のみで初回DM対象外。年齢情報は収集していない
barbarian24h,https://www.instagram.com/barbarian24h/,BARBARIAN,1154,1154,other,public,hub_follower,hub_followers,aogaku_tv,青学TVの公開フォロワー一覧で表示された公開社会人アメフトチームプロフィール。プロフィールに青学明記は未確認,https://www.instagram.com/aogaku_tv/,B,2026-08-19,unknown,not_checked,,公開プロフィールを個別確認。青学との関連はハブ経由のみで初回DM対象外。
matthew_clubber_yorke,https://www.instagram.com/matthew_clubber_yorke/,倉持 聡,505,505,individual,public,hub_follower,hub_followers,aogaku_tv,青学TVの公開フォロワー一覧で表示された公開個人プロフィール。プロフィールに青学明記は未確認,https://www.instagram.com/aogaku_tv/,B,2026-08-19,unknown,not_checked,,公開プロフィールを個別確認。青学との関連はハブ経由のみで初回DM対象外。年齢情報は収集していない
piyopiyo.piyo,https://www.instagram.com/piyopiyo.piyo/,☆みぃちゃん☆,300,300,individual,public,hub_follower,hub_followers,aogaku_tv,青学TVの公開フォロワー一覧で表示された公開個人プロフィール。プロフィールに青学明記は未確認,https://www.instagram.com/aogaku_tv/,B,2026-08-19,unknown,not_checked,,公開プロフィールを個別確認。青学との関連はハブ経由のみで初回DM対象外。年齢情報は収集していない
tong_sheng,https://www.instagram.com/tong_sheng/,翁烔晟,538,538,individual,public,hub_follower,hub_followers,aogaku_tv,青学TVの公開フォロワー一覧で表示された公開個人プロフィール。プロフィールに青学明記は未確認,https://www.instagram.com/aogaku_tv/,B,2026-08-19,unknown,not_checked,,公開プロフィールを個別確認。青学との関連はハブ経由のみで初回DM対象外。年齢情報は収集していない
______chasugram,https://www.instagram.com/______chasugram/,まなみ,2212,2212,other,public,hub_follower,hub_followers,aogaku_tv,青学TVの公開フォロワー一覧で表示された公開サロン運営プロフィール。プロフィールに青学明記は未確認,https://www.instagram.com/aogaku_tv/,B,2026-08-19,unknown,not_checked,,公開プロフィールを個別確認。青学との関連はハブ経由のみで初回DM対象外。年齢情報は収集していない
wendyyuan___,https://www.instagram.com/wendyyuan___/,Ciaoyuan Lee,526,526,individual,public,hub_follower,hub_followers,aogaku_tv,青学TVの公開フォロワー一覧で表示された公開個人プロフィール。プロフィールに青学明記は未確認,https://www.instagram.com/aogaku_tv/,B,2026-08-19,unknown,not_checked,,公開プロフィールを個別確認。青学との関連はハブ経由のみで初回DM対象外。年齢情報は収集していない
derek_leung_0626,https://www.instagram.com/derek_leung_0626/,Derek Leung,815,815,individual,public,hub_follower,hub_followers,aogaku_tv,青学TVの公開フォロワー一覧で表示された公開個人プロフィール。プロフィールに青学明記は未確認,https://www.instagram.com/aogaku_tv/,B,2026-08-19,unknown,not_checked,,公開プロフィールを個別確認。青学との関連はハブ経由のみで初回DM対象外。年齢情報は収集していない
drafan2,https://www.instagram.com/drafan2/,水野敏久,1750,1750,individual,public,hub_follower,hub_followers,aogaku_tv,青学TVの公開フォロワー一覧で表示された公開個人プロフィール。プロフィールに青学明記は未確認,https://www.instagram.com/aogaku_tv/,B,2026-08-19,unknown,not_checked,,公開プロフィールを個別確認。青学との関連はハブ経由のみで初回DM対象外。年齢情報は収集していない
mamiko035_diary,https://www.instagram.com/mamiko035_diary/,Mamiko,973,973,other,public,hub_follower,hub_followers,aogaku_tv,青学TVの公開フォロワー一覧で表示された公開個人ブログプロフィール。プロフィールに青学明記は未確認,https://www.instagram.com/aogaku_tv/,B,2026-08-19,unknown,not_checked,,公開プロフィールを個別確認。青学との関連はハブ経由のみで初回DM対象外。年齢情報は収集していない
daisuke_imaizumi,https://www.instagram.com/daisuke_imaizumi/,今和泉 大輔,684,684,other,public,hub_follower,hub_followers,aogaku_tv,青学TVの公開フォロワー一覧で表示された公開整骨院・トレーナープロフィール。プロフィールに青学明記は未確認,https://www.instagram.com/aogaku_tv/,B,2026-08-19,unknown,not_checked,,公開プロフィールを個別確認。青学との関連はハブ経由のみで初回DM対象外。年齢情報は収集していない
emikotanaka_lucarie,https://www.instagram.com/emikotanaka_lucarie/,脱白髪ハイライト/トステア/髪質改善/蕨/川口,2865,2865,other,public,hub_follower,hub_followers,aogaku_tv,青学TVの公開フォロワー一覧で表示された公開美容師プロフィール。プロフィールに青学明記は未確認,https://www.instagram.com/aogaku_tv/,B,2026-08-19,unknown,not_checked,,公開プロフィールを個別確認。青学との関連はハブ経由のみで初回DM対象外。年齢情報は収集していない
ericakakakakaka,https://www.instagram.com/ericakakakakaka/,Erica,353,353,individual,public,hub_follower,hub_followers,aogaku_tv,青学TVの公開フォロワー一覧で表示された公開個人プロフィール。プロフィールに青学明記は未確認,https://www.instagram.com/aogaku_tv/,B,2026-08-19,unknown,not_checked,,公開プロフィールを個別確認。青学との関連はハブ経由のみで初回DM対象外。年齢情報は収集していない
edible_erba,https://www.instagram.com/edible_erba/,mio33,480,480,other,public,hub_follower,hub_followers,aogaku_tv,青学TVの公開フォロワー一覧で表示された公開セラピストプロフィール。プロフィールに青学明記は未確認,https://www.instagram.com/aogaku_tv/,B,2026-08-19,unknown,not_checked,,公開プロフィールを個別確認。青学との関連はハブ経由のみで初回DM対象外。年齢情報は収集していない
ktmnktsn,https://www.instagram.com/ktmnktsn/,加藤 アリエル,288,288,individual,public,hub_follower,hub_followers,aogaku_tv,青学TVの公開フォロワー一覧で表示された公開個人プロフィール。プロフィールに青学明記は未確認,https://www.instagram.com/aogaku_tv/,B,2026-08-19,unknown,not_checked,,公開プロフィールを個別確認。青学との関連はハブ経由のみで初回DM対象外。年齢情報は収集していない
koreanhair_emitas_tanino,https://www.instagram.com/koreanhair_emitas_tanino/,お顔まわりレイヤー/韓国ヘア/和歌山美容室/谷野吉洋,717,717,other,public,hub_follower,hub_followers,aogaku_tv,青学TVの公開フォロワー一覧で表示された公開美容室プロフィール。プロフィールに青学明記は未確認,https://www.instagram.com/aogaku_tv/,B,2026-08-19,unknown,not_checked,,公開プロフィールを個別確認。青学との関連はハブ経由のみで初回DM対象外。年齢情報は収集していない
hana.sakuramau,https://www.instagram.com/hana.sakuramau/,공주님 우리 엄마 Mom of Princess us,124,124,individual,public,hub_follower,hub_followers,aogaku_tv,青学TVの公開フォロワー一覧で表示された公開個人プロフィール。プロフィールに青学明記は未確認,https://www.instagram.com/aogaku_tv/,B,2026-08-19,unknown,not_checked,,公開プロフィールを個別確認。青学との関連はハブ経由のみで初回DM対象外。年齢情報は収集していない
fuuuukukko,https://www.instagram.com/fuuuukukko/,ikuko,99,99,individual,public,hub_follower,hub_followers,aogaku_tv,青学TVの公開フォロワー一覧で表示された公開個人プロフィール。プロフィールに青学明記は未確認,https://www.instagram.com/aogaku_tv/,B,2026-08-19,unknown,not_checked,,公開プロフィールを個別確認。青学との関連はハブ経由のみで初回DM対象外。年齢情報は収集していない
venus_murasaki0515,https://www.instagram.com/venus_murasaki0515/,メナードフェイシャルサロン大沢泉ヶ丘西,527,527,other,public,hub_follower,hub_followers,aogaku_tv,青学TVの公開フォロワー一覧で表示された公開サロンプロフィール。プロフィールに青学明記は未確認,https://www.instagram.com/aogaku_tv/,B,2026-08-19,unknown,not_checked,,公開プロフィールを個別確認。青学との関連はハブ経由のみで初回DM対象外。年齢情報は収集していない
fumawindhorse,https://www.instagram.com/fumawindhorse/,亀井 風馬,270,270,individual,public,hub_follower,hub_followers,aogaku_tv,青学TVの公開フォロワー一覧で表示された公開個人プロフィール。プロフィールに青学明記は未確認,https://www.instagram.com/aogaku_tv/,B,2026-08-19,unknown,not_checked,,公開プロフィールを個別確認。青学との関連はハブ経由のみで初回DM対象外。年齢情報は収集していない
s.fuji7,https://www.instagram.com/s.fuji7/,藤岡寿美,123,123,individual,public,hub_follower,hub_followers,aogaku_tv,青学TVの公開フォロワー一覧で表示された公開個人プロフィール。プロフィールに青学明記は未確認,https://www.instagram.com/aogaku_tv/,B,2026-08-19,unknown,not_checked,,公開プロフィールを個別確認。青学との関連はハブ経由のみで初回DM対象外。年齢情報は収集していない
f.tamura13,https://www.instagram.com/f.tamura13/,田村 文明,1636,1636,individual,public,hub_follower,hub_followers,aogaku_tv,青学TVの公開フォロワー一覧で表示された公開ランナー個人プロフィール。プロフィールに青学明記は未確認,https://www.instagram.com/aogaku_tv/,B,2026-08-19,unknown,not_checked,,公開プロフィールを個別確認。青学との関連はハブ経由のみで初回DM対象外。年齢情報は収集していない
full_performance_director_kr,https://www.instagram.com/full_performance_director_kr/,풀퍼포먼스 디렉터,4624,4624,other,public,hub_follower,hub_followers,aogaku_tv,青学TVの公開フォロワー一覧で表示された公開パーソナルコーチプロフィール。プロフィールに青学明記は未確認,https://www.instagram.com/aogaku_tv/,B,2026-08-19,unknown,not_checked,,公開プロフィールを個別確認。青学との関連はハブ経由のみで初回DM対象外。年齢情報は収集していない
migimax,https://www.instagram.com/migimax/,ミギ ミギ,108,108,individual,public,hub_follower,hub_followers,aogaku_tv,青学TVの公開フォロワー一覧で表示された公開個人プロフィール。プロフィールに青学明記は未確認,https://www.instagram.com/aogaku_tv/,B,2026-08-19,unknown,not_checked,,公開プロフィールを個別確認。青学との関連はハブ経由のみで初回DM対象外。年齢情報は収集していない
horikawa.mitsuaki,https://www.instagram.com/horikawa.mitsuaki/,堀川 光章,1297,1297,individual,public,hub_follower,hub_followers,aogaku_tv,青学TVの公開フォロワー一覧で表示された公開個人プロフィール。プロフィールに青学明記は未確認,https://www.instagram.com/aogaku_tv/,B,2026-08-19,unknown,not_checked,,公開プロフィールを個別確認。青学との関連はハブ経由のみで初回DM対象外。年齢情報は収集していない
gotop186,https://www.instagram.com/gotop186/,獅,625,625,individual,public,hub_follower,hub_followers,aogaku_tv,青学TVの公開フォロワー一覧で表示された公開個人プロフィール。プロフィールに青学明記は未確認,https://www.instagram.com/aogaku_tv/,B,2026-08-19,unknown,not_checked,,公開プロフィールを個別確認。青学との関連はハブ経由のみで初回DM対象外。年齢情報は収集していない
ike_ikamuko,https://www.instagram.com/ike_ikamuko/,小向 圭,768,768,individual,public,hub_follower,hub_followers,aogaku_tv,青学TVの公開フォロワー一覧で表示された公開個人プロフィール。プロフィールに青学明記は未確認,https://www.instagram.com/aogaku_tv/,B,2026-08-19,unknown,not_checked,,公開プロフィールを個別確認。青学との関連はハブ経由のみで初回DM対象外。年齢情報は収集していない
yamamoto.hashiri_no_gakkou,https://www.instagram.com/yamamoto.hashiri_no_gakkou/,山本 健太,4528,4528,other,public,hub_follower,hub_followers,aogaku_tv,青学TVの公開フォロワー一覧で表示された公開ランニング指導者プロフィール。プロフィールに青学明記は未確認,https://www.instagram.com/aogaku_tv/,B,2026-08-19,unknown,not_checked,,公開プロフィールを個別確認。青学との関連はハブ経由のみで初回DM対象外。年齢情報は収集していない
gexp999myrevoln,https://www.instagram.com/gexp999myrevoln/,gexp999mylevoln,820,820,individual,public,hub_follower,hub_followers,aogaku_tv,青学TVの公開フォロワー一覧で表示された公開ランナー個人プロフィール。プロフィールに青学明記は未確認,https://www.instagram.com/aogaku_tv/,B,2026-08-19,unknown,not_checked,,公開プロフィールを個別確認。青学との関連はハブ経由のみで初回DM対象外。年齢情報は収集していない
good.maam,https://www.instagram.com/good.maam/,き く た,501,501,individual,public,hub_follower,hub_followers,aogaku_tv,青学TVの公開フォロワー一覧で表示された公開個人プロフィール。プロフィールに青学明記は未確認,https://www.instagram.com/aogaku_tv/,B,2026-08-19,unknown,not_checked,,公開プロフィールを個別確認。青学との関連はハブ経由のみで初回DM対象外。年齢情報は収集していない
howard.run,https://www.instagram.com/howard.run/,Howard,168,168,individual,public,hub_follower,hub_followers,aogaku_tv,青学TVの公開フォロワー一覧で表示された公開ランナー個人プロフィール。プロフィールに青学明記は未確認,https://www.instagram.com/aogaku_tv/,B,2026-08-19,unknown,not_checked,,公開プロフィールを個別確認。青学との関連はハブ経由のみで初回DM対象外。年齢情報は収集していない
pfsatomi,https://www.instagram.com/pfsatomi/,名はない,779,779,individual,public,hub_follower,hub_followers,aogaku_tv,青学TVの公開フォロワー一覧で表示された公開個人プロフィール。プロフィールに青学明記は未確認,https://www.instagram.com/aogaku_tv/,B,2026-08-19,unknown,not_checked,,公開プロフィールを個別確認。青学との関連はハブ経由のみで初回DM対象外。年齢情報は収集していない
irodori_haru,https://www.instagram.com/irodori_haru/,Haruka ／食育のひと,1146,1146,other,public,hub_follower,hub_followers,aogaku_tv,青学TVの公開フォロワー一覧で表示された公開料理家プロフィール。プロフィールに青学明記は未確認,https://www.instagram.com/aogaku_tv/,B,2026-08-19,unknown,not_checked,,公開プロフィールを個別確認。青学との関連はハブ経由のみで初回DM対象外。年齢情報は収集していない
richisuzu615,https://www.instagram.com/richisuzu615/,Hiroko Suzuki,283,283,individual,public,hub_follower,hub_followers,aogaku_tv,青学TVの公開フォロワー一覧で表示された公開個人プロフィール。プロフィールに青学明記は未確認,https://www.instagram.com/aogaku_tv/,B,2026-08-19,unknown,not_checked,,公開プロフィールを個別確認。青学との関連はハブ経由のみで初回DM対象外。年齢情報は収集していない
haruryrem,https://www.instagram.com/haruryrem/,Reao,503,503,individual,public,hub_follower,hub_followers,aogaku_tv,青学TVの公開フォロワー一覧で表示された公開個人プロフィール。プロフィールに青学明記は未確認,https://www.instagram.com/aogaku_tv/,B,2026-08-19,unknown,not_checked,,公開プロフィールを個別確認。青学との関連はハブ経由のみで初回DM対象外。年齢情報は収集していない
hanazonooyo,https://www.instagram.com/hanazonooyo/,oyo,505,505,individual,public,hub_follower,hub_followers,aogaku_tv,青学TVの公開フォロワー一覧で表示された公開個人プロフィール。プロフィールに青学明記は未確認,https://www.instagram.com/aogaku_tv/,B,2026-08-19,unknown,not_checked,,公開プロフィールを個別確認。青学との関連はハブ経由のみで初回DM対象外。年齢情報は収集していない
yoshimi0703,https://www.instagram.com/yoshimi0703/,yoshimi/よしみ＠猫好き,618,618,individual,public,profile_explicit,hub_followers,aogaku_tv,プロフィールの自己紹介に青学陸上部を明記した公開個人プロフィール,https://www.instagram.com/yoshimi0703/,A,2026-08-19,unknown,not_checked,,公開プロフィールを個別確認。青学陸上部への関心の自己記載を根拠とし現在の所属は未確認。年齢情報は収集していない
rapan14,https://www.instagram.com/rapan14/,しほん,632,632,individual,public,hub_follower,hub_followers,aogaku_tv,青学TVの公開フォロワー一覧で表示された公開個人プロフィール。プロフィールに青学明記は未確認,https://www.instagram.com/aogaku_tv/,B,2026-08-19,unknown,not_checked,,公開プロフィールを個別確認。青学との関連はハブ経由のみで初回DM対象外。年齢情報は収集していない
kazuhironigorikawa,https://www.instagram.com/kazuhironigorikawa/,濁川 和宏,517,517,individual,public,hub_follower,hub_followers,aogaku_tv,青学TVの公開フォロワー一覧で表示された公開個人プロフィール。プロフィールに青学明記は未確認,https://www.instagram.com/aogaku_tv/,B,2026-08-19,unknown,not_checked,,公開プロフィールを個別確認。青学との関連はハブ経由のみで初回DM対象外。年齢情報は収集していない
juttan_801,https://www.instagram.com/juttan_801/,JURI,459,459,individual,public,hub_follower,hub_followers,aogaku_tv,青学TVの公開フォロワー一覧で表示された公開個人プロフィール。プロフィールに青学明記は未確認,https://www.instagram.com/aogaku_tv/,B,2026-08-19,unknown,not_checked,,公開プロフィールを個別確認。青学との関連はハブ経由のみで初回DM対象外。年齢情報は収集していない
kaorun3284,https://www.instagram.com/kaorun3284/,三ッ橋 薫,338,338,other,public,hub_follower,hub_followers,aogaku_tv,青学TVの公開フォロワー一覧で表示された公開フラワー教室プロフィール。プロフィールに青学明記は未確認,https://www.instagram.com/aogaku_tv/,B,2026-08-19,unknown,not_checked,,公開プロフィールを個別確認。青学との関連はハブ経由のみで初回DM対象外。年齢情報は収集していない
kuankeikevin,https://www.instagram.com/kuankeikevin/,Kevin Kong,647,647,other,public,hub_follower,hub_followers,aogaku_tv,青学TVの公開フォロワー一覧で表示された公開専門職プロフィール。プロフィールに青学明記は未確認,https://www.instagram.com/aogaku_tv/,B,2026-08-19,unknown,not_checked,,公開プロフィールを個別確認。青学との関連はハブ経由のみで初回DM対象外。年齢情報は収集していない
kohei_yosh,https://www.instagram.com/kohei_yosh/,Kohei Yoshimura,803,803,individual,public,hub_follower,hub_followers,aogaku_tv,青学TVの公開フォロワー一覧で表示された公開音楽関係プロフィール。プロフィールに青学明記は未確認,https://www.instagram.com/aogaku_tv/,B,2026-08-19,unknown,not_checked,,公開プロフィールを個別確認。青学との関連はハブ経由のみで初回DM対象外。年齢情報は収集していない
kaibauer2015,https://www.instagram.com/kaibauer2015/,中嶋 隆,278,278,other,public,profile_explicit,hub_followers,aogaku_tv,プロフィールに青山学院大学経営学部卒業と明記した公開個人ブログプロフィール,https://www.instagram.com/kaibauer2015/,A,2026-08-19,unknown,not_checked,,公開プロフィールを個別確認。青学卒業生の自己記載を根拠とし現在の所属は未確認。年齢情報は収集していない
kaitohtht1022,https://www.instagram.com/kaitohtht1022/,KAITO,864,864,individual,public,hub_follower,hub_followers,aogaku_tv,青学TVの公開フォロワー一覧で表示された公開旅行・写真個人プロフィール。プロフィールに青学明記は未確認,https://www.instagram.com/aogaku_tv/,B,2026-08-19,unknown,not_checked,,公開プロフィールを個別確認。青学との関連はハブ経由のみで初回DM対象外。年齢情報は収集していない
lo731,https://www.instagram.com/lo731/,LO,52,52,individual,public,hub_follower,hub_followers,aogaku_tv,青学TVの公開フォロワー一覧で表示された公開個人プロフィール。プロフィールに青学明記は未確認,https://www.instagram.com/aogaku_tv/,B,2026-08-19,unknown,not_checked,,公開プロフィールを個別確認。青学との関連はハブ経由のみで初回DM対象外。年齢情報は収集していない
ltnmrrsn,https://www.instagram.com/ltnmrrsn/,Layton Morrison,742,742,individual,public,hub_follower,hub_followers,aogaku_tv,青学TVの公開フォロワー一覧で表示された公開個人プロフィール。プロフィールに青学明記は未確認,https://www.instagram.com/aogaku_tv/,B,2026-08-19,unknown,not_checked,,公開プロフィールを個別確認。青学との関連はハブ経由のみで初回DM対象外。年齢情報は収集していない
masayo_ito5858,https://www.instagram.com/masayo_ito5858/,伊藤 理代,938,938,individual,public,hub_follower,hub_followers,aogaku_tv,青学TVの公開フォロワー一覧で表示された公開個人プロフィール。プロフィールに青学明記は未確認,https://www.instagram.com/aogaku_tv/,B,2026-08-19,unknown,not_checked,,公開プロフィールを個別確認。青学との関連はハブ経由のみで初回DM対象外。年齢情報は収集していない
mihonaka0830,https://www.instagram.com/mihonaka0830/,Miho Nakane,427,427,individual,public,hub_follower,hub_followers,aogaku_tv,青学TVの公開フォロワー一覧で表示された公開ランナー個人プロフィール。プロフィールに青学明記は未確認,https://www.instagram.com/aogaku_tv/,B,2026-08-19,unknown,not_checked,,公開プロフィールを個別確認。青学との関連はハブ経由のみで初回DM対象外。年齢情報は収集していない
mika1536,https://www.instagram.com/mika1536/,Mika Tanigami,342,342,individual,public,hub_follower,hub_followers,aogaku_tv,青学TVの公開フォロワー一覧で表示された公開個人プロフィール。プロフィールに青学明記は未確認,https://www.instagram.com/aogaku_tv/,B,2026-08-19,unknown,not_checked,,公開プロフィールを個別確認。青学との関連はハブ経由のみで初回DM対象外。年齢情報は収集していない
sino43,https://www.instagram.com/sino43/,shinobu matsuda,671,671,individual,public,hub_follower,hub_followers,aogaku_tv,青学TVの公開フォロワー一覧で表示された公開個人プロフィール。プロフィールに青学明記は未確認,https://www.instagram.com/aogaku_tv/,B,2026-08-19,unknown,not_checked,,公開プロフィールを個別確認。青学との関連はハブ経由のみで初回DM対象外。年齢情報は収集していない
miita7,https://www.instagram.com/miita7/,miita7,14000,1.4万,other,public,hub_follower,hub_followers,aogaku_tv,青学TVの公開フォロワー一覧で表示された公開ペット・日記系プロフィール。プロフィールに青学明記は未確認,https://www.instagram.com/aogaku_tv/,B,2026-08-19,unknown,not_checked,,公開プロフィールを個別確認。青学との関連はハブ経由のみで初回DM対象外。年齢情報は収集していない
yosiyosi15,https://www.instagram.com/yosiyosi15/,Miki Nishimura,233,233,individual,public,hub_follower,hub_followers,aogaku_tv,青学TVの公開フォロワー一覧で表示された公開個人プロフィール。プロフィールに青学明記は未確認,https://www.instagram.com/aogaku_tv/,B,2026-08-19,unknown,not_checked,,公開プロフィールを個別確認。青学との関連はハブ経由のみで初回DM対象外。年齢情報は収集していない
masahiroonodera,https://www.instagram.com/masahiroonodera/,Masahiro Onodera,121,121,individual,public,profile_explicit,hub_followers,aogaku_tv,プロフィールに青山学院大学を含む学歴を明記した公開個人ブログプロフィール,https://www.instagram.com/masahiroonodera/,A,2026-08-19,unknown,not_checked,,公開プロフィールを個別確認。青山学院大学卒の自己記載を根拠とし現在の所属は未確認。年齢情報は収集していない
o_katayama,https://www.instagram.com/o_katayama/,Osamu Katayama,212,212,individual,public,hub_follower,hub_followers,aogaku_tv,青学TVの公開フォロワー一覧で表示された公開個人プロフィール。プロフィールに青学明記は未確認,https://www.instagram.com/aogaku_tv/,B,2026-08-19,unknown,not_checked,,公開プロフィールを個別確認。青学との関連はハブ経由のみで初回DM対象外。年齢情報は収集していない
ouhsinyi,https://www.instagram.com/ouhsinyi/,Hsinyi Ou,149,149,individual,public,hub_follower,hub_followers,aogaku_tv,青学TVの公開フォロワー一覧で表示された公開個人プロフィール。プロフィールに青学明記は未確認,https://www.instagram.com/aogaku_tv/,B,2026-08-19,unknown,not_checked,,公開プロフィールを個別確認。青学との関連はハブ経由のみで初回DM対象外。年齢情報は収集していない
y.ote,https://www.instagram.com/y.ote/,Yumiko,567,567,individual,public,hub_follower,hub_followers,aogaku_tv,青学TVの公開フォロワー一覧で表示された公開個人プロフィール。プロフィールに青学明記は未確認,https://www.instagram.com/aogaku_tv/,B,2026-08-19,unknown,not_checked,,公開プロフィールを個別確認。青学との関連はハブ経由のみで初回DM対象外。年齢情報は収集していない
pipiukan,https://www.instagram.com/pipiukan/,蜗牛,251,251,individual,public,hub_follower,hub_followers,aogaku_tv,青学TVの公開フォロワー一覧で表示された公開個人プロフィール。プロフィールに青学明記は未確認,https://www.instagram.com/aogaku_tv/,B,2026-08-19,unknown,not_checked,,公開プロフィールを個別確認。青学との関連はハブ経由のみで初回DM対象外。年齢情報は収集していない
princecarbon,https://www.instagram.com/princecarbon/,康之 中村,569,569,individual,public,hub_follower,hub_followers,aogaku_tv,青学TVの公開フォロワー一覧で表示された公開個人プロフィール。プロフィールに青学明記は未確認,https://www.instagram.com/aogaku_tv/,B,2026-08-19,unknown,not_checked,,公開プロフィールを個別確認。青学との関連はハブ経由のみで初回DM対象外。年齢情報は収集していない
rutil_quartz_aussie,https://www.instagram.com/rutil_quartz_aussie/,Koji Yoshida,2529,2529,individual,public,hub_follower,hub_followers,aogaku_tv,青学TVの公開フォロワー一覧で表示された公開個人プロフィール。プロフィールに青学明記は未確認,https://www.instagram.com/aogaku_tv/,B,2026-08-19,unknown,not_checked,,公開プロフィールを個別確認。青学との関連はハブ経由のみで初回DM対象外。年齢情報は収集していない
kurokawatakayo,https://www.instagram.com/kurokawatakayo/,千石 貴代,676,676,individual,public,hub_follower,hub_followers,aogaku_tv,青学TVの公開フォロワー一覧で表示された公開個人プロフィール。プロフィールに青学明記は未確認,https://www.instagram.com/aogaku_tv/,B,2026-08-19,unknown,not_checked,,公開プロフィールを個別確認。青学との関連はハブ経由のみで初回DM対象外。年齢情報は収集していない
kiyomi2204,https://www.instagram.com/kiyomi2204/,池田 清美,428,428,individual,public,hub_follower,hub_followers,aogaku_tv,青学TVの公開フォロワー一覧で表示された公開個人プロフィール。プロフィールに青学明記は未確認,https://www.instagram.com/aogaku_tv/,B,2026-08-19,unknown,not_checked,,公開プロフィールを個別確認。青学との関連はハブ経由のみで初回DM対象外。年齢情報は収集していない
rukojp,https://www.instagram.com/rukojp/,RUKO,554,554,individual,public,hub_follower,hub_followers,aogaku_tv,青学TVの公開フォロワー一覧で表示された公開ランナー個人プロフィール。プロフィールに青学明記は未確認,https://www.instagram.com/aogaku_tv/,B,2026-08-19,unknown,not_checked,,公開プロフィールを個別確認。青学との関連はハブ経由のみで初回DM対象外。年齢情報は収集していない
0511.sao,https://www.instagram.com/0511.sao/,saori,675,675,individual,public,hub_follower,hub_followers,aogaku_tv,青学TVの公開フォロワー一覧で表示された公開個人プロフィール。プロフィールに青学明記は未確認,https://www.instagram.com/aogaku_tv/,B,2026-08-19,unknown,not_checked,,公開プロフィールを個別確認。青学との関連はハブ経由のみで初回DM対象外。年齢情報は収集していない
ssssssylviax,https://www.instagram.com/ssssssylviax/,肖雅,116,116,individual,public,hub_follower,hub_followers,aogaku_tv,青学TVの公開フォロワー一覧で表示された公開個人プロフィール。プロフィールに青学明記は未確認,https://www.instagram.com/aogaku_tv/,B,2026-08-19,unknown,not_checked,,公開プロフィールを個別確認。青学との関連はハブ経由のみで初回DM対象外。年齢情報は収集していない
westcoastinmylifeisoftbankjp,https://www.instagram.com/westcoastinmylifeisoftbankjp/,松浦 修,879,879,individual,public,hub_follower,hub_followers,aogaku_tv,青学TVの公開フォロワー一覧で表示された公開個人プロフィール。プロフィールに青学明記は未確認,https://www.instagram.com/aogaku_tv/,B,2026-08-19,unknown,not_checked,,公開プロフィールを個別確認。青学との関連はハブ経由のみで初回DM対象外。年齢情報は収集していない
takuroooooooot,https://www.instagram.com/takuroooooooot/,田口 拓朗,1261,1261,other,public,hub_follower,hub_followers,aogaku_tv,青学TVの公開フォロワー一覧で表示された公開事業者プロフィール。プロフィールに青学明記は未確認,https://www.instagram.com/aogaku_tv/,B,2026-08-19,unknown,not_checked,,公開プロフィールを個別確認。青学との関連はハブ経由のみで初回DM対象外。年齢情報は収集していない
takku26,https://www.instagram.com/takku26/,Takku,388,388,individual,public,hub_follower,hub_followers,aogaku_tv,青学TVの公開フォロワー一覧で表示された公開個人プロフィール。プロフィールに青学明記は未確認,https://www.instagram.com/aogaku_tv/,B,2026-08-19,unknown,not_checked,,公開プロフィールを個別確認。青学との関連はハブ経由のみで初回DM対象外。年齢情報は収集していない
mayu.taki27,https://www.instagram.com/mayu.taki27/,滝澤 真由美,566,566,individual,public,hub_follower,hub_followers,aogaku_tv,青学TVの公開フォロワー一覧で表示された公開個人プロフィール。プロフィールに青学明記は未確認,https://www.instagram.com/aogaku_tv/,B,2026-08-19,unknown,not_checked,,公開プロフィールを個別確認。青学との関連はハブ経由のみで初回DM対象外。年齢情報は収集していない
tan_rico3,https://www.instagram.com/tan_rico3/,tan!_rico,45,45,individual,public,hub_follower,hub_followers,aogaku_tv,青学TVの公開フォロワー一覧で表示された公開個人プロフィール。プロフィールに青学明記は未確認,https://www.instagram.com/aogaku_tv/,B,2026-08-19,unknown,not_checked,,公開プロフィールを個別確認。青学との関連はハブ経由のみで初回DM対象外。年齢情報は収集していない
ken_tet_39_712,https://www.instagram.com/ken_tet_39_712/,けん,1463,1463,individual,public,hub_follower,hub_followers,aogaku_tv,青学TVの公開フォロワー一覧で表示された公開個人プロフィール。プロフィールに青学明記は未確認,https://www.instagram.com/aogaku_tv/,B,2026-08-19,unknown,not_checked,,公開プロフィールを個別確認。青学との関連はハブ経由のみで初回DM対象外。年齢情報は収集していない
urara_t0503,https://www.instagram.com/urara_t0503/,𝚞_𝚝,1375,1375,individual,public,hub_follower,hub_followers,aogaku_tv,青学TVの公開フォロワー一覧で表示された公開個人プロフィール。プロフィールに青学明記は未確認,https://www.instagram.com/aogaku_tv/,B,2026-08-19,unknown,not_checked,,公開プロフィールを個別確認。青学との関連はハブ経由のみで初回DM対象外。年齢情報は収集していない
umamoon,https://www.instagram.com/umamoon/,Saito Takahashi,1092,1092,individual,public,hub_follower,hub_followers,aogaku_tv,青学TVの公開フォロワー一覧で表示された公開個人プロフィール。プロフィールに青学明記は未確認,https://www.instagram.com/aogaku_tv/,B,2026-08-19,unknown,not_checked,,公開プロフィールを個別確認。青学との関連はハブ経由のみで初回DM対象外。年齢情報は収集していない
usatty,https://www.instagram.com/usatty/,usatty,265,265,individual,public,hub_follower,hub_followers,aogaku_tv,青学TVの公開フォロワー一覧で表示された公開個人プロフィール。プロフィールに青学明記は未確認,https://www.instagram.com/aogaku_tv/,B,2026-08-19,unknown,not_checked,,公開プロフィールを個別確認。青学との関連はハブ経由のみで初回DM対象外。年齢情報は収集していない
tomo.mitan_cat,https://www.instagram.com/tomo.mitan_cat/,Tomoko Ueda,66,66,individual,public,hub_follower,hub_followers,aogaku_tv,青学TVの公開フォロワー一覧で表示された公開プロフィール。プロフィールに青学明記は未確認,https://www.instagram.com/aogaku_tv/,B,2026-08-19,unknown,not_checked,,公開プロフィールを個別確認。青学との関連はハブ経由のみで初回DM対象外。年齢情報は収集していない
vivian.chung,https://www.instagram.com/vivian.chung/,Vivian Chung,594,594,individual,public,hub_follower,hub_followers,aogaku_tv,青学TVの公開フォロワー一覧で表示された公開個人プロフィール。プロフィールに青学明記は未確認,https://www.instagram.com/aogaku_tv/,B,2026-08-19,unknown,not_checked,,公開プロフィールを個別確認。青学との関連はハブ経由のみで初回DM対象外。年齢情報は収集していない
vickielee18,https://www.instagram.com/vickielee18/,vickie,1,1,individual,public,hub_follower,hub_followers,aogaku_tv,青学TVの公開フォロワー一覧で表示された公開個人プロフィール。プロフィールに青学明記は未確認,https://www.instagram.com/aogaku_tv/,B,2026-08-19,unknown,not_checked,,公開プロフィールを個別確認。青学との関連はハブ経由のみで初回DM対象外。年齢情報は収集していない
aya_v_v_0912,https://www.instagram.com/aya_v_v_0912/,あや,119,119,individual,public,hub_follower,hub_followers,aogaku_tv,青学TVの公開フォロワー一覧で表示された公開プロフィール。プロフィールに青学明記は未確認,https://www.instagram.com/aogaku_tv/,B,2026-08-19,unknown,not_checked,,公開プロフィールを個別確認。青学との関連はハブ経由のみで初回DM対象外。年齢情報は収集していない
a_chan364v_v,https://www.instagram.com/a_chan364v_v/,a-s912,235,235,individual,public,hub_follower,hub_followers,aogaku_tv,青学TVの公開フォロワー一覧で表示された公開個人プロフィール。プロフィールに青学明記は未確認,https://www.instagram.com/aogaku_tv/,B,2026-08-19,unknown,not_checked,,公開プロフィールを個別確認。青学との関連はハブ経由のみで初回DM対象外。年齢情報は収集していない
7na5_wh,https://www.instagram.com/7na5_wh/,ななこ,26,26,individual,public,hub_follower,hub_followers,aogaku_tv,青学TVの公開フォロワー一覧で表示された公開個人プロフィール。プロフィールに青学明記は未確認,https://www.instagram.com/aogaku_tv/,B,2026-08-19,unknown,not_checked,,公開プロフィールを個別確認。青学との関連はハブ経由のみで初回DM対象外。年齢情報は収集していない
takehikoyamamoto,https://www.instagram.com/takehikoyamamoto/,山本 武彦,614,614,individual,public,hub_follower,hub_followers,aogaku_tv,青学TVの公開フォロワー一覧で表示された公開個人プロフィール。プロフィールに青学明記は未確認,https://www.instagram.com/aogaku_tv/,B,2026-08-19,unknown,not_checked,,公開プロフィールを個別確認。青学との関連はハブ経由のみで初回DM対象外。年齢情報は収集していない
chibaakifumi,https://www.instagram.com/chibaakifumi/,千葉 晃文,369,369,individual,public,hub_follower,hub_followers,aogaku_tv,青学TVの公開フォロワー一覧で表示された公開個人プロフィール。プロフィールに青学明記は未確認,https://www.instagram.com/aogaku_tv/,B,2026-08-19,unknown,not_checked,,公開プロフィールを個別確認。青学との関連はハブ経由のみで初回DM対象外。年齢情報は収集していない
miesque.well,https://www.instagram.com/miesque.well/,角 弘美,442,442,individual,public,hub_follower,hub_followers,aogaku_tv,青学TVの公開フォロワー一覧で表示された公開ランナー個人プロフィール。プロフィールに青学明記は未確認,https://www.instagram.com/aogaku_tv/,B,2026-08-19,unknown,not_checked,,公開プロフィールを個別確認。青学との関連はハブ経由のみで初回DM対象外。年齢情報は収集していない
yuki4067,https://www.instagram.com/yuki4067/,小泉佑樹,731,731,individual,public,hub_follower,hub_followers,aogaku_tv,青学TVの公開フォロワー一覧で表示された公開ランナー個人プロフィール。プロフィールに青学明記は未確認,https://www.instagram.com/aogaku_tv/,B,2026-08-19,unknown,not_checked,,公開プロフィールを個別確認。青学との関連はハブ経由のみで初回DM対象外。年齢情報は収集していない
noonsum,https://www.instagram.com/noonsum/,篠原 一三,981,981,other,public,profile_explicit,hub_followers,aogaku_tv,プロフィールに青山学院大学ボクシング部コーチと明記した公開個人ブログプロフィール,https://www.instagram.com/noonsum/,A,2026-08-19,unknown,not_checked,,公開プロフィールを個別確認。青山学院大学ボクシング部コーチの自己記載を根拠とし公認関係は未確認。年齢情報は収集していない
tada4310310,https://www.instagram.com/tada4310310/,佐藤 正,392,392,individual,public,hub_follower,hub_followers,aogaku_tv,青学TVの公開フォロワー一覧で表示された公開個人プロフィール。プロフィールに青学明記は未確認,https://www.instagram.com/aogaku_tv/,B,2026-08-19,unknown,not_checked,,公開プロフィールを個別確認。青学との関連はハブ経由のみで初回DM対象外。年齢情報は収集していない
priest0115,https://www.instagram.com/priest0115/,朱晏祺,120,120,individual,public,hub_follower,hub_followers,aogaku_tv,青学TVの公開フォロワー一覧で表示された公開個人プロフィール。プロフィールに青学明記は未確認,https://www.instagram.com/aogaku_tv/,B,2026-08-19,unknown,not_checked,,公開プロフィールを個別確認。青学との関連はハブ経由のみで初回DM対象外。年齢情報は収集していない
kinchan_jokun_teamg,https://www.instagram.com/kinchan_jokun_teamg/,金澤 智之,498,498,individual,public,hub_follower,hub_followers,aogaku_tv,青学TVの公開フォロワー一覧で表示された公開個人プロフィール。プロフィールに青学明記は未確認,https://www.instagram.com/aogaku_tv/,B,2026-08-19,unknown,not_checked,,公開プロフィールを個別確認。青学との関連はハブ経由のみで初回DM対象外。年齢情報は収集していない
ytk.yokohama,https://www.instagram.com/ytk.yokohama/,齋藤 裕,355,355,individual,public,hub_follower,hub_followers,aogaku_tv,青学TVの公開フォロワー一覧で表示された公開個人プロフィール。プロフィールに青学明記は未確認,https://www.instagram.com/aogaku_tv/,B,2026-08-19,unknown,not_checked,,公開プロフィールを個別確認。青学との関連はハブ経由のみで初回DM対象外。年齢情報は収集していない
akirarax,https://www.instagram.com/akirarax/,山本 哲,400,400,individual,public,hub_follower,hub_followers,aogaku_tv,青学TVの公開フォロワー一覧で表示された公開個人プロフィール。プロフィールに青学明記は未確認,https://www.instagram.com/aogaku_tv/,B,2026-08-19,unknown,not_checked,,公開プロフィールを個別確認。青学との関連はハブ経由のみで初回DM対象外。年齢情報は収集していない
0722yoko,https://www.instagram.com/0722yoko/,ホテル宿泊・レストラン・アフタヌーンティー,947,947,other,public,hub_follower,hub_followers,aogaku_tv,青学TVの公開フォロワー一覧で表示された公開旅行・宿泊情報プロフィール。プロフィールに青学明記は未確認,https://www.instagram.com/aogaku_tv/,B,2026-08-19,unknown,not_checked,,公開プロフィールを個別確認。青学との関連はハブ経由のみで初回DM対象外。年齢情報は収集していない
sarapol_0419,https://www.instagram.com/sarapol_0419/,สารพล ทองพันธ์,914,914,individual,public,hub_follower,hub_followers,aogaku_tv,青学TVの公開フォロワー一覧で表示された公開個人プロフィール。プロフィールに青学明記は未確認,https://www.instagram.com/aogaku_tv/,B,2026-08-19,unknown,not_checked,,公開プロフィールを個別確認。青学との関連はハブ経由のみで初回DM対象外。年齢情報は収集していない
k.s_0706,https://www.instagram.com/k.s_0706/,清水啓太,209,209,individual,public,hub_follower,hub_followers,aogaku_tv,青学TVの公開フォロワー一覧で表示された公開個人プロフィール。プロフィールに青学明記は未確認,https://www.instagram.com/aogaku_tv/,B,2026-08-19,unknown,not_checked,,公開プロフィールを個別確認。青学との関連はハブ経由のみで初回DM対象外。年齢情報は収集していない
m.5ak_,https://www.instagram.com/m.5ak_/,Misako K,47,47,individual,public,hub_follower,hub_followers,aogaku_tv,青学TVの公開フォロワー一覧で表示された公開個人プロフィール。プロフィールに青学明記は未確認,https://www.instagram.com/aogaku_tv/,B,2026-08-19,unknown,not_checked,,公開プロフィールを個別確認。青学との関連はハブ経由のみで初回DM対象外。年齢情報は収集していない
k.az.k.70,https://www.instagram.com/k.az.k.70/,かずこ,74,74,individual,public,hub_follower,hub_followers,aogaku_tv,青学TVの公開フォロワー一覧で表示された公開個人プロフィール。プロフィールに青学明記は未確認,https://www.instagram.com/aogaku_tv/,B,2026-08-19,unknown,not_checked,,公開プロフィールを個別確認。青学との関連はハブ経由のみで初回DM対象外。年齢情報は収集していない
amiri_riiana,https://www.instagram.com/amiri_riiana/,amiri,1452,1452,individual,public,profile_explicit,hub_followers,agu_info,プロフィールにAoyama universityの在籍を明記,https://www.instagram.com/amiri_riiana/,A,2026-08-19,unknown,not_checked,,公開プロフィールを個別確認。青山学院大学の明記あり。年齢情報は収集していない
rururustar,https://www.instagram.com/rururustar/,福田 徹,316,316,other,public,profile_explicit,hub_followers,agu_info,プロフィールに青山学院大学アントレプレナーシップセンター特任教授と明記,https://www.instagram.com/rururustar/,A,2026-08-19,unknown,not_checked,,公開プロフィールを個別確認。青山学院大学の明記あり。年齢情報は収集していない
bluelinegram,https://www.instagram.com/bluelinegram/,Force243,122,122,other,public,hub_follower,hub_followers,agu_info,青学情報局の公開フォロワー一覧で表示された公開クリエイタープロフィール。プロフィールに青学明記は未確認,https://www.instagram.com/agu_info/,B,2026-08-19,unknown,not_checked,,公開プロフィールを個別確認。青学との関連はハブ経由のみで初回DM対象外。年齢情報は収集していない
ficoandpomum,https://www.instagram.com/ficoandpomum/,F&P Smoothie / 本格スムージーブランド,11000,1.1万,other,public,hub_follower,hub_followers,agu_info,青学情報局の公開フォロワー一覧で表示された公開店舗プロフィール。プロフィールに青学明記は未確認,https://www.instagram.com/agu_info/,B,2026-08-19,unknown,not_checked,,公開プロフィールを個別確認。青学との関連はハブ経由のみで初回DM対象外。年齢情報は収集していない
brambly_hedge.uk,https://www.instagram.com/brambly_hedge.uk/,Yukako,136,136,individual,public,hub_follower,hub_followers,aoyama.hack,青山ハックの公開フォロワー一覧で表示された公開個人プロフィール。プロフィールに青学明記は未確認,https://www.instagram.com/aoyama.hack/,B,2026-08-19,unknown,not_checked,,公開プロフィールを個別確認。青学との関連はハブ経由のみで初回DM対象外。年齢情報は収集していない
kanon.hair,https://www.instagram.com/kanon.hair/,[ kanon ] 韓国ヘア レイヤーカット 透明感カラー,4868,4868,other,public,hub_follower,hub_followers,aoyama.hack,青山ハックの公開フォロワー一覧で表示された公開美容師プロフィール。プロフィールに青学明記は未確認,https://www.instagram.com/aoyama.hack/,B,2026-08-19,unknown,not_checked,,公開プロフィールを個別確認。青学との関連はハブ経由のみで初回DM対象外。年齢情報は収集していない
burochi418,https://www.instagram.com/burochi418/,burochi418,102,102,individual,public,hub_follower,hub_followers,aoyama.hack,青山ハックの公開フォロワー一覧で表示された公開個人プロフィール。プロフィールに青学明記は未確認,https://www.instagram.com/aoyama.hack/,B,2026-08-19,unknown,not_checked,,公開プロフィールを個別確認。青学との関連はハブ経由のみで初回DM対象外。年齢情報は収集していない
satoru0761,https://www.instagram.com/satoru0761/,Satoru │日常のおいしい物や訪れた場所備忘録,536,536,individual,public,hub_follower,hub_followers,aoyama.hack,青山ハックの公開フォロワー一覧で表示された公開個人プロフィール。プロフィールに青学明記は未確認,https://www.instagram.com/aoyama.hack/,B,2026-08-19,unknown,not_checked,,公開プロフィールを個別確認。青学との関連はハブ経由のみで初回DM対象外。年齢情報は収集していない
t.joh5,https://www.instagram.com/t.joh5/,北條 貴之,626,626,individual,public,hub_follower,hub_followers,aoyama.hack,青山ハックの公開フォロワー一覧で表示された公開個人プロフィール。プロフィールに青学明記は未確認,https://www.instagram.com/aoyama.hack/,B,2026-08-19,unknown,not_checked,,公開プロフィールを個別確認。青学との関連はハブ経由のみで初回DM対象外。年齢情報は収集していない
yumi_happy_beauty,https://www.instagram.com/yumi_happy_beauty/,福島 由美｜株式会社由美プロ代表取締役｜ジュエリーサロン&化粧品会社経営｜ビジネスマナー講師歴20年｜元リクルート,2072,2072,other,public,profile_explicit,hub_followers,aoyama.hack,プロフィールに青山学院大学非常勤講師と明記,https://www.instagram.com/yumi_happy_beauty/,A,2026-08-19,unknown,not_checked,,公開プロフィールを個別確認。青山学院大学の明記あり。年齢情報は収集していない
non.916.619,https://www.instagram.com/non.916.619/,non.916.619,314,314,individual,public,hub_follower,hub_followers,aogaku_tv,青学TVの公開フォロワー一覧で表示された公開個人プロフィール。プロフィールに青学明記は未確認,https://www.instagram.com/aogaku_tv/,B,2026-08-19,unknown,not_checked,,公開プロフィールを個別確認。青学との関連はハブ経由のみで初回DM対象外。年齢情報は収集していない
nakatani_ay_61,https://www.instagram.com/nakatani_ay_61/,nakatani_ay_61,2,2,individual,public,hub_follower,hub_followers,aogaku_tv,青学TVの公開フォロワー一覧で表示された公開個人プロフィール。プロフィールに青学明記は未確認,https://www.instagram.com/aogaku_tv/,B,2026-08-19,unknown,not_checked,,公開プロフィールを個別確認。青学との関連はハブ経由のみで初回DM対象外。年齢情報は収集していない
harukun9.6,https://www.instagram.com/harukun9.6/,harukun,47,47,individual,public,hub_follower,hub_followers,aogaku_tv,青学TVの公開フォロワー一覧で表示された公開個人プロフィール。プロフィールに青学明記は未確認,https://www.instagram.com/aogaku_tv/,B,2026-08-19,unknown,not_checked,,公開プロフィールを個別確認。青学との関連はハブ経由のみで初回DM対象外。年齢情報は収集していない
chika__627,https://www.instagram.com/chika__627/,chika__627,46,46,individual,public,hub_follower,hub_followers,aogaku_tv,青学TVの公開フォロワー一覧で表示された公開個人プロフィール。プロフィールに青学明記は未確認,https://www.instagram.com/aogaku_tv/,B,2026-08-19,unknown,not_checked,,公開プロフィールを個別確認。青学との関連はハブ経由のみで初回DM対象外。年齢情報は収集していない
hyns.66,https://www.instagram.com/hyns.66/,Hitomi,102,102,individual,public,hub_follower,hub_followers,aogaku_tv,青学TVの公開フォロワー一覧で表示された公開個人プロフィール。プロフィールに青学明記は未確認,https://www.instagram.com/aogaku_tv/,B,2026-08-19,unknown,not_checked,,公開プロフィールを個別確認。青学との関連はハブ経由のみで初回DM対象外。年齢情報は収集していない
waaa___62,https://www.instagram.com/waaa___62/,waaa___62,90,90,individual,public,hub_follower,hub_followers,aogaku_tv,青学TVの公開フォロワー一覧で表示された公開個人プロフィール。プロフィールに青学明記は未確認,https://www.instagram.com/aogaku_tv/,B,2026-08-19,unknown,not_checked,,公開プロフィールを個別確認。青学との関連はハブ経由のみで初回DM対象外。年齢情報は収集していない
shigemizu.h.64,https://www.instagram.com/shigemizu.h.64/,シゲヒロ,273,273,individual,public,hub_follower,hub_followers,aogaku_tv,青学TVの公開フォロワー一覧で表示された公開個人プロフィール。プロフィールに青学明記は未確認,https://www.instagram.com/aogaku_tv/,B,2026-08-19,unknown,not_checked,,公開プロフィールを個別確認。青学との関連はハブ経由のみで初回DM対象外。年齢情報は収集していない
ayano___it,https://www.instagram.com/ayano___it/,Ayano Ito,604,604,other,public,hub_follower,hub_followers,aoyama_afa,青山ファッション系ハブの公開フォロワー一覧で表示された公開プロフィール。青学明記は未確認,https://www.instagram.com/aoyama_afa/,B,2026-08-19,unknown,not_checked,,公開プロフィールを個別確認。青山ファッション系ハブ経由のみで初回DM対象外。年齢情報は収集していない
apacheyamda,https://www.instagram.com/apacheyamda/,Apache Yamada,606,606,individual,public,hub_follower,hub_followers,aoyama_afa,青山ファッション系ハブの公開フォロワー一覧で表示された公開プロフィール。青学明記は未確認,https://www.instagram.com/aoyama_afa/,B,2026-08-19,unknown,not_checked,,公開プロフィールを個別確認。青山ファッション系ハブ経由のみで初回DM対象外。年齢情報は収集していない
alexisdidmyhair,https://www.instagram.com/alexisdidmyhair/,Riverside CA Hairstylist + Educator | Alexis K.,20000,2万,other,public,hub_follower,hub_followers,aoyama_afa,青山ファッション系ハブの公開フォロワー一覧で表示された公開プロフィール。青学明記は未確認,https://www.instagram.com/aoyama_afa/,B,2026-08-19,unknown,not_checked,,公開プロフィールを個別確認。青山ファッション系ハブ経由のみで初回DM対象外。年齢情報は収集していない
anastasiia_hasulife,https://www.instagram.com/anastasiia_hasulife/,Anastasia Kryachko,1546,1546,individual,public,hub_follower,hub_followers,aoyama_afa,青山ファッション系ハブの公開フォロワー一覧で表示された公開プロフィール。青学明記は未確認,https://www.instagram.com/aoyama_afa/,B,2026-08-19,unknown,not_checked,,公開プロフィールを個別確認。青山ファッション系ハブ経由のみで初回DM対象外。年齢情報は収集していない
harutoasaga,https://www.instagram.com/harutoasaga/,アサガハルト,1056,1056,individual,public,hub_follower,hub_followers,aoyama_afa,青山ファッション系ハブの公開フォロワー一覧で表示された公開プロフィール。青学明記は未確認,https://www.instagram.com/aoyama_afa/,B,2026-08-19,unknown,not_checked,,公開プロフィールを個別確認。青山ファッション系ハブ経由のみで初回DM対象外。年齢情報は収集していない
_itoaoi_,https://www.instagram.com/_itoaoi_/,I T O A O I,3412,3412,other,public,hub_follower,hub_followers,aoyama_afa,青山ファッション系ハブの公開フォロワー一覧で表示された公開クリエイタープロフィール。青学明記は未確認,https://www.instagram.com/aoyama_afa/,B,2026-08-19,unknown,not_checked,,公開プロフィールを個別確認。青山ファッション系ハブ経由のみで初回DM対象外。年齢情報は収集していない
tszk_as,https://www.instagram.com/tszk_as/,TATSUYUKI SUZUKI,11000,1.1万,other,public,hub_follower,hub_followers,aoyama_afa,青山ファッション系ハブの公開フォロワー一覧で表示された公開ファッション業界プロフィール。青学明記は未確認,https://www.instagram.com/aoyama_afa/,B,2026-08-19,unknown,not_checked,,公開プロフィールを個別確認。青山ファッション系ハブ経由のみで初回DM対象外。年齢情報は収集していない
asiashi_ya,https://www.instagram.com/asiashi_ya/,アシャ / Asia,1593,1593,other,public,hub_follower,hub_followers,aoyama_afa,青山ファッション系ハブの公開フォロワー一覧で表示された公開モデルプロフィール。青学明記は未確認,https://www.instagram.com/aoyama_afa/,B,2026-08-19,unknown,not_checked,,公開プロフィールを個別確認。青山ファッション系ハブ経由のみで初回DM対象外。年齢情報は収集していない
cathcorrige,https://www.instagram.com/cathcorrige/,Catherine Bélanger,575,575,individual,public,hub_follower,hub_followers,aoyama_afa,青山ファッション系ハブの公開フォロワー一覧で表示された公開個人プロフィール。青学明記は未確認,https://www.instagram.com/aoyama_afa/,B,2026-08-19,unknown,not_checked,,公開プロフィールを個別確認。青山ファッション系ハブ経由のみで初回DM対象外。年齢情報は収集していない
veteranchi,https://www.instagram.com/veteranchi/,ベテランち,44000,4.4万,other,public,hub_follower,hub_followers,aoyama_afa,青山ファッション系ハブの公開フォロワー一覧で表示された公開クリエイタープロフィール。青学明記は未確認,https://www.instagram.com/aoyama_afa/,B,2026-08-19,unknown,not_checked,,公開プロフィールを個別確認。青山ファッション系ハブ経由のみで初回DM対象外。年齢情報は収集していない
ship.meiji.0114,https://www.instagram.com/ship.meiji.0114/,明治大学ボランティアサークルSHIP,2889,2889,circle_official,public,hub_follower,hub_followers,aoyama_afa,青山ファッション系ハブの公開フォロワー一覧で表示された公開学生サークル。プロフィールは明治大学と明記,https://www.instagram.com/aoyama_afa/,B,2026-08-19,unknown,not_checked,,公開プロフィールを個別確認。青山ファッション系ハブ経由のみで初回DM対象外。年齢情報は収集していない
bunka__lifelong,https://www.instagram.com/bunka__lifelong/,文化服装学院　生涯学習【公式】,10000,1万,student_media,public,hub_follower,hub_followers,aoyama_afa,青山ファッション系ハブの公開フォロワー一覧で表示された公開教育機関プロフィール。青学明記は未確認,https://www.instagram.com/aoyama_afa/,B,2026-08-19,unknown,not_checked,,公開プロフィールを個別確認。青山ファッション系ハブ経由のみで初回DM対象外。年齢情報は収集していない
suwaru_meditation,https://www.instagram.com/suwaru_meditation/,suwaru｜本格的なヨガ×瞑想講座,18000,1.8万,other,public,hub_follower,hub_followers,aoyama_afa,青山ファッション系ハブの公開フォロワー一覧で表示された公開講座プロフィール。青学明記は未確認,https://www.instagram.com/aoyama_afa/,B,2026-08-19,unknown,not_checked,,公開プロフィールを個別確認。青山ファッション系ハブ経由のみで初回DM対象外。年齢情報は収集していない
stefanobronzato,https://www.instagram.com/stefanobronzato/,Stefano bronzato,13000,1.3万,individual,public,hub_follower,hub_followers,aoyama_afa,青山ファッション系ハブの公開フォロワー一覧で表示された公開クリエイタープロフィール。青学明記は未確認,https://www.instagram.com/aoyama_afa/,B,2026-08-19,unknown,not_checked,,公開プロフィールを個別確認。青山ファッション系ハブ経由のみで初回DM対象外。年齢情報は収集していない
ruru_bluebell,https://www.instagram.com/ruru_bluebell/,RuRuBB,2912,2912,individual,public,hub_follower,hub_followers,aoyama_afa,青山ファッション系ハブの公開フォロワー一覧で表示された公開音楽プロフィール。青学明記は未確認,https://www.instagram.com/aoyama_afa/,B,2026-08-19,unknown,not_checked,,公開プロフィールを個別確認。青山ファッション系ハブ経由のみで初回DM対象外。年齢情報は収集していない
beyondctrlman,https://www.instagram.com/beyondctrlman/,ぐる GURU｜車いすバスケLOVER,4079,4079,other,public,hub_follower,hub_followers,aoyama_afa,青山ファッション系ハブの公開フォロワー一覧で表示された公開コミュニティプロフィール。青学明記は未確認,https://www.instagram.com/aoyama_afa/,B,2026-08-19,unknown,not_checked,,公開プロフィールを個別確認。青山ファッション系ハブ経由のみで初回DM対象外。年齢情報は収集していない
japan_wool_s,https://www.instagram.com/japan_wool_s/,日本ウールサステナブル委員会,1116,1116,other,public,hub_follower,hub_followers,aoyama_afa,青山ファッション系ハブの公開フォロワー一覧で表示された公開団体プロフィール。青学明記は未確認,https://www.instagram.com/aoyama_afa/,B,2026-08-19,unknown,not_checked,,公開プロフィールを個別確認。青山ファッション系ハブ経由のみで初回DM対象外。年齢情報は収集していない
sergiio986,https://www.instagram.com/sergiio986/,Sergio Andrés Calderón Sánchez,3211,3211,individual,public,hub_follower,hub_followers,aoyama_afa,青山ファッション系ハブの公開フォロワー一覧で表示された公開個人プロフィール。青学明記は未確認,https://www.instagram.com/aoyama_afa/,B,2026-08-19,unknown,not_checked,,公開プロフィールを個別確認。青山ファッション系ハブ経由のみで初回DM対象外。年齢情報は収集していない
jimichoustudio,https://www.instagram.com/jimichoustudio/,Jimi Chou,2872,2872,other,public,hub_follower,hub_followers,aoyama_afa,青山ファッション系ハブの公開フォロワー一覧で表示された公開クリエイタープロフィール。青学明記は未確認,https://www.instagram.com/aoyama_afa/,B,2026-08-19,unknown,not_checked,,公開プロフィールを個別確認。青山ファッション系ハブ経由のみで初回DM対象外。年齢情報は収集していない
tokyo_trend__collection,https://www.instagram.com/tokyo_trend__collection/,TOKYO TREND COLLECTION,3085,3085,event,public,hub_follower,hub_followers,aoyama_afa,青山ファッション系ハブの公開フォロワー一覧で表示された公開ファッションイベントプロフィール。青学明記は未確認,https://www.instagram.com/aoyama_afa/,B,2026-08-19,unknown,not_checked,,公開プロフィールを個別確認。青山ファッション系ハブ経由のみで初回DM対象外。年齢情報は収集していない
mr5chuo_2026,https://www.instagram.com/mr5chuo_2026/,ミスター中央No.5瀬戸湊,653,653,individual,public,hub_follower,hub_followers,aoyama_afa,青山ファッション系ハブの公開フォロワー一覧で表示された公開ミスターコン候補プロフィール。青学明記は未確認,https://www.instagram.com/aoyama_afa/,B,2026-08-19,unknown,not_checked,,公開プロフィールを個別確認。青山ファッション系ハブ経由のみで初回DM対象外。年齢情報は収集していない
archivesofcollege_aoc,https://www.instagram.com/archivesofcollege_aoc/,Archives of College,1090,1090,student_media,public,hub_follower,hub_followers,aoyama_afa,青山ファッション系ハブの公開フォロワー一覧で表示された公開インカレファッション団体。青学明記は未確認,https://www.instagram.com/aoyama_afa/,B,2026-08-19,unknown,not_checked,,公開プロフィールを個別確認。青山ファッション系ハブ経由のみで初回DM対象外。年齢情報は収集していない
mulb3rry_tree,https://www.instagram.com/mulb3rry_tree/,Catberry :3,708,708,other,public,hub_follower,hub_followers,aoyama_afa,青山ファッション系ハブの公開フォロワー一覧で表示された公開クリエイタープロフィール。青学明記は未確認,https://www.instagram.com/aoyama_afa/,B,2026-08-19,unknown,not_checked,,公開プロフィールを個別確認。青山ファッション系ハブ経由のみで初回DM対象外。年齢情報は収集していない
kawamukai_yusei,https://www.instagram.com/kawamukai_yusei/,川向 悠正/kawamukai yusei,900,900,individual,public,hub_follower,hub_followers,aoyama_afa,青山ファッション系ハブの公開フォロワー一覧で表示された公開モデルプロフィール。青学明記は未確認,https://www.instagram.com/aoyama_afa/,B,2026-08-19,unknown,not_checked,,公開プロフィールを個別確認。青山ファッション系ハブ経由のみで初回DM対象外。年齢情報は収集していない
ethicalcampus,https://www.instagram.com/ethicalcampus/,エシカルキャンパス｜ETHICAL CAMPUS,1773,1773,event,public,hub_follower,hub_followers,aoyama_afa,青山ファッション系ハブの公開フォロワー一覧で表示された公開学生イベントプロフィール。青学明記は未確認,https://www.instagram.com/aoyama_afa/,B,2026-08-19,unknown,not_checked,,公開プロフィールを個別確認。青山ファッション系ハブ経由のみで初回DM対象外。年齢情報は収集していない
d.koide,https://www.instagram.com/d.koide/,小出大二朗,2383,2383,individual,public,hub_follower,hub_followers,aoyama_afa,青山ファッション系ハブの公開フォロワー一覧で表示された公開個人プロフィール。青学明記は未確認,https://www.instagram.com/aoyama_afa/,B,2026-08-19,unknown,not_checked,,公開プロフィールを個別確認。青山ファッション系ハブ経由のみで初回DM対象外。年齢情報は収集していない
erikajackish_tyo,https://www.instagram.com/erikajackish_tyo/,松井 映梨加,2156,2156,other,public,hub_follower,hub_followers,aoyama_afa,青山ファッション系ハブの公開フォロワー一覧で表示された公開ファッション系プロフィール。青学明記は未確認,https://www.instagram.com/aoyama_afa/,B,2026-08-19,unknown,not_checked,,公開プロフィールを個別確認。青山ファッション系ハブ経由のみで初回DM対象外。年齢情報は収集していない
eguchi_yuta,https://www.instagram.com/eguchi_yuta/,Yuta Eguchi,2075,2075,other,public,hub_follower,hub_followers,aoyama_afa,青山ファッション系ハブの公開フォロワー一覧で表示された公開クリエイタープロフィール。青学明記は未確認,https://www.instagram.com/aoyama_afa/,B,2026-08-19,unknown,not_checked,,公開プロフィールを個別確認。青山ファッション系ハブ経由のみで初回DM対象外。年齢情報は収集していない
en___haruka,https://www.instagram.com/en___haruka/,Haruka/En,3803,3803,other,public,hub_follower,hub_followers,aoyama_afa,青山ファッション系ハブの公開フォロワー一覧で表示された公開イベント運営プロフィール。青学明記は未確認,https://www.instagram.com/aoyama_afa/,B,2026-08-19,unknown,not_checked,,公開プロフィールを個別確認。青山ファッション系ハブ経由のみで初回DM対象外。年齢情報は収集していない
eag1et,https://www.instagram.com/eag1et/,諏訪遥,966,966,other,public,hub_follower,hub_followers,aoyama_afa,青山ファッション系ハブの公開フォロワー一覧で表示された公開アーティストプロフィール。青学明記は未確認,https://www.instagram.com/aoyama_afa/,B,2026-08-19,unknown,not_checked,,公開プロフィールを個別確認。青山ファッション系ハブ経由のみで初回DM対象外。年齢情報は収集していない
event_enjoy2022,https://www.instagram.com/event_enjoy2022/,イベントめぐりが趣味です。,1274,1274,other,public,hub_follower,hub_followers,aoyama_afa,青山ファッション系ハブの公開フォロワー一覧で表示された公開イベント・グルメ情報プロフィール。青学明記は未確認,https://www.instagram.com/aoyama_afa/,B,2026-08-19,unknown,not_checked,,公開プロフィールを個別確認。青山ファッション系ハブ経由のみで初回DM対象外。年齢情報は収集していない
ennxoy,https://www.instagram.com/ennxoy/,穂花,478,478,individual,public,hub_follower,hub_followers,aoyama_afa,青山ファッション系ハブの公開フォロワー一覧で表示された公開個人プロフィール。青学明記は未確認,https://www.instagram.com/aoyama_afa/,B,2026-08-19,unknown,not_checked,,公開プロフィールを個別確認。青山ファッション系ハブ経由のみで初回DM対象外。年齢情報は収集していない
stylistshimotorimakiko,https://www.instagram.com/stylistshimotorimakiko/,しもとり(霜鳥)まき子(衣美食住/名刺服スタイリスト),2831,2831,other,public,profile_explicit,hub_followers,aoyama_afa,プロフィールのハイライトに青山学院大学同窓祭2024の参加実績を確認,https://www.instagram.com/stylistshimotorimakiko/,A,2026-08-19,unknown,not_checked,,公開プロフィールを個別確認。青山学院大学との関連表記あり。年齢情報は収集していない
fujimoto0927,https://www.instagram.com/fujimoto0927/,フジモトタカシ( OBF / Liryc ),1628,1628,other,public,hub_follower,hub_followers,aoyama_afa,青山ファッション系ハブの公開フォロワー一覧で表示された公開クリエイタープロフィール。青学明記は未確認,https://www.instagram.com/aoyama_afa/,B,2026-08-19,unknown,not_checked,,公開プロフィールを個別確認。青山ファッション系ハブ経由のみで初回DM対象外。年齢情報は収集していない
wahei_fee,https://www.instagram.com/wahei_fee/,足立和平 @『飯を喰らひて華と告ぐ』全4巻,1115,1115,other,public,hub_follower,hub_followers,aoyama_afa,青山ファッション系ハブの公開フォロワー一覧で表示された公開漫画家プロフィール。青学明記は未確認,https://www.instagram.com/aoyama_afa/,B,2026-08-19,unknown,not_checked,,公開プロフィールを個別確認。青山ファッション系ハブ経由のみで初回DM対象外。年齢情報は収集していない
lico.aoba.818,https://www.instagram.com/lico.aoba.818/,Lico【FunCreator】,2477,2477,other,public,hub_follower,hub_followers,aoyama_afa,青山ファッション系ハブの公開フォロワー一覧で表示された公開モデル・クリエイタープロフィール。青学明記は未確認,https://www.instagram.com/aoyama_afa/,B,2026-08-19,unknown,not_checked,,公開プロフィールを個別確認。青山ファッション系ハブ経由のみで初回DM対象外。年齢情報は収集していない
nezumouse_,https://www.instagram.com/nezumouse_/,Sydney | Japan Food Writer,2737,2737,other,public,hub_follower,hub_followers,aoyama_afa,青山ファッション系ハブの公開フォロワー一覧で表示された公開フードライタープロフィール。青学明記は未確認,https://www.instagram.com/aoyama_afa/,B,2026-08-19,unknown,not_checked,,公開プロフィールを個別確認。青山ファッション系ハブ経由のみで初回DM対象外。年齢情報は収集していない
redyeingproject,https://www.instagram.com/redyeingproject/,Re:dyeingproject 服の黒染め,688,688,other,public,hub_follower,hub_followers,aoyama_afa,青山ファッション系ハブの公開フォロワー一覧で表示された公開ファッション関連プロフィール。青学明記は未確認,https://www.instagram.com/aoyama_afa/,B,2026-08-19,unknown,not_checked,,公開プロフィールを個別確認。青山ファッション系ハブ経由のみで初回DM対象外。年齢情報は収集していない
genyamasaki,https://www.instagram.com/genyamasaki/,山崎 元,917,917,individual,public,hub_follower,hub_followers,aoyama_afa,青山ファッション系ハブの公開フォロワー一覧で表示された公開個人プロフィール。青学明記は未確認,https://www.instagram.com/aoyama_afa/,B,2026-08-19,unknown,not_checked,,公開プロフィールを個別確認。青山ファッション系ハブ経由のみで初回DM対象外。年齢情報は収集していない
tiffanygodoypresents,https://www.instagram.com/tiffanygodoypresents/,Tiffany Godoy Presents,30000,3万,other,public,hub_follower,hub_followers,aoyama_afa,青山ファッション系ハブの公開フォロワー一覧で表示された公開ファッションプロフィール。青学明記は未確認,https://www.instagram.com/aoyama_afa/,B,2026-08-19,unknown,not_checked,,公開プロフィールを個別確認。青山ファッション系ハブ経由のみで初回DM対象外。年齢情報は収集していない
kudotakeru,https://www.instagram.com/kudotakeru/,工藤健,1413,1413,individual,public,hub_follower,hub_followers,aoyama_afa,青山ファッション系ハブの公開フォロワー一覧で表示された公開個人プロフィール。青学明記は未確認,https://www.instagram.com/aoyama_afa/,B,2026-08-19,unknown,not_checked,,公開プロフィールを個別確認。青山ファッション系ハブ経由のみで初回DM対象外。年齢情報は収集していない
gorbatiyy,https://www.instagram.com/gorbatiyy/,sasha,28000,2.8万,other,public,hub_follower,hub_followers,aoyama_afa,青山ファッション系ハブの公開フォロワー一覧で表示された公開モデルプロフィール。青学明記は未確認,https://www.instagram.com/aoyama_afa/,B,2026-08-19,unknown,not_checked,,公開プロフィールを個別確認。青山ファッション系ハブ経由のみで初回DM対象外。年齢情報は収集していない
modeconnews,https://www.instagram.com/modeconnews/,KIRINZ / キリンジ【公式】,6770,6770,event,public,hub_follower,hub_followers,aoyama_afa,青山ファッション系ハブの公開フォロワー一覧で表示された公開オンラインイベント運営プロフィール。青学明記は未確認,https://www.instagram.com/aoyama_afa/,B,2026-08-19,unknown,not_checked,,公開プロフィールを個別確認。青山ファッション系ハブ経由のみで初回DM対象外。年齢情報は収集していない
greyboneoz,https://www.instagram.com/greyboneoz/,O Z,615,615,other,public,hub_follower,hub_followers,aoyama_afa,青山ファッション系ハブの公開フォロワー一覧で表示された公開アーティストプロフィール。青学明記は未確認,https://www.instagram.com/aoyama_afa/,B,2026-08-19,unknown,not_checked,,公開プロフィールを個別確認。青山ファッション系ハブ経由のみで初回DM対象外。年齢情報は収集していない
yukie_gotoh,https://www.instagram.com/yukie_gotoh/,Yukky｜Mirus代表 | 嗅覚思考プロデューサー,642,642,other,public,hub_follower,hub_followers,aoyama_afa,青山ファッション系ハブの公開フォロワー一覧で表示された公開プロデューサープロフィール。青学明記は未確認,https://www.instagram.com/aoyama_afa/,B,2026-08-19,unknown,not_checked,,公開プロフィールを個別確認。青山ファッション系ハブ経由のみで初回DM対象外。年齢情報は収集していない
in2thecity,https://www.instagram.com/in2thecity/,Hiromichi Honda,518,518,individual,public,hub_follower,hub_followers,aoyama_afa,青山ファッション系ハブの公開フォロワー一覧で表示された公開個人プロフィール。青学明記は未確認,https://www.instagram.com/aoyama_afa/,B,2026-08-19,unknown,not_checked,,公開プロフィールを個別確認。青山ファッション系ハブ経由のみで初回DM対象外。年齢情報は収集していない
popthom,https://www.instagram.com/popthom/,窪 浩志,8524,8524,other,public,hub_follower,hub_followers,aoyama_afa,青山ファッション系ハブの公開フォロワー一覧で表示された公開クリエイティブディレクタープロフィール。青学明記は未確認,https://www.instagram.com/aoyama_afa/,B,2026-08-19,unknown,not_checked,,公開プロフィールを個別確認。青山ファッション系ハブ経由のみで初回DM対象外。年齢情報は収集していない
8.r.10,https://www.instagram.com/8.r.10/,HARUTO,791,791,individual,public,hub_follower,hub_followers,aoyama_afa,青山ファッション系ハブの公開フォロワー一覧で表示された公開個人プロフィール。青学明記は未確認,https://www.instagram.com/aoyama_afa/,B,2026-08-19,unknown,not_checked,,公開プロフィールを個別確認。青山ファッション系ハブ経由のみで初回DM対象外。年齢情報は収集していない
__kkkei,https://www.instagram.com/__kkkei/,森 慧太郎 | Keitaro Mori,4969,4969,other,public,hub_follower,hub_followers,aoyama_afa,青山ファッション系ハブの公開フォロワー一覧で表示された公開ウェルネス・プロデューサープロフィール。青学明記は未確認,https://www.instagram.com/aoyama_afa/,B,2026-08-19,unknown,not_checked,,公開プロフィールを個別確認。青山ファッション系ハブ経由のみで初回DM対象外。年齢情報は収集していない
eggoton_annex,https://www.instagram.com/eggoton_annex/,後藤紀弘 N.GOTO｜24上海から帰任,3042,3042,other,public,hub_follower,hub_followers,aogaku.magazine,青学マガジンの公開フォロワー一覧で表示された公開グルメ情報プロフィール。青学明記は未確認,https://www.instagram.com/aogaku.magazine/,B,2026-08-19,unknown,not_checked,,公開プロフィールを個別確認。青学マガジン経由のみで初回DM対象外。年齢情報は収集していない
golden_billie615,https://www.instagram.com/golden_billie615/,masaya10kt,218,218,individual,public,hub_follower,hub_followers,aogaku.magazine,青学マガジンの公開フォロワー一覧で表示された公開写真・音楽鑑賞プロフィール。青学明記は未確認,https://www.instagram.com/aogaku.magazine/,B,2026-08-19,unknown,not_checked,,公開プロフィールを個別確認。青学マガジン経由のみで初回DM対象外。年齢情報は収集していない
beambitious1102,https://www.instagram.com/beambitious1102/,𝑦𝑜𝑘𝑜,919,919,individual,public,hub_follower,hub_followers,aogaku.magazine,青学マガジンの公開フォロワー一覧で表示された公開写真・旅行・カフェ情報プロフィール。青学明記は未確認,https://www.instagram.com/aogaku.magazine/,B,2026-08-19,unknown,not_checked,,公開プロフィールを個別確認。青学マガジン経由のみで初回DM対象外。年齢情報は収集していない
banghongsenyuan,https://www.instagram.com/banghongsenyuan/,森元 邦宏,738,738,individual,public,hub_follower,hub_followers,aogaku.magazine,青学マガジンの公開フォロワー一覧で表示された公開プロフィール。青学明記は未確認,https://www.instagram.com/aogaku.magazine/,B,2026-08-19,unknown,not_checked,,公開プロフィールを個別確認。青学マガジン経由のみで初回DM対象外。年齢情報は収集していない
lana_cellulam_biosteam,https://www.instagram.com/lana_cellulam_biosteam/,【荻窪】小林なおこ｜エステサロンLana,1272,1272,other,public,hub_follower,hub_followers,aogaku.magazine,青学マガジンの公開フォロワー一覧で表示された公開エステサロンプロフィール。青学明記は未確認,https://www.instagram.com/aogaku.magazine/,B,2026-08-19,unknown,not_checked,,公開プロフィールを個別確認。青学マガジン経由のみで初回DM対象外。年齢情報は収集していない
galmousesizerocknroll,https://www.instagram.com/galmousesizerocknroll/,ギャル一口サイズロックン・ロール！らりチョコ,4949,4949,other,public,hub_follower,hub_followers,aogaku.magazine,青学マガジンの公開フォロワー一覧で表示された公開アーティストプロフィール。青学明記は未確認,https://www.instagram.com/aogaku.magazine/,B,2026-08-19,unknown,not_checked,,公開プロフィールを個別確認。青学マガジン経由のみで初回DM対象外。年齢情報は収集していない
morita1786,https://www.instagram.com/morita1786/,森田 崇士,1206,1206,individual,public,hub_follower,hub_followers,aogaku.magazine,青学マガジンの公開フォロワー一覧で表示された公開プロフィール。青学明記は未確認,https://www.instagram.com/aogaku.magazine/,B,2026-08-19,unknown,not_checked,,公開プロフィールを個別確認。青学マガジン経由のみで初回DM対象外。年齢情報は収集していない
nobumasakurihara,https://www.instagram.com/nobumasakurihara/,栗原 宣昌,612,612,individual,public,hub_follower,hub_followers,aogaku.magazine,青学マガジンの公開フォロワー一覧で表示された公開ゴルフ・自動車趣味プロフィール。青学明記は未確認,https://www.instagram.com/aogaku.magazine/,B,2026-08-19,unknown,not_checked,,公開プロフィールを個別確認。青学マガジン経由のみで初回DM対象外。年齢情報は収集していない
carsonst022900,https://www.instagram.com/carsonst022900/,田中 幸二,768,768,individual,public,hub_follower,hub_followers,aogaku.magazine,青学マガジンの公開フォロワー一覧で表示された公開プロフィール。青学明記は未確認,https://www.instagram.com/aogaku.magazine/,B,2026-08-19,unknown,not_checked,,公開プロフィールを個別確認。青学マガジン経由のみで初回DM対象外。年齢情報は収集していない
mjun380,https://www.instagram.com/mjun380/,じゅんちゃん,177,177,other,public,hub_follower,hub_followers,aogaku.magazine,青学マガジンの公開フォロワー一覧で表示された公開地域猫活動プロフィール。青学明記は未確認,https://www.instagram.com/aogaku.magazine/,B,2026-08-19,unknown,not_checked,,公開プロフィールを個別確認。青学マガジン経由のみで初回DM対象外。年齢情報は収集していない
shirochiyan966,https://www.instagram.com/shirochiyan966/,シロちゃん,634,634,individual,public,hub_follower,hub_followers,aogaku.magazine,青学マガジンの公開フォロワー一覧で表示された公開プロフィール。青学明記は未確認,https://www.instagram.com/aogaku.magazine/,B,2026-08-19,unknown,not_checked,,公開プロフィールを個別確認。青学マガジン経由のみで初回DM対象外。年齢情報は収集していない
iwamatsujuku,https://www.instagram.com/iwamatsujuku/,岩松塾｜内申点を上げる塾,718,718,other,public,hub_follower,hub_followers,aogaku.magazine,青学マガジンの公開フォロワー一覧で表示された公開教育サービスプロフィール。青学明記は未確認,https://www.instagram.com/aogaku.magazine/,B,2026-08-19,unknown,not_checked,,公開プロフィールを個別確認。青学マガジン経由のみで初回DM対象外。年齢情報は収集していない
mignonette_lila,https://www.instagram.com/mignonette_lila/,ミニョネットのお店　【Lila】,945,945,other,public,hub_follower,hub_followers,aogaku.magazine,青学マガジンの公開フォロワー一覧で表示された公開人形店プロフィール。青学明記は未確認,https://www.instagram.com/aogaku.magazine/,B,2026-08-19,unknown,not_checked,,公開プロフィールを個別確認。青学マガジン経由のみで初回DM対象外。年齢情報は収集していない
sadanao.s,https://www.instagram.com/sadanao.s/,菅沼定直,2530,2530,individual,public,hub_follower,hub_followers,aogaku.magazine,青学マガジンの公開フォロワー一覧で表示された公開ピアノ・趣味プロフィール。青学明記は未確認,https://www.instagram.com/aogaku.magazine/,B,2026-08-19,unknown,not_checked,,公開プロフィールを個別確認。青学マガジン経由のみで初回DM対象外。年齢情報は収集していない
toraji5957,https://www.instagram.com/toraji5957/,虎児,375,375,individual,public,hub_follower,hub_followers,aogaku.magazine,青学マガジンの公開フォロワー一覧で表示された公開プロフィール。青学明記は未確認,https://www.instagram.com/aogaku.magazine/,B,2026-08-19,unknown,not_checked,,公開プロフィールを個別確認。青学マガジン経由のみで初回DM対象外。年齢情報は収集していない
handmade_ns_garden,https://www.instagram.com/handmade_ns_garden/,handmade N's garden(ハンドメイド エヌズガーデン),1707,1707,other,public,hub_follower,hub_followers,aogaku.magazine,青学マガジンの公開フォロワー一覧で表示された公開ハンドメイド商品サービスプロフィール。青学明記は未確認,https://www.instagram.com/aogaku.magazine/,B,2026-08-19,unknown,not_checked,,公開プロフィールを個別確認。初回DM対象外。年齢情報は収集していない
emtikemi520,https://www.instagram.com/emtikemi520/,佐藤 哲生,271,271,individual,public,hub_follower,hub_followers,aogaku.magazine,青学マガジンの公開フォロワー一覧で表示された公開料理・音楽趣味プロフィール。青学明記は未確認,https://www.instagram.com/aogaku.magazine/,B,2026-08-19,unknown,not_checked,,公開プロフィールを個別確認。青学マガジン経由のみで初回DM対象外。年齢情報は収集していない
study_english_practice,https://www.instagram.com/study_english_practice/,英単語学習(MARCHレベル),9,9,student_media,public,hub_follower,hub_followers,aogaku.magazine,青学マガジンの公開フォロワー一覧で表示された公開受験学習プロフィール。青学明記は未確認,https://www.instagram.com/aogaku.magazine/,B,2026-08-19,unknown,not_checked,,公開プロフィールを個別確認。受験生や未成年者の可能性があるため初回DM対象外。年齢情報は収集していない
elliott.bbx,https://www.instagram.com/elliott.bbx/,エリオット,409,409,individual,public,hub_follower,hub_followers,aogaku.magazine,青学マガジンの公開フォロワー一覧で表示された公開プロフィール。青学明記は未確認,https://www.instagram.com/aogaku.magazine/,B,2026-08-19,unknown,not_checked,,公開プロフィールを個別確認。青学マガジン経由のみで初回DM対象外。年齢情報は収集していない
t.fukudome8,https://www.instagram.com/t.fukudome8/,福留 剛,2204,2204,individual,public,hub_follower,hub_followers,aogaku.magazine,青学マガジンの公開フォロワー一覧で表示された公開ランニング・趣味プロフィール。青学明記は未確認,https://www.instagram.com/aogaku.magazine/,B,2026-08-19,unknown,not_checked,,公開プロフィールを個別確認。青学マガジン経由のみで初回DM対象外。年齢情報は収集していない
meiko_mikuni,https://www.instagram.com/meiko_mikuni/,明光義塾三国ヶ丘教室,313,313,other,public,hub_follower,hub_followers,aogaku.magazine,青学マガジンの公開フォロワー一覧で表示された公開学習塾プロフィール。青学明記は未確認,https://www.instagram.com/aogaku.magazine/,B,2026-08-19,unknown,not_checked,,公開プロフィールを個別確認。青学マガジン経由のみで初回DM対象外。年齢情報は収集していない
hiromune.shimizu,https://www.instagram.com/hiromune.shimizu/,清水啓宗,412,412,individual,public,hub_follower,hub_followers,aogaku.magazine,青学マガジンの公開フォロワー一覧で表示された公開医療福祉・地域活動プロフィール。青学明記は未確認,https://www.instagram.com/aogaku.magazine/,B,2026-08-19,unknown,not_checked,,公開プロフィールを個別確認。青学マガジン経由のみで初回DM対象外。年齢情報は収集していない
satoyan4819,https://www.instagram.com/satoyan4819/,Hisato.Satou/佐藤寿人,1213,1213,other,public,hub_follower,hub_followers,aogaku.magazine,青学マガジンの公開フォロワー一覧で表示された公開写真家プロフィール。青学明記は未確認,https://www.instagram.com/aogaku.magazine/,B,2026-08-19,unknown,not_checked,,公開プロフィールを個別確認。青学マガジン経由のみで初回DM対象外。年齢情報は収集していない
nobuyuki6420,https://www.instagram.com/nobuyuki6420/,N Inoue,2475,2475,individual,public,hub_follower,hub_followers,aogaku.magazine,青学マガジンの公開フォロワー一覧で表示された公開旅行・写真趣味プロフィール。青学明記は未確認,https://www.instagram.com/aogaku.magazine/,B,2026-08-19,unknown,not_checked,,公開プロフィールを個別確認。青学マガジン経由のみで初回DM対象外。年齢情報は収集していない
igc_ars,https://www.instagram.com/igc_ars/,いぐちありさ🌱,1670,1670,individual,public,hub_follower,hub_followers,aogaku_tv,青学TVの公開フォロワー一覧で表示された公開プロフィール。青学明記は未確認,https://www.instagram.com/aogaku_tv/,B,2026-08-19,unknown,not_checked,,公開プロフィールを個別確認。青学TV経由のみで初回DM対象外。年齢情報は収集していない
claudiohoi,https://www.instagram.com/claudiohoi/,claudiohoi,335,335,individual,public,hub_follower,hub_followers,aoyama.hack,青山ハックの公開フォロワー一覧で表示された公開プロフィール。青学明記は未確認,https://www.instagram.com/aoyama.hack/,B,2026-08-19,unknown,not_checked,,公開プロフィールを個別確認。青山ハック経由のみで初回DM対象外。年齢情報は収集していない
_tatsuyauchida_,https://www.instagram.com/_tatsuyauchida_/,内田 達也,1441,1441,other,public,hub_follower,hub_followers,aoyama.hack,青山ハックの公開フォロワー一覧で表示された公開ファッション関連プロフィール。青学明記は未確認,https://www.instagram.com/aoyama.hack/,B,2026-08-19,unknown,not_checked,,公開プロフィールを個別確認。青山ハック経由のみで初回DM対象外。年齢情報は収集していない
sui_spa,https://www.instagram.com/sui_spa/,翠 SUI SPA 【小顔矯正コルギ専門店】,3452,3452,other,public,hub_follower,hub_followers,aoyama.hack,青山ハックの公開フォロワー一覧で表示された公開美容サロンプロフィール。青学明記は未確認,https://www.instagram.com/aoyama.hack/,B,2026-08-19,unknown,not_checked,,公開プロフィールを個別確認。青山ハック経由のみで初回DM対象外。年齢情報は収集していない
casa_angelina_tokyo,https://www.instagram.com/casa_angelina_tokyo/,【カーサアンジェリーナ】桜新町・イタリア食材店・ワイン,2087,2087,other,public,hub_follower,hub_followers,aoyama.hack,青山ハックの公開フォロワー一覧で表示された公開食品店プロフィール。青学明記は未確認,https://www.instagram.com/aoyama.hack/,B,2026-08-19,unknown,not_checked,,公開プロフィールを個別確認。青山ハック経由のみで初回DM対象外。年齢情報は収集していない
sebangou88ban,https://www.instagram.com/sebangou88ban/,井上 高宏,1740,1740,other,public,hub_follower,hub_followers,aoyama.hack,青山ハックの公開フォロワー一覧で表示された公開コンテンツ制作プロフィール。青学明記は未確認,https://www.instagram.com/aoyama.hack/,B,2026-08-19,unknown,not_checked,,公開プロフィールを個別確認。青山ハック経由のみで初回DM対象外。年齢情報は収集していない
hiromi.sasahara.1211,https://www.instagram.com/hiromi.sasahara.1211/,笹原 広美,77000,7.7万,other,public,hub_follower,hub_followers,aoyama.hack,青山ハックの公開フォロワー一覧で表示された公開飲食関連プロフィール。青学明記は未確認,https://www.instagram.com/aoyama.hack/,B,2026-08-19,unknown,not_checked,,公開プロフィールを個別確認。青山ハック経由のみで初回DM対象外。年齢情報は収集していない
todayyokoyama,https://www.instagram.com/todayyokoyama/,横山昴,3180,3180,other,public,hub_follower,hub_followers,aoyama.hack,青山ハックの公開フォロワー一覧で表示された公開講師・ポッドキャスト関連プロフィール。青学明記は未確認,https://www.instagram.com/aoyama.hack/,B,2026-08-19,unknown,not_checked,,公開プロフィールを個別確認。青山ハック経由のみで初回DM対象外。年齢情報は収集していない
masaya_kikuta,https://www.instagram.com/masaya_kikuta/,菊田 将也｜Masaya Kikuta,4898,4898,other,public,hub_follower,hub_followers,aoyama.hack,青山ハックの公開フォロワー一覧で表示された公開キャリア支援プロフィール。青学明記は未確認,https://www.instagram.com/aoyama.hack/,B,2026-08-19,unknown,not_checked,,公開プロフィールを個別確認。青山ハック経由のみで初回DM対象外。年齢情報は収集していない
kmgikiy,https://www.instagram.com/kmgikiy/,Kuma,2257,2257,individual,public,hub_follower,hub_followers,aoyama.hack,青山ハックの公開フォロワー一覧で表示された公開プロフィール。青学明記は未確認,https://www.instagram.com/aoyama.hack/,B,2026-08-19,unknown,not_checked,,公開プロフィールを個別確認。青山ハック経由のみで初回DM対象外。年齢情報は収集していない
lin_linkuankuan,https://www.instagram.com/lin_linkuankuan/,林冠鋐,1040,1040,individual,public,hub_follower,hub_followers,aoyama.hack,青山ハックの公開フォロワー一覧で表示された公開プロフィール。青学明記は未確認,https://www.instagram.com/aoyama.hack/,B,2026-08-19,unknown,not_checked,,公開プロフィールを個別確認。青山ハック経由のみで初回DM対象外。年齢情報は収集していない
1cyyyc1_,https://www.instagram.com/1cyyyc1_/,李,412,412,individual,public,hub_follower,hub_followers,aoyama.hack,青山ハックの公開フォロワー一覧で表示された公開プロフィール。青学明記は未確認,https://www.instagram.com/aoyama.hack/,B,2026-08-19,unknown,not_checked,,公開プロフィールを個別確認。青山ハック経由のみで初回DM対象外。年齢情報は収集していない
mika.monart.nail,https://www.instagram.com/mika.monart.nail/,美花,946,946,other,public,hub_follower,hub_followers,aoyama.hack,青山ハックの公開フォロワー一覧で表示された公開ネイルサロンプロフィール。青学明記は未確認,https://www.instagram.com/aoyama.hack/,B,2026-08-19,unknown,not_checked,,公開プロフィールを個別確認。青山ハック経由のみで初回DM対象外。年齢情報は収集していない
t__8178,https://www.instagram.com/t__8178/,いとん🍧,834,834,individual,public,hub_follower,hub_followers,aoyama.hack,青山ハックの公開フォロワー一覧で表示された公開プロフィール。青学明記は未確認,https://www.instagram.com/aoyama.hack/,B,2026-08-19,unknown,not_checked,,公開プロフィールを個別確認。青山ハック経由のみで初回DM対象外。年齢情報は収集していない
9inqex,https://www.instagram.com/9inqex/,凜,250,250,individual,public,hub_follower,hub_followers,aoyama_afa,青山学院大学ファッション団体AFAの公開フォロワー一覧で表示された公開プロフィール。プロフィールの青学明記は未確認,https://www.instagram.com/aoyama_afa/,B,2026-08-19,unknown,not_checked,,公開プロフィールを個別確認。AFA経由のみで初回DM対象外。年齢情報は収集していない
stgtkr,https://www.instagram.com/stgtkr/,Takeru Setoguchi,554,554,individual,public,hub_follower,hub_followers,aoyama_afa,青山学院大学ファッション団体AFAの公開フォロワー一覧で表示された公開プロフィール。プロフィールには他大学等の記載があり青学明記は未確認,https://www.instagram.com/aoyama_afa/,B,2026-08-19,unknown,not_checked,,公開プロフィールを個別確認。AFA経由のみで初回DM対象外。年齢情報は収集していない
m_u_i__00,https://www.instagram.com/m_u_i__00/,むい,584,584,individual,public,hub_follower,hub_followers,aoyama.hack,青山ハック等の公開フォロワー一覧で表示された公開プロフィール。プロフィールの青学明記は未確認,https://www.instagram.com/aoyama.hack/,B,2026-08-19,unknown,not_checked,,公開プロフィールを個別確認。ハブ経由のみで初回DM対象外。年齢情報は収集していない
crave_shinjyuku,https://www.instagram.com/crave_shinjyuku/,BAR "CRAVE"【クレイブ】,418,418,other,public,hub_follower,hub_followers,aoyama.hack,青山ハックの公開フォロワー一覧で表示された公開店舗プロフィール。青学明記は未確認,https://www.instagram.com/aoyama.hack/,B,2026-08-19,unknown,not_checked,,公開店舗プロフィールを個別確認。ハブ経由のみで初回DM対象外
miiicha._.0912,https://www.instagram.com/miiicha._.0912/,相笠 美優|中高生の居場所『ゆるりば』∕オンライン探究塾『ToiTo』代表,803,803,individual,public,profile_explicit,keyword_search,,自己紹介に青山学院大学の学生団体「ゆるりば」代表と明記,https://www.instagram.com/miiicha._.0912/,A,2026-08-19,unknown,not_checked,,公開プロフィールを個別確認。個人アカウントのため年齢は推測せず初回DM対象外
mami0s,https://www.instagram.com/mami0s/,MAMI OSAWA,51000,5.1万,other,public,hashtag_post,keyword_search,,青山学院大学入学式に関する公開投稿を確認。プロフィールに青学明記は未確認,https://www.instagram.com/p/DH-zBa6SlJB/,B,2026-08-19,unknown,not_checked,,公開投稿のイベント文脈による候補。プロフィールの所属は未確認で初回DM対象外
cafe_sweets_happy,https://www.instagram.com/cafe_sweets_happy/,なつ/現役青学生のカフェログ🌱,557,557,individual,public,profile_explicit,circle_event,aoyama.hack,プロフィールに現役青学生と青学周辺の学生向けカフェ発信を明記,https://www.instagram.com/cafe_sweets_happy/,A,2026-08-19,unknown,not_checked,,公開プロフィールを個別確認。年齢は推測せず初回DM対象外
note.tokyo,https://www.instagram.com/note.tokyo/,note,6205,6205,other,public,mention_or_tag,circle_event,aoyama.hack,青山ハックの青学周辺カフェ紹介投稿で紹介された公開店舗,https://www.instagram.com/aoyama.hack/p/DXVSbZEk8a4/,B,2026-08-19,unknown,not_checked,,公開店舗プロフィールを個別確認。周辺店舗紹介経由で初回DM対象外
ralphscoffee,https://www.instagram.com/ralphscoffee/,Ralph’s Coffee,314000,31.4万,other,public,mention_or_tag,circle_event,aoyama.hack,青山ハックの青学周辺カフェ紹介投稿で紹介された公開店舗,https://www.instagram.com/aoyama.hack/p/DXVSbZEk8a4/,B,2026-08-19,unknown,not_checked,,公開店舗プロフィールを個別確認。周辺店舗紹介経由で初回DM対象外
thecafe_bycadet,https://www.instagram.com/thecafe_bycadet/,THE CAFE by cadet 表参道カフェ,1629,1629,other,public,mention_or_tag,circle_event,aoyama.hack,青山ハックの青学周辺カフェ紹介投稿で紹介された公開店舗,https://www.instagram.com/aoyama.hack/p/DXVSbZEk8a4/,B,2026-08-19,unknown,not_checked,,公開店舗プロフィールを個別確認。周辺店舗紹介経由で初回DM対象外
cafekitsune,https://www.instagram.com/cafekitsune/,Café Kitsuné,286000,28.6万,other,public,mention_or_tag,circle_event,aoyama.hack,青山ハックの青学周辺カフェ紹介投稿で紹介された公開店舗,https://www.instagram.com/aoyama.hack/p/DXVSbZEk8a4/,B,2026-08-19,unknown,not_checked,,公開店舗プロフィールを個別確認。周辺店舗紹介経由で初回DM対象外
lofficielcoffeejapan,https://www.instagram.com/lofficielcoffeejapan/,L'OFFICIEL COFFEE JAPAN,55000,5.5万,other,public,mention_or_tag,circle_event,aoyama.hack,青山ハックの青学周辺カフェ紹介投稿で紹介された公開店舗,https://www.instagram.com/aoyama.hack/p/DXVSbZEk8a4/,B,2026-08-19,unknown,not_checked,,公開店舗プロフィールを個別確認。周辺店舗紹介経由で初回DM対象外
gontrancherrierjp,https://www.instagram.com/gontrancherrierjp/,ゴントラン シェリエ ジャポン,25000,2.5万,other,public,mention_or_tag,circle_event,aoyama.hack,青山ハックの青学周辺カフェ紹介投稿で紹介された公開店舗,https://www.instagram.com/aoyama.hack/p/DXVSbZEk8a4/,B,2026-08-19,unknown,not_checked,,公開店舗プロフィールを個別確認。周辺店舗紹介経由で初回DM対象外
beyondsweets.jp,https://www.instagram.com/beyondsweets.jp/,BEYOND SWEETS/ビヨンドスイーツ「カラダを想うスイーツ専門店」,19000,1.9万,other,public,mention_or_tag,circle_event,aoyama.hack,青山ハックの青学周辺カフェ紹介投稿で紹介された公開店舗,https://www.instagram.com/aoyama.hack/p/DXVSbZEk8a4/,B,2026-08-19,unknown,not_checked,,公開店舗プロフィールを個別確認。周辺店舗紹介経由で初回DM対象外
afternoontea_loveandtable,https://www.instagram.com/afternoontea_loveandtable/,Afternoon Tea LOVE&TABLE,36000,3.6万,other,public,mention_or_tag,circle_event,aoyama.hack,青山ハックの青学周辺カフェ紹介投稿で紹介された公開店舗,https://www.instagram.com/aoyama.hack/p/DXBxroxEydB/,B,2026-08-19,unknown,not_checked,,公開店舗プロフィールを個別確認。周辺店舗紹介経由で初回DM対象外
allee_omotesando,https://www.instagram.com/allee_omotesando/,allée -アレ-,11000,1.1万,other,public,mention_or_tag,circle_event,aoyama.hack,青山ハックの青学周辺カフェ紹介投稿で紹介された公開店舗,https://www.instagram.com/aoyama.hack/p/DXBxroxEydB/,B,2026-08-19,unknown,not_checked,,公開店舗プロフィールを個別確認。周辺店舗紹介経由で初回DM対象外
nie_matsumizaka,https://www.instagram.com/nie_matsumizaka/,nie,8511,8511,other,public,mention_or_tag,circle_event,aoyama.hack,青山ハックの青学周辺カフェ紹介投稿で紹介された公開店舗,https://www.instagram.com/aoyama.hack/p/DXBxroxEydB/,B,2026-08-19,unknown,not_checked,,公開店舗プロフィールを個別確認。周辺店舗紹介経由で初回DM対象外
sotarte_,https://www.instagram.com/sotarte_/,SO TARTE,22000,2.2万,other,public,mention_or_tag,circle_event,aoyama.hack,青山ハックの青学周辺カフェ紹介投稿で紹介された公開店舗,https://www.instagram.com/aoyama.hack/p/DXBxroxEydB/,B,2026-08-19,unknown,not_checked,,公開店舗プロフィールを個別確認。周辺店舗紹介経由で初回DM対象外
urasando_garden,https://www.instagram.com/urasando_garden/,裏参道ガーデン | urasando-garden,3822,3822,other,public,mention_or_tag,circle_event,aoyama.hack,青山ハックの青学周辺カフェ紹介投稿で紹介された公開店舗,https://www.instagram.com/aoyama.hack/p/DXBxroxEydB/,B,2026-08-19,unknown,not_checked,,公開店舗プロフィールを個別確認。周辺店舗紹介経由で初回DM対象外
i.m.donut,https://www.instagram.com/i.m.donut/,𝗜'𝗺 𝗱𝗼𝗻𝘂𝘁 ？,269000,26.9万,other,public,mention_or_tag,circle_event,agu_info,青学情報局の公開投稿で紹介された公開店舗,https://www.instagram.com/agu_info/p/Db2jxicoHRX/,B,2026-08-19,unknown,not_checked,,公開店舗プロフィールを個別確認。青学専属ではないため初回DM対象外
tsurutontan_official,https://www.instagram.com/tsurutontan_official/,【つるとんたん】公式アカウント,63000,6.3万,other,public,mention_or_tag,circle_event,agu_info,青学情報局の公開投稿で紹介された公開店舗,https://www.instagram.com/agu_info/p/DYE3qSpoKsb/,B,2026-08-19,unknown,not_checked,,公開店舗プロフィールを個別確認。青学専属ではないため初回DM対象外
racines_donutandicecream,https://www.instagram.com/racines_donutandicecream/,ラシーヌ ドーナツ&アイスクリーム,15000,1.5万,other,public,mention_or_tag,circle_event,agu_info,青学情報局の公開投稿で紹介された公開店舗,https://www.instagram.com/agu_info/p/DSUNOpOEjPU/,B,2026-08-19,unknown,not_checked,,公開店舗プロフィールを個別確認。青学専属ではないため初回DM対象外
baso_omotesando,https://www.instagram.com/baso_omotesando/,BASO 表参道,7719,7719,other,public,mention_or_tag,circle_event,agu_info,青学情報局の公開投稿で紹介された公開店舗,https://www.instagram.com/agu_info/p/DS1w9l6Egpf/,B,2026-08-19,unknown,not_checked,,公開店舗プロフィールを個別確認。青学専属ではないため初回DM対象外
cbc_restaurant,https://www.instagram.com/cbc_restaurant/,CBC Restaurant,518,518,other,public,mention_or_tag,circle_event,agu_info,青学情報局関連の公開投稿で紹介された公開店舗,https://www.instagram.com/shibuomofoods/p/CvuV6tXONiW/,B,2026-08-19,unknown,not_checked,,公開店舗プロフィールを個別確認。青学専属ではないため初回DM対象外
satsuki_noda816,https://www.instagram.com/satsuki_noda816/,野田 さつき/ Satsuki Noda,8040,8040,individual,public,mention_or_tag,circle_event,agu_info,青学情報局の公開タグ付き投稿で紹介された公開プロフィール。Miss Aoyama 2025 GPの記載を確認,https://www.instagram.com/flatman_japan/reel/DQjJO9IAcFe/,B,2026-08-19,unknown,not_checked,,公開プロフィールを個別確認。年齢は推測せず初回DM対象外
the_b_e_e_t,https://www.instagram.com/the_b_e_e_t/,The Beet（ザ・ビート）都会の喧騒から離れた穴場カフェ,1956,1956,other,public,mention_or_tag,circle_event,agu_info,青学情報局関連の公開投稿で紹介された公開店舗,https://www.instagram.com/shibuomofoods/p/C89nhXlydzT/,B,2026-08-19,unknown,not_checked,,公開店舗プロフィールを個別確認。青学専属ではないため初回DM対象外
andpeople.jinnan,https://www.instagram.com/andpeople.jinnan/,アンドピープル神南店【CAFE and DINING】,1186,1186,other,public,mention_or_tag,circle_event,agu_info,青学情報局関連の公開投稿で紹介された公開店舗,https://www.instagram.com/shibuomofoods/p/CvM2blJJNlH/,B,2026-08-19,unknown,not_checked,,公開店舗プロフィールを個別確認。青学専属ではないため初回DM対象外
chavaty_japan,https://www.instagram.com/chavaty_japan/,CHAVATY チャバティ,37000,3.7万,other,public,mention_or_tag,circle_event,agu_info,青学情報局関連の公開投稿で紹介された公開店舗,https://www.instagram.com/shibuomofoods/p/Cu4OuEZJxkt/,B,2026-08-19,unknown,not_checked,,公開店舗プロフィールを個別確認。青学専属ではないため初回DM対象外
blue.principal,https://www.instagram.com/blue.principal/,BLUE PRINCIPAL,412,412,circle_official,public,profile_explicit,keyword_search,,青山学院大学公認アイドルコピーダンスサークルとプロフィールに明記,https://www.instagram.com/blue.principal/,A,2026-08-19,unknown,not_checked,,公開プロフィールを個別確認。団体アカウントのため個人年齢は対象外
udagawacafe,https://www.instagram.com/udagawacafe/,宇田川カフェ,485,485,other,public,mention_or_tag,circle_event,agu_info,青学情報局の公開投稿で表参道渋谷周辺の店舗として紹介された公開プロフィール,https://www.instagram.com/agu_info/p/DLXJkMjSEpr/,B,2026-08-19,unknown,not_checked,,公開店舗プロフィールを個別確認。青学専属ではないため初回DM対象外
gitanenytokyo,https://www.instagram.com/gitanenytokyo/,GITANE New York ジタン ニューヨーク,6259,6259,other,public,mention_or_tag,circle_event,agu_info,青学情報局の公開投稿で青学周辺の店舗として紹介された公開プロフィール,https://www.instagram.com/agu_info/p/DAK1erdSqj0/,B,2026-08-19,unknown,not_checked,,公開店舗プロフィールを個別確認。青学専属ではないため初回DM対象外
good.cheese.good.pizza,https://www.instagram.com/good.cheese.good.pizza/,GOOD CHEESE GOOD PIZZA,14000,1.4万,other,public,mention_or_tag,circle_event,agu_info,青学情報局の公開投稿で青学周辺の店舗として紹介された公開プロフィール,https://www.instagram.com/agu_info/p/C_rqoFpSnWk/,B,2026-08-19,unknown,not_checked,,公開店舗プロフィールを個別確認。青学専属ではないため初回DM対象外
beets_detox,https://www.instagram.com/beets_detox/,Beets & Detox,85,85,other,public,mention_or_tag,circle_event,agu_info,青学情報局の公開投稿で青山の店舗として紹介された公開プロフィール,https://www.instagram.com/agu_info/p/C-6yCz6ShZL/,B,2026-08-19,unknown,not_checked,,公開店舗プロフィールを個別確認。青学専属ではないため初回DM対象外
bacchus_omotesando,https://www.instagram.com/bacchus_omotesando/,表参道 BACCHUS-バッカス-,2060,2060,other,public,mention_or_tag,circle_event,agu_info,青学情報局の公開投稿で表参道の店舗として紹介された公開プロフィール,https://www.instagram.com/agu_info/p/DCjZMgNS-PJ/,B,2026-08-19,unknown,not_checked,,公開店舗プロフィールを個別確認。青学専属ではないため初回DM対象外
cafe486__,https://www.instagram.com/cafe486__/,Cafe486,6066,6066,other,public,mention_or_tag,circle_event,agu_info,青学情報局の公開投稿で青学周辺の店舗として紹介された公開プロフィール,https://www.instagram.com/agu_info/p/DCBZdr8SU5Y/,B,2026-08-19,unknown,not_checked,,公開店舗プロフィールを個別確認。青学専属ではないため初回DM対象外
the_b_vegan,https://www.instagram.com/the_b_vegan/,THE_B,34000,3.4万,other,public,mention_or_tag,circle_event,agu_info,青学情報局の公開投稿で青学周辺の店舗として紹介された公開プロフィール,https://www.instagram.com/agu_info/p/DDwg0PlTXc0/,B,2026-08-19,unknown,not_checked,,公開店舗プロフィールを個別確認。青学専属ではないため初回DM対象外
tokyojuice,https://www.instagram.com/tokyojuice/,TOKYO JUICE | RAW JUICE,18000,1.8万,other,public,mention_or_tag,circle_event,agu_info,青学情報局の公開投稿で青学周辺の店舗として紹介された公開プロフィール,https://www.instagram.com/agu_info/p/DDwg0PlTXc0/,B,2026-08-19,unknown,not_checked,,公開店舗プロフィールを個別確認。青学専属ではないため初回DM対象外
lanikaijuice_jp,https://www.instagram.com/lanikaijuice_jp/,Lanikai Juice｜ラニカイジュース,10000,1万,other,public,mention_or_tag,circle_event,agu_info,青学情報局の公開投稿で青学周辺の店舗として紹介された公開プロフィール,https://www.instagram.com/agu_info/p/DDwg0PlTXc0/,B,2026-08-19,unknown,not_checked,,公開店舗プロフィールを個別確認。青学専属ではないため初回DM対象外
atoz.cafe_omotesando,https://www.instagram.com/atoz.cafe_omotesando/,A to Z café【公式】,4450,4450,other,public,mention_or_tag,circle_event,agu_info,青学情報局の公開投稿で表参道の店舗として紹介された公開プロフィール,https://www.instagram.com/agu_info/p/DEmcfYRS6dj/,B,2026-08-19,unknown,not_checked,,公開店舗プロフィールを個別確認。青学専属ではないため初回DM対象外
kunugiya,https://www.instagram.com/kunugiya/,功刀屋 kunugjya 新宿御苑店,3904,3904,other,public,mention_or_tag,circle_event,agu_info,青学情報局の公開投稿で青学周辺からアクセスされる店舗として紹介された公開プロフィール,https://www.instagram.com/agu_info/p/DE4oEO9Sony/,B,2026-08-19,unknown,not_checked,,公開店舗プロフィールを個別確認。青学専属ではないため初回DM対象外
risottocurrystandard,https://www.instagram.com/risottocurrystandard/,リゾットカレースタンダード,2011,2011,other,public,mention_or_tag,circle_event,agu_info,青学情報局の公開投稿で青学周辺の店舗として紹介された公開プロフィール,https://www.instagram.com/agu_info/p/DUF7Q34klD6/,B,2026-08-19,unknown,not_checked,,公開店舗プロフィールを個別確認。青学専属ではないため初回DM対象外
nakayoshi_shibuya_stream,https://www.instagram.com/nakayoshi_shibuya_stream/,恵比寿 土鍋炊ごはん なかよし 渋谷ストリーム店,1991,1991,other,public,mention_or_tag,circle_event,agu_info,青学情報局の公開投稿で青山学院大学から近い店舗として紹介された公開プロフィール,https://www.instagram.com/agu_info/p/DNp4avzS6MG/,B,2026-08-19,unknown,not_checked,,公開店舗プロフィールを個別確認。青学専属ではないため初回DM対象外
syndicate_cafe2021,https://www.instagram.com/syndicate_cafe2021/,SYNdicate_cafe,4220,4220,other,public,mention_or_tag,circle_event,agu_info,青学情報局の公開投稿で青学周辺の店舗として紹介された公開プロフィール,https://www.instagram.com/agu_info/p/DDJ9YO_SbgM/,B,2026-08-19,unknown,not_checked,,公開店舗プロフィールを個別確認。青学専属ではないため初回DM対象外
the_cookie_594,https://www.instagram.com/the_cookie_594/,THE COOKIE 594,29000,2.9万,other,public,mention_or_tag,circle_event,agu_info,青学情報局の公開投稿で青学周辺の店舗として紹介された公開プロフィール,https://www.instagram.com/agu_info/p/DDJ9YO_SbgM/,B,2026-08-19,unknown,not_checked,,公開店舗プロフィールを個別確認。青学専属ではないため初回DM対象外
muun_seoul,https://www.instagram.com/muun_seoul/,MuunSeoul,23000,2.3万,other,public,mention_or_tag,circle_event,agu_info,青学情報局の公開投稿で青学周辺の店舗として紹介された公開プロフィール,https://www.instagram.com/agu_info/p/DDJ9YO_SbgM/,B,2026-08-19,unknown,not_checked,,公開店舗プロフィールを個別確認。青学専属ではないため初回DM対象外
coach_japan,https://www.instagram.com/coach_japan/,Coach Japan 公式インスタグラム,92000,9.2万,other,public,mention_or_tag,circle_event,agu_info,青学情報局の公開投稿で青学周辺の店舗として紹介された公開プロフィール,https://www.instagram.com/agu_info/p/DDJ9YO_SbgM/,B,2026-08-19,unknown,not_checked,,公開店舗プロフィールを個別確認。青学専属ではないため初回DM対象外
ethical_interaction,https://www.instagram.com/ethical_interaction/,エシカル・インタラクション,51,51,event,public,mention_or_tag,circle_event,aogaku_tv,青学TVの公開タグ付きイベント投稿で紹介された公開プロフィール,https://www.instagram.com/aogaku_tv/p/DCc4so3Th3i/,B,2026-08-19,unknown,not_checked,,青学TVの公開タグ付きイベント投稿と公開プロフィールを個別確認。青学専属とは断定せず初回DM対象外
briskstand_omotesando,https://www.instagram.com/briskstand_omotesando/,BRISKSTAND OMOTESANDO ブリスクスタンド表参道,806,806,other,public,mention_or_tag,circle_event,agu_info,青学情報局の公開投稿で表参道の店舗として紹介された公開プロフィール,https://www.instagram.com/agu_info/p/DIOmNZoyStM/,B,2026-08-19,unknown,not_checked,,公開店舗プロフィールを個別確認。青学専属ではないため初回DM対象外
emma_lounge,https://www.instagram.com/emma_lounge/,emmalounge,948,948,other,public,mention_or_tag,circle_event,agu_info,青学情報局の公開投稿で青学周辺の店舗として紹介された公開プロフィール,https://www.instagram.com/agu_info/p/DRO6rZ2Eiud/,B,2026-08-19,unknown,not_checked,,公開店舗プロフィールを個別確認。青学専属ではないため初回DM対象外
bykairimano,https://www.instagram.com/bykairimano/,Kairi Mano 眞野海里,918,918,other,public,mention_or_tag,circle_event,aogaku_tv,青学TVの公開タグ付き投稿で紹介された公開プロフィール,https://www.instagram.com/aogaku_tv/reel/DEfUso-ypcV/,B,2026-08-19,unknown,not_checked,,公開プロフィールを個別確認。青学専属とは断定せず初回DM対象外
treefarm2017,https://www.instagram.com/treefarm2017/,TREE FARM,7129,7129,other,public,mention_or_tag,circle_event,aogaku_tv,青学TVの公開タグ付き投稿で紹介された公開プロフィール,https://www.instagram.com/aogaku_tv/reel/DEWh7ywhaom/,B,2026-08-19,unknown,not_checked,,公開プロフィールを個別確認。青学専属とは断定せず初回DM対象外
iam_aoitori,https://www.instagram.com/iam_aoitori/,アオイトリ,26,26,event,public,mention_or_tag,circle_event,aogaku_tv,青学TVの公開タグ付き投稿で紹介された公開プロフィール,https://www.instagram.com/aogaku_tv/p/CM4a7qoH_2N/,B,2026-08-19,unknown,not_checked,,青学TVの公開タグ付き投稿で紹介された公開プロフィール。青学専属とは断定せず初回DM対象外
genchanranning,https://www.instagram.com/genchanranning/,倉本玄太 Kuramoto Genta,8798,8798,individual,public,mention_or_tag,circle_event,aogaku_tv,青学TVの公開タグ付きスポーツ投稿で紹介された公開プロフィール,https://www.instagram.com/aogaku_fitness/p/CDIfjyspU4p/,B,2026-08-19,unknown,not_checked,,公開プロフィールを個別確認。青学専属とは断定せず初回DM対象外
buzzbase.05.22,https://www.instagram.com/buzzbase.05.22/,BuzzBase,59,59,event,public,mention_or_tag,circle_event,aoyama.hack,青山ハックの公開タグ付き投稿で紹介された公開プロフィール,https://www.instagram.com/buzzbase.05.22/p/DY3Sm_CB4A4/,B,2026-08-19,unknown,not_checked,,公開プロフィールを個別確認。青学専属とは断定せず初回DM対象外
japan_streetstyle_,https://www.instagram.com/japan_streetstyle_/,JAPAN STREET STYLE,171000,17.1万,other,public,mention_or_tag,circle_event,aoyama.hack,青山ハックの公開タグ付き投稿で紹介された公開プロフィール,https://www.instagram.com/japan_streetstyle_/p/DVlMxkkEuni/,B,2026-08-19,unknown,not_checked,,公開プロフィールを個別確認。青学専属とは断定せず初回DM対象外
agu_uda_sub,https://www.instagram.com/agu_uda_sub/,宇田ゼミ サブ,62,62,circle_official,public,profile_explicit,keyword_search,,青山学院大学経営学部宇田ゼミとプロフィールに明記,https://www.instagram.com/agu_uda_sub/,A,2026-08-19,unknown,not_checked,,公開プロフィールを個別確認。団体アカウントのため個人年齢は対象外
lvlibuki_otk,https://www.instagram.com/lvlibuki_otk/,大竹実吹,1975,1975,individual,public,profile_explicit,keyword_search,,青山学院大学駅伝部とプロフィールに明記,https://www.instagram.com/lvlibuki_otk/,A,2026-08-19,unknown,not_checked,,公開プロフィールを個別確認。年齢は推測せず対象可否は不明のまま記録
yusuke_kikuchi_0928,https://www.instagram.com/yusuke_kikuchi_0928/,ゆすけ,3627,3627,individual,public,mention_or_tag,hashtag,,青山学院大学社会情報学部ワークショップデザイナー育成プログラム受講を公開投稿で明記,https://www.instagram.com/p/DMFs1j7yAlL/,B,2026-08-19,unknown,not_checked,,公開投稿とプロフィールを個別確認。年齢は推測せず初回DM対象外
kiicar86,https://www.instagram.com/kiicar86/,きぃちゃんネル ☪︎*｡86,2831,2831,individual,public,hashtag_post,hashtag,,青山学院大学と青学に関する公開投稿を確認,https://www.instagram.com/p/C6Yc1LBrBM9/,B,2026-08-19,unknown,not_checked,,公開投稿を個別確認。年齢は推測せず初回DM対象外
miho_kotaki,https://www.instagram.com/miho_kotaki/,みほ,213,213,individual,public,hashtag_post,hashtag,,青山学院大学入学式に関する公開投稿を確認,https://www.instagram.com/p/DWY6Warj6LU/,B,2026-08-19,unknown,not_checked,,公開投稿を個別確認。年齢は推測せず初回DM対象外
jurrrrr__02,https://www.instagram.com/jurrrrr__02/,juria,1616,1616,individual,public,hashtag_post,hashtag,,青山学院大学経営学部経営学科を卒業したことを公開投稿で明記,https://www.instagram.com/p/DWa7JuuARHC/,B,2026-08-19,unknown,not_checked,,公開投稿を個別確認。年齢は推測せず初回DM対象外
kanata_sora7,https://www.instagram.com/kanata_sora7/,kanata sora | お散歩スポット,1005,1005,individual,public,hashtag_post,hashtag,,青山学院大学のオープンキャンパス情報を公開投稿で紹介,https://www.instagram.com/p/DbnWR3Kxul9/,B,2026-08-19,unknown,not_checked,,公開投稿を個別確認。年齢は推測せず初回DM対象外
dendenyuto,https://www.instagram.com/dendenyuto/,田中悠登/福井放送アナウンサー,73000,7.3万,individual,public,profile_explicit,keyword_search,,青山学院から福井放送とプロフィールに明記,https://www.instagram.com/dendenyuto/,A,2026-08-19,unknown,not_checked,,公開プロフィールを個別確認。年齢は推測せず初回DM対象外
kiseaoi_,https://www.instagram.com/kiseaoi_/,KISE,112000,11.2万,individual,public,ambiguous_context,hashtag,,青山学院関連タグの公開投稿を確認したがプロフィールに青学明記なし,https://www.instagram.com/p/DWNXNKvkxnS/,C,2026-08-19,unknown,not_checked,,青学との関連が投稿タグ依存で曖昧。初回DM対象外
4years_media,https://www.instagram.com/4years_media/,4years.,16000,1.6万,student_media,public,mention_or_tag,hashtag,,青山学院の学生スポーツ選手を扱う公開記事投稿を確認,https://www.instagram.com/p/DKhPtBJPtzD/,B,2026-08-19,unknown,not_checked,,青学専属ではない学生スポーツメディア。初回DM対象外
green.ekiden,https://www.instagram.com/green.ekiden/,ミヤオカ,1814,1814,individual,public,hashtag_post,hashtag,,青学駅伝選手に関する公開投稿と青学駅伝タグを確認,https://www.instagram.com/p/DFA-9ScyZ2A/,B,2026-08-19,unknown,not_checked,,公開投稿を個別確認。年齢は推測せず初回DM対象外
_sayaka_eru,https://www.instagram.com/_sayaka_eru/,彩楓/ sayaka,2341,2341,individual,public,hashtag_post,hashtag,,青学卒業に関する公開投稿を確認,https://www.instagram.com/p/DHsLiRUyKWD/,B,2026-08-19,unknown,not_checked,,公開投稿を個別確認。年齢は推測せず初回DM対象外
ren.con.kun,https://www.instagram.com/ren.con.kun/,なかのれん,2695,2695,individual,public,ambiguous_context,hashtag,,青学卒業タグの公開投稿を確認したがプロフィールに青学明記なし,https://www.instagram.com/p/DWLt-HfDyTy/,C,2026-08-19,unknown,not_checked,,青学との関連が投稿タグ依存で曖昧。初回DM対象外
cherry_05ji,https://www.instagram.com/cherry_05ji/,yu ishikawa,1335,1335,individual,public,hashtag_post,hashtag,,青学卒業に関する公開投稿を確認,https://www.instagram.com/p/DH3cU0Cy6Dd/,B,2026-08-19,unknown,not_checked,,公開投稿を個別確認。年齢は推測せず初回DM対象外
kidou_vlog,https://www.instagram.com/kidou_vlog/,キドウ,146000,14.6万,individual,public,ambiguous_context,hashtag,,青山学院関連タグで大学生活の公開投稿を確認したが青学明記なし,https://www.instagram.com/p/Dbfd8e6hdsX/,C,2026-08-19,unknown,not_checked,,青学との関連がタグ依存で曖昧。初回DM対象外
elle_08.18,https://www.instagram.com/elle_08.18/,エル,4921,4921,individual,public,ambiguous_context,hashtag,,青山学院大学入学式タグの公開投稿で大学入学を確認したが青学明記なし,https://www.instagram.com/p/DW6bVXpmG6T/,C,2026-08-19,unknown,not_checked,,青学との関連がタグ依存で曖昧。初回DM対象外
yan_chov,https://www.instagram.com/yan_chov/,ヤン,233000,23.3万,individual,public,ambiguous_context,hashtag,,青山学院関連タグの公開投稿で卒業を確認したが青学明記なし,https://www.instagram.com/p/DH0kWt2Jqu-/,C,2026-08-19,unknown,not_checked,,青学との関連がタグ依存で曖昧。初回DM対象外
fanganato_,https://www.instagram.com/fanganato_/,Jacky,4,4,individual,public,hub_follower,hub_followers,aogaku__for_fresh,青学新入生向けメディアの公開フォロワーとして表示された公開プロフィール,https://www.instagram.com/aogaku__for_fresh/,B,2026-08-19,unknown,not_checked,,プロフィールに青学明記なし。ハブフォロワーのみのため初回DM対象外
ta_mois,https://www.instagram.com/ta_mois/,陽花里,490,490,individual,public,hub_follower,hub_followers,aogaku__for_fresh,青学新入生向けメディアの公開フォロワーとして表示された公開プロフィール,https://www.instagram.com/aogaku__for_fresh/,B,2026-08-19,unknown,not_checked,,プロフィールに青学明記なし。ハブフォロワーのみのため初回DM対象外
ryohei_nsd9692,https://www.instagram.com/ryohei_nsd9692/,Ryohei Nishida,394,394,individual,public,hub_follower,hub_followers,aogaku__for_fresh,青学新入生向けメディアの公開フォロワーとして表示された公開プロフィール,https://www.instagram.com/aogaku__for_fresh/,B,2026-08-19,unknown,not_checked,,プロフィールに青学明記なし。ハブフォロワーのみのため初回DM対象外
yudaiobaka99,https://www.instagram.com/yudaiobaka99/,ゆうだい,413,413,individual,public,hub_follower,hub_followers,aogaku_tv,青学関連メディアの公開フォロワーとして表示された公開プロフィール,https://www.instagram.com/aogaku_tv/,B,2026-08-19,unknown,not_checked,,プロフィールに青学明記なし。ハブフォロワーのみのため初回DM対象外
uruha_029,https://www.instagram.com/uruha_029/,うるは,231,231,individual,public,hub_follower,hub_followers,aoyama.hack,青学関連メディアの公開フォロワーとして表示された公開プロフィール,https://www.instagram.com/aoyama.hack/,B,2026-08-19,unknown,not_checked,,プロフィールに青学明記なし。ハブフォロワーのみのため初回DM対象外
ryu880812,https://www.instagram.com/ryu880812/,ryutoku hachiya,1134,1134,individual,public,profile_explicit,hashtag,,プロフィールに青学とゴルフと野球を明記,https://www.instagram.com/ryu880812/,A,2026-08-19,unknown,not_checked,,公開プロフィールを個別確認。年齢は推測せず初回DM対象外
unauna0417,https://www.instagram.com/unauna0417/,御影宇那,2902,2902,individual,public,hashtag_post,hashtag,,青山学院大学大学院法学研究科を卒業したことを公開投稿で明記,https://www.instagram.com/p/CM7FZjJg6lV/,B,2026-08-19,unknown,not_checked,,公開投稿を個別確認。年齢は推測せず初回DM対象外
chakky.eight,https://www.instagram.com/chakky.eight/,エイト,908,908,individual,public,ambiguous_context,hashtag,,青学入学タグに大学入学投稿が表示されたが大学名の明記はなし,https://www.instagram.com/p/DWn07mdkW6G/,C,2026-08-19,unknown,not_checked,,青学との関連がタグ依存で曖昧。初回DM対象外
shota_09_ht,https://www.instagram.com/shota_09_ht/,翔,519,519,individual,public,mention_or_tag,hashtag,,青山学院大学地球社会共生学部に関する公開投稿を確認,https://www.instagram.com/p/Db0joXChBFH/,B,2026-08-19,unknown,not_checked,,公開投稿を個別確認。プロフィールに青学明記なしのため初回DM対象外
riyo_tomita_official,https://www.instagram.com/riyo_tomita_official/,富田莉代,2373,2373,individual,public,ambiguous_context,hashtag,,青学入学タグに大学入学投稿が表示されたが大学名の明記はなし,https://www.instagram.com/p/DW3kTJ4EQaT/,C,2026-08-19,unknown,not_checked,,青学との関連がタグ依存で曖昧。初回DM対象外
popochan__7,https://www.instagram.com/popochan__7/,ぽぽヂャン💔🪐,1103,1103,individual,public,ambiguous_context,hashtag,,青学入学タグに日本武道館での大学入学式投稿が表示されたが大学名の明記はなし,https://www.instagram.com/p/DW0wg0cjxpe/,C,2026-08-19,unknown,not_checked,,青学との関連がタグ依存で曖昧。年齢は記録せず初回DM対象外
_rina_matsumoto,https://www.instagram.com/_rina_matsumoto/,松本梨菜,2131,2131,individual,public,hashtag_post,hashtag,,青山学院大学法学部を卒業したことを公開投稿で明記,https://www.instagram.com/p/CM_dzLhhEmr/,B,2026-08-19,unknown,not_checked,,公開投稿を個別確認。年齢は推測せず初回DM対象外
mi_yk_9,https://www.instagram.com/mi_yk_9/,miyako,1318,1318,individual,public,hashtag_post,hashtag,,青山学院大学を卒業したことを公開投稿で明記,https://www.instagram.com/p/DHpUtrySvdL/,B,2026-08-19,unknown,not_checked,,公開投稿を個別確認。年齢は推測せず初回DM対象外
_mm75mm_,https://www.instagram.com/_mm75mm_/,Moeka,1068,1068,individual,public,hashtag_post,hashtag,,青山学院大学を卒業したことを公開投稿で確認,https://www.instagram.com/p/DIeEBRzPqne/,B,2026-08-19,unknown,not_checked,,公開投稿を個別確認。年齢は推測せず初回DM対象外
mio_ima49,https://www.instagram.com/mio_ima49/,今井美桜,134000,13.4万,individual,public,hashtag_post,hashtag,,青山学院大学教育人間科学部を卒業したことを公開投稿で明記,https://www.instagram.com/p/B-RnO85HdCv/,B,2026-08-19,unknown,not_checked,,公開投稿を個別確認。個人の連絡先は収集せず初回DM対象外
toook__ooo,https://www.instagram.com/toook__ooo/,徳丸 涼大,9014,9014,individual,public,hashtag_post,hashtag,,青学駅伝タグ付きの卒業投稿を確認,https://www.instagram.com/p/DFpt8Wypz68/,B,2026-08-19,unknown,not_checked,,公開投稿を個別確認。青学専属とは断定せず初回DM対象外
tu__ekiden,https://www.instagram.com/tu__ekiden/,さき,309,309,individual,public,hashtag_post,hashtag,,青山学院大学の駅伝選手に関する公開投稿を確認,https://www.instagram.com/p/DT_9QlGkxoA/,B,2026-08-19,unknown,not_checked,,公開投稿を個別確認。年齢は推測せず初回DM対象外
ll1171r,https://www.instagram.com/ll1171r/,青山学院大学,96,96,other,public,profile_explicit,hashtag,,プロフィールに青山学院大学と明記,https://www.instagram.com/ll1171r/,A,2026-08-19,unknown,not_checked,,公開プロフィールを個別確認。ファンアカウントの可能性があるため初回DM対象外
t.msy_gmo,https://www.instagram.com/t.msy_gmo/,鶴川正也 Masaya Tsurukawa,54000,5.4万,individual,public,hashtag_post,hashtag,,青学駅伝タグ付きの公開投稿と駅伝選手プロフィールを確認,https://www.instagram.com/p/DFMr2xuvKeu/,B,2026-08-19,unknown,not_checked,,公開投稿を個別確認。年齢は推測せず初回DM対象外
s.yun__22,https://www.instagram.com/s.yun__22/,佐藤 有一,12000,1.2万,individual,public,hashtag_post,hashtag,,青学駅伝タグ付きの退寮投稿を確認,https://www.instagram.com/p/DUh5jafkvjK/,B,2026-08-19,unknown,not_checked,,公開投稿を個別確認。年齢は推測せず初回DM対象外
ota.aoi.826,https://www.instagram.com/ota.aoi.826/,青学駅伝部推し💚💚,55,55,other,public,profile_explicit,hashtag,,プロフィールに青学駅伝部ファンと明記,https://www.instagram.com/ota.aoi.826/,B,2026-08-19,unknown,not_checked,,ファンアカウントの可能性があるため初回DM対象外
wakabayashi12345,https://www.instagram.com/wakabayashi12345/,若林宏樹,100000,10万,individual,public,hashtag_post,hashtag,,青山学院大学駅伝部としての卒業投稿を確認,https://www.instagram.com/p/DHpoqTxS7xX/,B,2026-08-19,unknown,not_checked,,公開投稿を個別確認。年齢は推測せず初回DM対象外
tempo.japan,https://www.instagram.com/tempo.japan/,tempo 🇯🇵 - Japanese running culture,68000,6.8万,other,public,hashtag_post,hashtag,,青学駅伝を扱う公開ランニングメディア投稿を確認,https://www.instagram.com/p/DS_72I-Eqzq/,B,2026-08-19,unknown,not_checked,,青学専属ではないメディア。初回DM対象外
